"CountryName","ISOCode","Year","CO2PerCapita","EnergyPerPerson","Coal","Gas","Solar","Wind","Hydro","RenewableShare"
"Afghanistan","AFG","2000","0.052017417","302.595","0.000","0.000","0.000","0.000","65.957","65.957"
"Afghanistan","AFG","2001","0.05270568","236.892","0.000","0.000","0.000","0.000","84.746","84.746"
"Afghanistan","AFG","2002","0.062730715","210.862","0.000","0.000","0.000","0.000","81.159","81.159"
"Afghanistan","AFG","2003","0.068608426","229.968","0.000","0.000","0.000","0.000","67.021","67.021"
"Afghanistan","AFG","2004","0.052513268","204.231","0.000","0.000","0.000","0.000","62.921","62.921"
"Afghanistan","AFG","2005","0.077424295","252.069","0.000","0.000","0.000","0.000","63.441","63.441"
"Afghanistan","AFG","2006","0.08493193","304.421","0.000","0.000","0.000","0.000","76.190","76.190"
"Afghanistan","AFG","2007","0.10806349","354.280","0.000","0.000","0.000","0.000","78.947","78.947"
"Afghanistan","AFG","2008","0.16065209","607.833","0.000","0.000","0.000","0.000","73.973","73.973"
"Afghanistan","AFG","2009","0.23258604","975.048","0.000","0.000","0.000","0.000","82.979","82.979"
"Afghanistan","AFG","2010","0.2957424","1182.892","0.000","0.000","0.000","0.000","79.787","79.787"
"Afghanistan","AFG","2011","0.38877392","1436.114","0.000","0.000","0.000","0.000","76.923","76.923"
"Afghanistan","AFG","2012","0.31842902","1324.121","0.000","0.000","3.409","0.000","80.682","84.091"
"Afghanistan","AFG","2013","0.28117284","1060.793","0.000","0.000","2.703","0.000","77.477","80.180"
"Afghanistan","AFG","2014","0.26523322","868.576","0.000","0.000","2.586","0.000","83.621","86.207"
"Afghanistan","AFG","2015","0.27738428","970.080","0.000","0.000","2.542","0.000","84.746","87.288"
"Afghanistan","AFG","2016","0.24800518","862.791","0.000","0.000","3.306","0.000","84.298","87.603"
"Afghanistan","AFG","2017","0.26089466","829.312","0.000","0.000","3.150","0.000","82.677","85.827"
"Afghanistan","AFG","2018","0.27737236","924.251","0.000","0.000","3.419","0.000","79.487","82.906"
"Afghanistan","AFG","2019","0.27472728","802.613","0.000","0.000","4.673","0.000","78.505","83.178"
"Afghanistan","AFG","2020","0.28458965","702.888","0.000","0.000","7.500","0.000","77.500","85.000"
"Afghanistan","AFG","2021","0.2467185","676.696","0.000","0.000","9.639","0.000","74.699","84.337"
"Albania","ALB","1990","1.6841552","10214.598","0.000","0.000","0.000","0.000","86.364","86.364"
"Albania","ALB","1991","1.3069565","8549.045","0.000","0.000","0.000","0.000","92.147","92.147"
"Albania","ALB","1992","0.7668275","7468.515","0.000","0.000","0.000","0.000","95.000","95.000"
"Albania","ALB","1993","0.71327627","6555.686","0.000","0.000","0.000","0.000","93.768","93.768"
"Albania","ALB","1994","0.5884248","6243.837","0.000","0.000","0.000","0.000","95.685","95.685"
"Albania","ALB","1995","0.64109814","6919.917","0.000","0.000","0.000","0.000","93.960","93.960"
"Albania","ALB","1996","0.62159795","7645.640","0.000","0.000","0.000","0.000","95.659","95.659"
"Albania","ALB","1997","0.47776133","7020.859","0.000","0.000","0.000","0.000","96.176","96.176"
"Albania","ALB","1998","0.5466155","7602.231","0.000","0.000","0.000","0.000","96.282","96.282"
"Albania","ALB","1999","0.9365232","6892.834","0.000","0.000","0.000","0.000","97.417","97.417"
"Albania","ALB","2000","0.9553966","9029.438","0.000","0.000","0.000","0.000","97.015","97.015"
"Albania","ALB","2001","1.0230986","8635.532","0.000","0.000","0.000","0.000","96.438","96.438"
"Albania","ALB","2002","1.1959662","9443.555","0.000","0.000","0.000","0.000","95.604","95.604"
"Albania","ALB","2003","1.3801702","10756.612","0.000","0.000","0.000","0.000","98.084","98.084"
"Albania","ALB","2004","1.3478992","11586.951","0.000","0.000","0.000","0.000","97.653","97.653"
"Albania","ALB","2005","1.3853046","11545.616","0.000","0.000","0.000","0.000","98.701","98.701"
"Albania","ALB","2006","1.2818633","10976.728","0.000","0.000","0.000","0.000","98.214","98.214"
"Albania","ALB","2007","1.3244282","9534.874","0.000","0.000","0.000","0.000","97.527","97.527"
"Albania","ALB","2008","1.4862808","10499.328","0.000","0.000","0.000","0.000","98.172","98.172"
"Albania","ALB","2009","1.4755803","11524.428","0.000","0.000","0.000","0.000","100.000","100.000"
"Albania","ALB","2010","1.6446854","12377.504","0.000","0.000","0.000","0.000","100.000","100.000"
"Albania","ALB","2011","1.7775874","10854.649","0.000","0.000","0.000","0.000","98.554","98.554"
"Albania","ALB","2012","1.6941584","10652.809","0.000","0.000","0.000","0.000","100.000","100.000"
"Albania","ALB","2013","1.8386787","13392.774","0.000","0.000","0.000","0.000","100.000","100.000"
"Albania","ALB","2014","2.091259","11809.461","0.000","0.000","0.000","0.000","100.000","100.000"
"Albania","ALB","2015","1.625643","11824.314","0.000","0.000","0.000","0.000","100.000","100.000"
"Albania","ALB","2016","1.5718573","13823.748","0.000","0.000","0.000","0.000","100.000","100.000"
"Albania","ALB","2017","1.8438027","12802.360","0.000","0.000","0.000","0.000","100.000","100.000"
"Albania","ALB","2018","1.7949029","14609.701","0.000","0.000","0.000","0.000","100.000","100.000"
"Albania","ALB","2019","1.7124815","11585.555","0.000","0.000","0.387","0.000","99.613","100.000"
"Albania","ALB","2020","1.6939825","11158.003","0.000","0.000","0.565","0.000","99.435","100.000"
"Albania","ALB","2021","1.802687","14100.432","0.000","0.000","0.781","0.000","99.219","100.000"
"Algeria","DZA","1990","2.990726","12343.162","","","0.000","0.000","0.838","0.838"
"Algeria","DZA","1991","3.0004637","11942.152","","","0.000","0.000","1.689","1.689"
"Algeria","DZA","1992","2.9774103","11971.857","","","0.000","0.000","1.088","1.088"
"Algeria","DZA","1993","2.9807472","10893.888","","","0.000","0.000","1.818","1.818"
"Algeria","DZA","1994","3.1501276","10807.210","","","0.000","0.000","0.835","0.835"
"Algeria","DZA","1995","3.3686354","10996.016","","","0.000","0.000","0.979","0.979"
"Algeria","DZA","1996","3.4291797","10692.724","","","0.000","0.000","0.654","0.654"
"Algeria","DZA","1997","2.9587216","10105.151","","","0.000","0.000","0.349","0.349"
"Algeria","DZA","1998","3.5183222","10304.176","","","0.000","0.000","0.924","0.924"
"Algeria","DZA","1999","2.9734142","10262.746","","","0.000","0.000","0.820","0.820"
"Algeria","DZA","2000","2.7359807","9746.524","0.000","90.707","0.000","0.000","0.209","0.209"
"Algeria","DZA","2001","2.745478","9961.640","0.000","91.250","0.000","0.000","0.280","0.280"
"Algeria","DZA","2002","2.8238127","10180.350","0.000","90.962","0.000","0.000","0.231","0.231"
"Algeria","DZA","2003","2.923871","10510.461","0.000","90.396","0.000","0.000","0.935","0.935"
"Algeria","DZA","2004","2.7844713","10759.022","0.000","90.915","0.000","0.000","0.851","0.851"
"Algeria","DZA","2005","3.3091779","11113.723","0.000","89.376","0.000","0.000","1.724","1.724"
"Algeria","DZA","2006","3.0870595","11341.980","0.000","91.546","0.000","0.000","0.664","0.664"
"Algeria","DZA","2007","3.1456718","11759.701","0.000","90.535","0.000","0.000","0.629","0.629"
"Algeria","DZA","2008","3.119057","12252.297","0.000","90.087","0.000","0.000","0.740","0.740"
"Algeria","DZA","2009","3.277727","12753.120","0.000","91.052","0.000","0.000","0.829","0.829"
"Algeria","DZA","2010","3.25651","12243.156","0.000","92.277","0.000","0.000","0.395","0.395"
"Algeria","DZA","2011","3.3795078","12710.541","0.000","91.156","0.000","0.000","1.038","1.038"
"Algeria","DZA","2012","3.6017866","13624.909","0.000","91.719","0.000","0.000","1.149","1.149"
"Algeria","DZA","2013","3.6844282","14130.735","0.000","91.264","0.000","0.000","0.586","0.586"
"Algeria","DZA","2014","3.8881397","15108.635","0.000","91.424","0.000","0.000","0.414","0.414"
"Algeria","DZA","2015","4.0060844","15616.311","0.000","92.053","0.093","0.031","0.216","0.340"
"Algeria","DZA","2016","3.8752885","15295.143","0.000","91.703","0.135","0.045","0.329","0.509"
"Algeria","DZA","2017","3.9638858","15164.000","0.000","90.769","0.797","0.014","0.084","0.895"
"Algeria","DZA","2018","4.104483","15971.084","0.000","91.262","0.902","0.014","0.166","1.082"
"Algeria","DZA","2019","4.2135787","16259.053","0.000","91.981","0.887","0.013","0.196","1.095"
"Algeria","DZA","2020","3.8857946","14933.807","0.000","91.709","0.907","0.014","0.069","0.990"
"Algeria","DZA","2021","4.0668306","15914.461","0.000","92.093","1.045","0.013","0.116","1.174"
"Algeria","DZA","2022","4.238998","15252.127","","","0.744","0.011","0.084","0.839"
"American Samoa","ASM","2000","","39429.848","0.000","0.000","0.000","0.000","0.000","0.000"
"American Samoa","ASM","2001","","39368.348","0.000","0.000","0.000","0.000","0.000","0.000"
"American Samoa","ASM","2002","","40120.078","0.000","0.000","0.000","0.000","0.000","0.000"
"American Samoa","ASM","2003","","40284.816","0.000","0.000","0.000","0.000","0.000","0.000"
"American Samoa","ASM","2004","","40500.730","0.000","0.000","0.000","0.000","0.000","0.000"
"American Samoa","ASM","2005","","43305.367","0.000","0.000","0.000","0.000","0.000","0.000"
"American Samoa","ASM","2006","","44364.801","0.000","0.000","0.000","0.000","0.000","0.000"
"American Samoa","ASM","2007","","44722.695","0.000","0.000","0.000","0.000","0.000","0.000"
"American Samoa","ASM","2008","","45240.664","0.000","0.000","0.000","0.000","0.000","0.000"
"American Samoa","ASM","2009","","45543.090","0.000","0.000","0.000","0.000","0.000","0.000"
"American Samoa","ASM","2010","","45970.539","0.000","0.000","0.000","0.000","0.000","0.000"
"American Samoa","ASM","2011","","26492.090","0.000","0.000","0.000","0.000","0.000","0.000"
"American Samoa","ASM","2012","","26916.025","0.000","0.000","0.000","0.000","0.000","0.000"
"American Samoa","ASM","2013","","27255.666","0.000","0.000","0.000","0.000","0.000","0.000"
"American Samoa","ASM","2014","","27663.885","0.000","0.000","0.000","0.000","0.000","0.000"
"American Samoa","ASM","2015","","28115.486","0.000","0.000","0.000","0.000","0.000","0.000"
"American Samoa","ASM","2016","","28760.439","0.000","0.000","0.000","0.000","0.000","0.000"
"American Samoa","ASM","2017","","29360.256","0.000","0.000","0.000","0.000","0.000","0.000"
"American Samoa","ASM","2018","","29987.857","0.000","0.000","0.000","0.000","0.000","0.000"
"American Samoa","ASM","2019","","30681.020","0.000","0.000","0.000","0.000","0.000","0.000"
"American Samoa","ASM","2020","","29946.838","0.000","0.000","0.000","0.000","0.000","0.000"
"American Samoa","ASM","2021","","35426.699","0.000","0.000","0.000","0.000","0.000","0.000"
"Angola","AGO","2000","0.98766494","1979.256","0.000","0.000","0.000","0.000","64.286","64.286"
"Angola","AGO","2001","0.94991744","2079.732","0.000","0.000","0.000","0.000","63.522","63.522"
"Angola","AGO","2002","0.92799395","2143.528","0.000","0.000","0.000","0.000","66.082","66.082"
"Angola","AGO","2003","0.97440386","2298.902","0.000","0.000","0.000","0.000","63.402","63.402"
"Angola","AGO","2004","0.914801","2454.670","0.000","0.000","0.000","0.000","79.358","79.358"
"Angola","AGO","2005","0.79760987","2016.852","0.000","0.000","0.000","0.000","80.586","80.586"
"Angola","AGO","2006","0.8565874","2453.247","0.000","0.000","0.000","0.000","81.481","81.481"
"Angola","AGO","2007","0.8464459","2719.060","0.000","0.000","0.000","0.000","78.413","78.413"
"Angola","AGO","2008","0.8689214","3072.024","0.000","0.000","0.000","0.000","76.355","76.355"
"Angola","AGO","2009","0.92208517","3368.836","0.000","0.000","0.000","0.000","66.522","66.522"
"Angola","AGO","2010","0.9866278","3560.094","0.000","0.000","0.188","0.000","68.985","69.173"
"Angola","AGO","2011","0.9660866","3594.490","0.000","0.000","0.181","0.000","71.790","71.971"
"Angola","AGO","2012","1.0303273","3615.524","0.000","0.000","0.166","0.000","61.857","62.023"
"Angola","AGO","2013","0.9825774","3897.913","0.000","0.000","0.125","0.000","59.222","59.348"
"Angola","AGO","2014","0.9606558","4135.047","0.000","0.000","0.217","0.000","54.121","56.833"
"Angola","AGO","2015","0.9768244","4159.578","0.000","0.000","0.215","0.000","54.135","56.713"
"Angola","AGO","2016","0.87261665","3661.551","0.000","0.000","0.196","0.000","56.415","58.864"
"Angola","AGO","2017","0.7805891","3370.896","0.000","11.891","0.187","0.000","70.974","72.004"
"Angola","AGO","2018","0.7437751","3366.393","0.000","9.743","0.156","0.000","76.306","77.163"
"Angola","AGO","2019","0.6860121","3667.424","0.000","11.948","0.130","0.000","70.584","71.558"
"Angola","AGO","2020","0.49473175","3527.160","0.000","11.392","0.121","0.000","72.031","72.936"
"Angola","AGO","2021","0.5565367","2791.332","0.000","12.234","0.122","0.000","69.994","70.968"
"Antigua and Barbuda","ATG","2000","4.7432637","28457.223","0.000","0.000","0.000","0.000","0.000","0.000"
"Antigua and Barbuda","ATG","2001","4.9121737","28025.289","0.000","0.000","0.000","0.000","0.000","0.000"
"Antigua and Barbuda","ATG","2002","5.230957","29660.344","0.000","0.000","0.000","0.000","0.000","0.000"
"Antigua and Barbuda","ATG","2003","5.550375","30824.252","0.000","0.000","0.000","0.000","0.000","0.000"
"Antigua and Barbuda","ATG","2004","5.723982","31622.059","0.000","0.000","0.000","0.000","0.000","0.000"
"Antigua and Barbuda","ATG","2005","6.027829","31734.295","0.000","0.000","0.000","0.000","0.000","0.000"
"Antigua and Barbuda","ATG","2006","6.408216","32290.607","0.000","0.000","0.000","0.000","0.000","0.000"
"Antigua and Barbuda","ATG","2007","6.54638","33375.836","0.000","0.000","0.000","0.000","0.000","0.000"
"Antigua and Barbuda","ATG","2008","6.4950438","33637.074","0.000","0.000","0.000","0.000","0.000","0.000"
"Antigua and Barbuda","ATG","2009","6.614897","34709.180","0.000","0.000","0.000","0.000","0.000","0.000"
"Antigua and Barbuda","ATG","2010","6.440348","33104.539","0.000","0.000","0.000","0.000","0.000","0.000"
"Antigua and Barbuda","ATG","2011","6.3223624","32616.084","0.000","0.000","0.000","0.000","0.000","0.000"
"Antigua and Barbuda","ATG","2012","6.3813004","33159.371","0.000","0.000","0.000","0.000","0.000","0.000"
"Antigua and Barbuda","ATG","2013","6.32341","32853.875","0.000","0.000","0.000","0.000","0.000","0.000"
"Antigua and Barbuda","ATG","2014","6.396648","33313.000","0.000","0.000","0.000","0.000","0.000","0.000"
"Antigua and Barbuda","ATG","2015","6.474005","33830.762","0.000","0.000","3.030","0.000","0.000","3.030"
"Antigua and Barbuda","ATG","2016","6.596666","34089.410","0.000","0.000","0.000","0.000","0.000","0.000"
"Antigua and Barbuda","ATG","2017","6.640982","32233.041","0.000","0.000","3.030","0.000","0.000","3.030"
"Antigua and Barbuda","ATG","2018","6.768622","33026.227","0.000","0.000","3.030","0.000","0.000","3.030"
"Antigua and Barbuda","ATG","2019","6.9769855","33027.516","0.000","0.000","2.941","0.000","0.000","2.941"
"Antigua and Barbuda","ATG","2020","6.700688","27785.227","0.000","0.000","6.061","0.000","0.000","6.061"
"Antigua and Barbuda","ATG","2021","6.8632064","29464.332","0.000","0.000","5.714","0.000","0.000","5.714"
"Argentina","ARG","1990","3.424979","15718.703","1.294","38.917","0.000","0.000","34.728","34.989"
"Argentina","ARG","1991","3.5427592","15747.927","1.719","38.933","0.000","0.000","29.467","29.710"
"Argentina","ARG","1992","3.606454","16661.842","1.486","37.063","0.000","0.000","34.158","34.390"
"Argentina","ARG","1993","3.4556832","16981.766","1.907","35.550","0.000","0.000","38.417","38.572"
"Argentina","ARG","1994","3.423716","17651.035","3.578","34.622","0.000","0.000","41.582","41.732"
"Argentina","ARG","1995","3.576146","17977.289","2.841","39.453","0.000","0.000","39.458","39.635"
"Argentina","ARG","1996","3.7012532","18568.533","2.748","46.654","0.000","0.014","32.213","32.546"
"Argentina","ARG","1997","3.8004286","18560.301","2.617","44.421","0.000","0.020","38.537","38.804"
"Argentina","ARG","1998","3.8354225","18999.846","2.438","46.195","0.000","0.044","35.696","36.019"
"Argentina","ARG","1999","4.031685","18990.684","2.608","56.638","0.000","0.043","26.499","26.867"
"Argentina","ARG","2000","3.8521757","18849.811","1.971","53.935","0.000","0.047","33.419","33.889"
"Argentina","ARG","2001","3.588163","18210.119","1.480","47.046","0.000","0.058","42.375","42.826"
"Argentina","ARG","2002","3.2850976","17275.256","0.937","47.110","0.000","0.086","43.734","44.436"
"Argentina","ARG","2003","3.4983344","18326.521","0.998","50.942","0.000","0.091","37.974","39.006"
"Argentina","ARG","2004","4.050791","19261.457","1.651","54.311","0.000","0.073","31.498","32.428"
"Argentina","ARG","2005","4.123947","20232.844","2.033","51.983","0.000","0.079","33.373","34.305"
"Argentina","ARG","2006","4.4001102","21038.723","1.768","49.982","0.000","0.063","33.725","34.713"
"Argentina","ARG","2007","4.3422694","21708.369","2.093","53.893","0.000","0.054","27.118","28.128"
"Argentina","ARG","2008","4.64068","21780.381","1.586","53.447","0.000","0.035","26.240","27.259"
"Argentina","ARG","2009","4.3661532","20954.271","1.436","50.516","0.000","0.034","28.831","29.837"
"Argentina","ARG","2010","4.507803","21507.703","2.374","50.159","0.000","0.025","27.599","28.761"
"Argentina","ARG","2011","4.550224","21894.867","2.232","51.992","0.000","0.049","25.279","26.420"
"Argentina","ARG","2012","4.5471244","22494.715","1.927","55.467","0.008","0.637","22.309","24.035"
"Argentina","ARG","2013","4.4507732","23152.588","1.685","52.778","0.008","0.763","24.571","26.476"
"Argentina","ARG","2014","4.3821793","22881.006","1.821","54.472","0.015","0.470","24.528","26.075"
"Argentina","ARG","2015","4.4117293","23046.873","1.626","53.930","0.007","0.428","23.180","24.653"
"Argentina","ARG","2016","4.3284545","22726.455","1.303","56.896","0.007","0.387","21.054","22.214"
"Argentina","ARG","2017","4.223813","22503.818","1.371","62.156","0.014","0.440","22.703","24.103"
"Argentina","ARG","2018","4.0865293","22163.160","1.373","64.211","0.079","1.002","22.863","25.016"
"Argentina","ARG","2019","4.011869","20725.168","0.826","64.749","0.593","3.717","20.524","26.006"
"Argentina","ARG","2020","3.6425223","19314.066","1.118","60.091","0.959","6.720","17.492","26.714"
"Argentina","ARG","2021","4.1974697","21328.186","1.895","60.669","1.479","8.733","13.765","25.348"
"Argentina","ARG","2022","4.047052","21994.422","1.872","56.205","2.025","9.758","18.201","31.426"
"Armenia","ARM","2000","1.117025","9270.454","0.000","45.018","0.000","0.000","22.242","22.242"
"Armenia","ARM","2001","1.1453632","9219.866","0.000","47.038","0.000","0.000","17.235","17.235"
"Armenia","ARM","2002","1.0069239","8911.608","0.000","28.407","0.000","0.000","31.478","31.478"
"Armenia","ARM","2003","1.1370804","9866.072","0.000","27.447","0.000","0.000","37.620","37.620"
"Armenia","ARM","2004","1.2212219","10294.192","0.000","29.153","0.000","0.000","33.559","33.559"
"Armenia","ARM","2005","1.4556371","11997.367","0.000","28.811","0.000","0.000","29.313","29.313"
"Armenia","ARM","2006","1.4719211","12061.231","0.000","24.733","0.000","0.000","32.206","32.206"
"Armenia","ARM","2007","1.7144572","13633.888","0.000","25.090","0.000","0.000","32.796","32.796"
"Armenia","ARM","2008","1.8833776","13250.285","0.000","25.960","0.000","0.000","32.541","32.541"
"Armenia","ARM","2009","1.4814032","11915.396","0.000","20.112","0.000","0.000","37.244","37.244"
"Armenia","ARM","2010","1.4521643","13351.512","0.000","21.845","0.000","0.162","40.939","41.100"
"Armenia","ARM","2011","1.6997676","14139.787","0.000","31.825","0.000","0.000","34.795","34.795"
"Armenia","ARM","2012","1.9668759","15057.879","0.000","41.919","0.000","0.000","30.223","30.223"
"Armenia","ARM","2013","1.8939531","14838.981","0.000","40.822","0.000","0.000","29.452","29.452"
"Armenia","ARM","2014","1.917619","15185.130","0.000","42.156","0.000","0.000","26.876","26.876"
"Armenia","ARM","2015","1.8722591","14124.947","0.000","35.637","0.000","0.000","29.539","29.539"
"Armenia","ARM","2016","1.7838441","14289.046","0.000","34.964","0.000","0.000","33.525","33.525"
"Armenia","ARM","2017","1.8993666","15302.439","0.000","36.685","0.000","0.000","30.571","30.571"
"Armenia","ARM","2018","2.000749","15133.982","0.000","42.954","0.271","0.000","31.030","31.301"
"Armenia","ARM","2019","2.1639683","16179.096","0.000","39.178","0.822","0.000","32.192","33.014"
"Armenia","ARM","2020","2.3505504","17086.047","0.000","40.000","1.879","0.000","23.893","25.772"
"Armenia","ARM","2021","2.5609183","17684.547","0.000","43.443","1.230","0.000","30.055","31.284"
"Aruba","ABW","2000","26.787004","49568.207","0.000","0.000","0.000","0.000","0.000","0.000"
"Aruba","ABW","2001","26.652435","50392.613","0.000","0.000","0.000","0.000","0.000","0.000"
"Aruba","ABW","2002","26.660248","51469.320","0.000","0.000","0.000","0.000","0.000","0.000"
"Aruba","ABW","2003","27.74074","56750.387","0.000","0.000","0.000","0.000","0.000","0.000"
"Aruba","ABW","2004","28.062775","58649.285","0.000","0.000","0.000","0.000","0.000","0.000"
"Aruba","ABW","2005","28.809982","62704.926","0.000","0.000","0.000","0.000","0.000","0.000"
"Aruba","ABW","2006","28.42007","61848.480","0.000","0.000","0.000","0.000","0.000","0.000"
"Aruba","ABW","2007","29.204588","62959.137","0.000","0.000","0.000","0.000","0.000","0.000"
"Aruba","ABW","2008","27.157389","58413.715","0.000","0.000","0.000","0.000","0.000","0.000"
"Aruba","ABW","2009","26.525524","57522.297","0.000","0.000","0.000","3.333","0.000","3.333"
"Aruba","ABW","2010","25.029972","53389.605","0.000","0.000","0.000","12.360","0.000","12.360"
"Aruba","ABW","2011","24.706015","42076.207","0.000","0.000","0.000","12.500","0.000","12.500"
"Aruba","ABW","2012","13.21249","52292.039","0.000","0.000","0.000","16.092","0.000","16.092"
"Aruba","ABW","2013","8.394657","50264.645","0.000","0.000","0.000","16.854","0.000","16.854"
"Aruba","ABW","2014","8.435128","50628.816","0.000","0.000","1.124","16.854","0.000","17.978"
"Aruba","ABW","2015","8.614971","51778.613","0.000","0.000","1.075","18.280","0.000","19.355"
"Aruba","ABW","2016","8.410633","50017.652","0.000","0.000","1.111","14.444","0.000","15.556"
"Aruba","ABW","2017","8.42044","51509.809","0.000","0.000","1.075","13.978","0.000","15.054"
"Aruba","ABW","2018","8.15775","49515.113","0.000","0.000","1.099","15.385","0.000","16.484"
"Aruba","ABW","2019","7.766699","51107.844","0.000","0.000","1.087","15.217","0.000","16.304"
"Aruba","ABW","2020","7.6410794","43496.941","0.000","0.000","1.136","15.909","0.000","17.045"
"Aruba","ABW","2021","8.004834","46090.324","0.000","0.000","1.075","15.054","0.000","16.129"
"Australia","AUS","1990","16.235903","60597.098","79.255","8.073","0.000","0.000","9.482","9.970"
"Australia","AUS","1991","16.10294","59365.430","80.539","7.092","0.003","0.000","9.910","10.369"
"Australia","AUS","1992","16.207693","59681.504","80.546","7.413","0.007","0.000","9.877","10.300"
"Australia","AUS","1993","16.294191","60350.930","80.587","7.405","0.009","0.001","9.909","10.324"
"Australia","AUS","1994","16.405329","62085.629","80.458","7.967","0.010","0.003","9.492","9.915"
"Australia","AUS","1995","16.853085","64117.020","81.002","7.807","0.012","0.004","8.921","9.408"
"Australia","AUS","1996","17.036093","65239.766","82.403","6.626","0.014","0.004","8.865","9.409"
"Australia","AUS","1997","17.305813","66120.109","83.329","6.445","0.016","0.004","8.441","8.989"
"Australia","AUS","1998","17.861351","67001.016","83.193","7.253","0.018","0.009","7.920","8.489"
"Australia","AUS","1999","18.184906","69004.570","82.727","7.793","0.020","0.021","7.869","8.458"
"Australia","AUS","2000","18.288157","68632.961","82.792","7.696","0.020","0.030","8.175","8.634"
"Australia","AUS","2001","18.469387","68338.281","79.904","10.882","0.019","0.099","7.746","8.218"
"Australia","AUS","2002","18.495451","68892.781","77.260","13.735","0.023","0.168","7.324","8.083"
"Australia","AUS","2003","18.708109","69082.789","77.246","13.416","0.028","0.328","7.550","8.660"
"Australia","AUS","2004","19.055769","70486.320","78.388","11.983","0.031","0.314","7.123","8.701"
"Australia","AUS","2005","18.974682","69917.164","79.462","10.102","0.037","0.408","7.028","9.156"
"Australia","AUS","2006","19.007372","71863.758","77.705","11.414","0.041","0.778","7.171","9.636"
"Australia","AUS","2007","19.036264","72304.695","75.810","13.650","0.048","1.137","6.187","9.119"
"Australia","AUS","2008","18.91755","72089.344","75.535","14.886","0.057","1.346","5.136","8.055"
"Australia","AUS","2009","18.683231","69689.844","74.129","16.746","0.068","1.627","4.976","7.804"
"Australia","AUS","2010","18.292547","68523.875","70.868","18.837","0.167","2.114","5.778","9.044"
"Australia","AUS","2011","17.96612","69714.188","68.168","19.337","0.577","2.819","6.928","11.345"
"Australia","AUS","2012","17.72246","67583.031","66.968","20.169","0.998","3.167","5.990","11.411"
"Australia","AUS","2013","17.121933","67307.039","62.153","21.080","1.513","4.148","7.879","14.871"
"Australia","AUS","2014","16.639103","66744.195","61.454","21.241","1.660","4.309","7.591","14.962"
"Australia","AUS","2015","16.72746","67234.930","63.706","19.524","2.175","4.960","5.770","14.348"
"Australia","AUS","2016","16.837934","66407.094","63.380","18.779","2.524","5.568","6.104","15.609"
"Australia","AUS","2017","16.71615","65146.316","60.678","21.000","3.229","5.310","6.418","16.314"
"Australia","AUS","2018","16.512163","65072.668","60.919","20.026","3.966","5.472","6.310","17.146"
"Australia","AUS","2019","16.28262","66263.539","56.023","20.832","5.943","7.892","6.243","21.376"
"Australia","AUS","2020","15.481285","61826.211","53.091","19.732","9.505","8.848","5.883","25.503"
"Australia","AUS","2021","14.96633","61439.910","51.320","17.789","11.349","10.560","5.974","29.135"
"Australia","AUS","2022","14.65893","63458.840","47.254","18.730","13.307","11.590","6.194","32.303"
"Austria","AUT","1990","8.098238","43648.801","12.556","15.659","0.000","0.000","63.915","66.207"
"Austria","AUT","1991","8.48123","45323.574","13.631","14.886","0.000","0.000","62.654","65.066"
"Austria","AUT","1992","7.6875253","44124.348","8.228","13.293","0.000","0.000","69.770","72.392"
"Austria","AUT","1993","7.677596","44543.016","5.801","13.218","0.000","0.000","71.462","74.070"
"Austria","AUT","1994","7.694496","44102.492","5.949","16.580","0.000","0.000","68.528","70.812"
"Austria","AUT","1995","8.057918","46183.117","7.829","16.147","0.000","0.000","67.180","70.515"
"Austria","AUT","1996","8.467657","46180.191","9.856","17.547","0.000","0.000","63.879","66.810"
"Austria","AUT","1997","8.444986","47102.305","10.471","15.212","0.000","0.036","64.853","67.924"
"Austria","AUT","1998","8.389697","47804.543","7.386","15.862","0.000","0.089","66.452","69.796"
"Austria","AUT","1999","8.214732","48808.664","7.377","15.504","0.000","0.083","67.924","70.678"
"Austria","AUT","2000","8.262151","48863.281","9.557","13.116","0.000","0.117","69.908","72.581"
"Austria","AUT","2001","8.727766","50421.105","11.284","14.330","0.016","0.164","66.263","69.178"
"Austria","AUT","2002","8.907645","50254.641","10.891","15.340","0.016","0.231","66.288","69.039"
"Austria","AUT","2003","9.530433","50523.203","14.537","19.221","0.017","0.637","57.199","60.696"
"Austria","AUT","2004","9.508284","51139.312","12.772","17.681","0.032","1.502","59.357","63.975"
"Austria","AUT","2005","9.611559","51714.719","11.118","20.205","0.031","2.062","57.528","63.390"
"Austria","AUT","2006","9.28623","50921.684","11.834","17.132","0.032","2.810","57.258","65.286"
"Austria","AUT","2007","8.93005","49669.195","10.491","15.737","0.032","3.243","58.894","68.622"
"Austria","AUT","2008","8.826658","50475.008","8.574","17.333","0.047","3.116","59.426","69.039"
"Austria","AUT","2009","8.06485","48765.184","5.671","18.612","0.075","2.941","61.689","71.161"
"Austria","AUT","2010","8.607232","50240.961","7.245","21.131","0.133","3.033","56.487","66.249"
"Austria","AUT","2011","8.327111","47200.484","8.721","19.981","0.273","3.116","54.995","65.708"
"Austria","AUT","2012","7.977175","49174.594","6.390","14.134","0.495","3.581","63.828","74.716"
"Austria","AUT","2013","7.989103","48493.574","6.518","10.296","0.975","4.877","65.057","78.185"
"Austria","AUT","2014","7.5058665","46196.465","4.771","8.634","1.282","6.248","66.553","81.467"
"Austria","AUT","2015","7.6767116","45686.785","4.770","12.385","1.520","7.825","60.081","76.944"
"Austria","AUT","2016","7.692762","46698.785","3.126","13.011","1.686","8.015","61.257","78.284"
"Austria","AUT","2017","7.9103565","47423.047","2.611","16.182","1.884","9.745","56.793","75.719"
"Austria","AUT","2018","7.5287404","46186.543","2.783","15.252","2.245","9.271","57.872","76.968"
"Austria","AUT","2019","7.651411","48314.258","2.117","15.975","2.399","10.514","57.621","77.110"
"Austria","AUT","2020","6.969737","45028.270","0.809","14.381","2.948","9.814","60.702","80.098"
"Austria","AUT","2021","7.3325477","45241.051","0.209","15.863","4.152","10.067","57.879","78.790"
"Austria","AUT","2022","6.779517","42685.379","0.216","18.179","4.220","10.713","55.758","76.287"
"Azerbaijan","AZE","1990","7.1005554","35077.656","","","0.000","0.000","7.161","7.161"
"Azerbaijan","AZE","1991","6.8460274","33210.719","","","0.000","0.000","7.503","7.503"
"Azerbaijan","AZE","1992","7.5852094","28049.744","","","0.000","0.000","8.841","8.841"
"Azerbaijan","AZE","1993","6.4506035","24028.104","","","0.000","0.000","12.734","12.734"
"Azerbaijan","AZE","1994","5.512609","21844.428","","","0.000","0.000","10.415","10.415"
"Azerbaijan","AZE","1995","4.3150835","20362.680","","","0.000","0.000","9.129","9.129"
"Azerbaijan","AZE","1996","3.989578","16573.020","","","0.000","0.000","8.996","8.996"
"Azerbaijan","AZE","1997","3.7603416","15769.196","","","0.000","0.000","10.169","10.169"
"Azerbaijan","AZE","1998","3.9603329","15749.731","","","0.000","0.000","10.842","10.842"
"Azerbaijan","AZE","1999","3.5580142","15596.400","","","0.000","0.000","8.286","8.286"
"Azerbaijan","AZE","2000","3.6411128","16123.289","0.000","46.686","0.000","0.000","8.612","8.612"
"Azerbaijan","AZE","2001","3.4435568","15361.870","0.000","47.430","0.000","0.000","7.207","7.207"
"Azerbaijan","AZE","2002","3.4314017","15003.191","0.000","48.836","0.000","0.000","10.828","10.828"
"Azerbaijan","AZE","2003","3.6292462","16075.374","0.000","48.137","0.000","0.000","12.121","12.121"
"Azerbaijan","AZE","2004","3.799001","17986.783","0.000","47.487","0.000","0.000","13.324","13.324"
"Azerbaijan","AZE","2005","3.977268","19273.648","0.000","46.667","0.000","0.000","14.826","14.826"
"Azerbaijan","AZE","2006","3.9628427","18724.746","0.000","48.656","0.000","0.000","11.156","11.156"
"Azerbaijan","AZE","2007","3.4023244","17015.564","0.000","48.571","0.000","0.000","11.332","11.332"
"Azerbaijan","AZE","2008","3.6942694","16933.111","0.000","48.851","0.000","0.000","10.807","10.807"
"Azerbaijan","AZE","2009","3.2170568","14348.922","0.000","51.288","0.000","0.000","12.822","12.822"
"Azerbaijan","AZE","2010","3.0118616","13958.922","0.000","47.549","0.000","0.000","19.211","19.211"
"Azerbaijan","AZE","2011","3.2637987","15663.720","0.000","50.728","0.000","0.000","13.788","13.788"
"Azerbaijan","AZE","2012","3.4950342","15936.576","0.000","53.963","0.000","0.000","8.295","8.295"
"Azerbaijan","AZE","2013","3.5308728","16085.350","0.000","59.464","0.000","0.000","6.673","6.673"
"Azerbaijan","AZE","2014","3.5660133","16145.470","0.000","60.163","0.000","0.000","5.532","5.532"
"Azerbaijan","AZE","2015","3.5562217","17438.529","0.000","59.278","0.000","0.000","6.959","6.959"
"Azerbaijan","AZE","2016","3.5189948","17089.488","0.000","58.294","0.170","0.085","8.231","8.485"
"Azerbaijan","AZE","2017","3.480789","16612.637","0.000","58.754","0.174","0.087","7.535","7.796"
"Azerbaijan","AZE","2018","3.4439225","16897.240","0.000","58.690","0.168","0.336","7.347","7.851"
"Azerbaijan","AZE","2019","3.734001","17546.781","0.000","61.260","0.163","0.407","6.301","6.870"
"Azerbaijan","AZE","2020","3.559036","17803.629","0.000","62.469","0.205","0.410","4.389","5.004"
"Azerbaijan","AZE","2021","3.7422564","18974.334","0.000","62.229","0.190","0.342","4.869","5.401"
"Azerbaijan","AZE","2022","3.999354","18747.918","","","0.210","0.287","5.493","6.343"
"Bahamas","BHS","2000","6.256653","50650.191","0.000","0.000","0.000","0.000","0.000","0.000"
"Bahamas","BHS","2001","5.934427","50899.527","0.000","0.000","0.000","0.000","0.000","0.000"
"Bahamas","BHS","2002","6.1319866","52098.809","0.000","0.000","0.000","0.000","0.000","0.000"
"Bahamas","BHS","2003","6.168074","35908.117","0.000","0.000","0.000","0.000","0.000","0.000"
"Bahamas","BHS","2004","6.027699","39267.469","0.000","0.000","0.000","0.000","0.000","0.000"
"Bahamas","BHS","2005","5.5401344","37244.637","0.000","0.000","0.000","0.000","0.000","0.000"
"Bahamas","BHS","2006","5.3216376","42663.531","0.000","0.000","0.000","0.000","0.000","0.000"
"Bahamas","BHS","2007","5.2988286","48444.410","0.000","0.000","0.000","0.000","0.000","0.000"
"Bahamas","BHS","2008","5.360958","46670.273","0.000","0.000","0.000","0.000","0.000","0.000"
"Bahamas","BHS","2009","5.938248","34584.957","0.000","0.000","0.000","0.000","0.000","0.000"
"Bahamas","BHS","2010","6.0720687","35531.059","0.000","0.000","0.000","0.000","0.000","0.000"
"Bahamas","BHS","2011","5.677289","30982.486","0.000","0.000","0.000","0.000","0.000","0.000"
"Bahamas","BHS","2012","5.454908","35422.555","0.000","0.000","0.000","0.000","0.000","0.000"
"Bahamas","BHS","2013","5.259742","32656.572","0.000","0.000","0.000","0.000","0.000","0.000"
"Bahamas","BHS","2014","5.395677","31772.066","0.000","0.000","0.000","0.000","0.000","0.000"
"Bahamas","BHS","2015","5.7904425","30096.480","0.000","0.000","0.000","0.000","0.000","0.000"
"Bahamas","BHS","2016","5.787847","31247.096","0.000","0.000","0.000","0.000","0.000","0.000"
"Bahamas","BHS","2017","6.455462","36977.281","0.000","0.000","0.000","0.000","0.000","0.000"
"Bahamas","BHS","2018","6.2509995","39876.789","0.000","0.000","0.000","0.000","0.000","0.000"
"Bahamas","BHS","2019","6.386963","39636.066","0.000","0.000","0.000","0.000","0.000","0.000"
"Bahamas","BHS","2020","5.1830635","33301.770","0.000","0.000","0.000","0.000","0.000","0.000"
"Bahamas","BHS","2021","6.877262","35447.574","0.000","0.000","0.000","0.000","0.000","0.000"
"Bahrain","BHR","2000","28.673351","157253.031","0.000","100.000","0.000","0.000","0.000","0.000"
"Bahrain","BHR","2001","28.114794","158559.688","0.000","100.000","0.000","0.000","0.000","0.000"
"Bahrain","BHR","2002","26.736988","165096.562","0.000","100.000","0.000","0.000","0.000","0.000"
"Bahrain","BHR","2003","25.856058","165859.016","0.000","100.000","0.000","0.000","0.000","0.000"
"Bahrain","BHR","2004","24.331476","160432.516","0.000","100.000","0.000","0.000","0.000","0.000"
"Bahrain","BHR","2005","26.255672","166315.328","0.000","100.000","0.000","0.000","0.000","0.000"
"Bahrain","BHR","2006","24.165707","164833.391","0.000","100.000","0.000","0.000","0.000","0.000"
"Bahrain","BHR","2007","25.180452","157924.500","0.000","100.000","0.000","0.000","0.000","0.000"
"Bahrain","BHR","2008","26.344282","154979.234","0.000","100.000","0.000","0.000","0.000","0.000"
"Bahrain","BHR","2009","23.77264","144448.344","0.000","100.000","0.000","0.000","0.000","0.000"
"Bahrain","BHR","2010","24.02024","141914.094","0.000","100.000","0.000","0.000","0.000","0.000"
"Bahrain","BHR","2011","23.654049","140596.469","0.000","100.000","0.000","0.000","0.000","0.000"
"Bahrain","BHR","2012","22.364824","149451.375","0.000","100.000","0.000","0.000","0.000","0.000"
"Bahrain","BHR","2013","24.839422","161365.531","0.000","100.000","0.000","0.000","0.000","0.000"
"Bahrain","BHR","2014","23.590342","153929.594","0.000","99.961","0.039","0.000","0.000","0.039"
"Bahrain","BHR","2015","23.743637","149472.797","0.000","99.963","0.037","0.000","0.000","0.037"
"Bahrain","BHR","2016","22.128733","144113.938","0.000","99.963","0.037","0.000","0.000","0.037"
"Bahrain","BHR","2017","22.210873","143466.250","0.000","99.964","0.036","0.000","0.000","0.036"
"Bahrain","BHR","2018","21.83343","142291.500","0.000","99.964","0.036","0.000","0.000","0.036"
"Bahrain","BHR","2019","25.319227","155398.469","0.000","99.968","0.032","0.000","0.000","0.032"
"Bahrain","BHR","2020","25.23751","156095.797","0.000","99.967","0.033","0.000","0.000","0.033"
"Bahrain","BHR","2021","24.148386","161111.203","0.000","99.969","0.031","0.000","0.000","0.031"
"Bangladesh","BGD","1985","0.10163364","503.070","","","0.000","0.000","16.321","16.321"
"Bangladesh","BGD","1986","0.11112919","534.605","","","0.000","0.000","9.375","9.375"
"Bangladesh","BGD","1987","0.11242194","577.017","","","0.000","0.000","9.254","9.254"
"Bangladesh","BGD","1988","0.12571295","628.855","","","0.000","0.000","10.320","10.320"
"Bangladesh","BGD","1989","0.12228729","663.665","","","0.000","0.000","12.930","12.930"
"Bangladesh","BGD","1990","0.12614106","689.296","","","0.000","0.000","11.433","11.433"
"Bangladesh","BGD","1991","0.12965418","652.259","","","0.000","0.000","10.133","10.133"
"Bangladesh","BGD","1992","0.13273484","698.383","","","0.000","0.000","8.950","8.950"
"Bangladesh","BGD","1993","0.136067","753.277","","","0.000","0.000","6.604","6.604"
"Bangladesh","BGD","1994","0.14585535","784.415","","","0.000","0.000","8.657","8.657"
"Bangladesh","BGD","1995","0.17174801","909.293","","","0.000","0.000","3.443","3.443"
"Bangladesh","BGD","1996","0.17224969","935.981","","","0.000","0.000","6.441","6.441"
"Bangladesh","BGD","1997","0.18195334","966.007","","","0.000","0.000","6.063","6.063"
"Bangladesh","BGD","1998","0.17910586","1009.720","","","0.000","0.000","6.715","6.715"
"Bangladesh","BGD","1999","0.18994531","1001.819","","","0.000","0.000","5.765","5.765"
"Bangladesh","BGD","2000","0.19725299","1053.621","0.000","40.282","0.000","0.000","6.321","6.321"
"Bangladesh","BGD","2001","0.22706799","1181.624","0.000","46.431","0.000","0.000","5.979","5.979"
"Bangladesh","BGD","2002","0.23037535","1163.139","0.000","51.136","0.000","0.000","5.966","5.966"
"Bangladesh","BGD","2003","0.23760977","1208.146","0.000","51.103","0.000","0.000","6.025","6.025"
"Bangladesh","BGD","2004","0.25176665","1261.467","0.000","51.548","0.000","0.000","5.202","5.202"
"Bangladesh","BGD","2005","0.26062584","1345.851","0.000","52.615","0.000","0.000","5.033","5.033"
"Bangladesh","BGD","2006","0.2850007","1438.764","4.855","50.085","0.034","0.000","4.718","4.752"
"Bangladesh","BGD","2007","0.28836617","1458.119","4.759","53.098","0.068","0.000","2.533","2.602"
"Bangladesh","BGD","2008","0.30333978","1528.589","4.734","52.908","0.062","0.000","2.908","2.970"
"Bangladesh","BGD","2009","0.3260235","1660.972","4.819","53.807","0.086","0.000","1.255","1.340"
"Bangladesh","BGD","2010","0.3550251","1685.930","4.547","55.443","0.182","0.000","1.975","2.182"
"Bangladesh","BGD","2011","0.36195275","1806.394","4.249","55.329","0.144","0.000","2.208","2.376"
"Bangladesh","BGD","2012","0.38501203","1938.148","3.949","53.970","0.196","0.000","1.789","2.029"
"Bangladesh","BGD","2013","0.41373482","1991.170","3.697","56.615","0.260","0.000","1.878","2.198"
"Bangladesh","BGD","2014","0.4276385","2040.698","3.594","58.357","0.304","0.000","1.179","1.540"
"Bangladesh","BGD","2015","0.48277447","2440.769","2.950","65.605","0.360","0.018","1.061","1.493"
"Bangladesh","BGD","2016","0.5084272","2415.728","2.622","68.646","0.339","0.015","1.558","1.959"
"Bangladesh","BGD","2017","0.53352815","2494.115","2.307","72.138","0.363","0.015","1.495","1.916"
"Bangladesh","BGD","2018","0.52963835","2630.028","4.394","72.269","0.379","0.014","1.460","1.893"
"Bangladesh","BGD","2019","0.57489496","2916.318","4.025","74.921","0.415","0.013","0.968","1.434"
"Bangladesh","BGD","2020","0.5756478","2730.078","12.586","68.225","0.515","0.013","1.162","1.730"
"Bangladesh","BGD","2021","0.58768314","2831.162","11.865","69.939","0.583","0.012","1.092","1.725"
"Bangladesh","BGD","2022","0.6030491","2912.048","14.314","60.542","0.763","0.012","1.138","1.948"
"Barbados","BRB","2000","4.995379","26318.064","0.000","0.000","0.000","0.000","0.000","0.000"
"Barbados","BRB","2001","4.9821935","26262.209","0.000","0.000","0.000","0.000","0.000","0.000"
"Barbados","BRB","2002","4.9850125","26331.500","0.000","0.000","0.000","0.000","0.000","0.000"
"Barbados","BRB","2003","5.1110315","26508.631","0.000","0.000","0.000","0.000","0.000","0.000"
"Barbados","BRB","2004","5.1881166","26606.236","0.000","0.000","0.000","0.000","0.000","0.000"
"Barbados","BRB","2005","5.31813","26715.061","0.000","0.000","0.000","0.000","0.000","0.000"
"Barbados","BRB","2006","5.4480743","26681.957","0.000","0.000","0.000","0.000","0.000","0.000"
"Barbados","BRB","2007","5.4148574","25360.926","0.000","0.000","0.000","0.000","0.000","0.000"
"Barbados","BRB","2008","6.356092","29773.459","0.000","0.000","0.000","0.000","0.000","0.000"
"Barbados","BRB","2009","6.200283","27941.865","0.000","0.000","0.000","0.000","0.000","0.000"
"Barbados","BRB","2010","5.6915326","26839.543","0.000","0.000","0.000","0.000","0.000","0.000"
"Barbados","BRB","2011","5.8889804","28088.297","0.000","0.000","0.000","0.000","0.000","0.000"
"Barbados","BRB","2012","5.6119213","26331.783","0.000","0.000","0.000","0.000","0.000","0.000"
"Barbados","BRB","2013","5.545567","26676.488","0.000","0.000","0.000","0.000","0.000","0.000"
"Barbados","BRB","2014","4.9132366","23147.074","0.000","0.000","1.031","0.000","0.000","1.031"
"Barbados","BRB","2015","4.783702","24569.877","0.000","0.000","1.020","0.000","0.000","1.020"
"Barbados","BRB","2016","4.9049907","25016.707","0.000","0.000","2.000","0.000","0.000","2.000"
"Barbados","BRB","2017","4.994143","23670.777","0.000","0.000","2.970","0.000","0.000","2.970"
"Barbados","BRB","2018","5.154179","25095.537","0.000","0.000","3.000","0.000","0.000","3.000"
"Barbados","BRB","2019","4.949633","25172.027","0.000","0.000","3.922","0.000","0.000","3.922"
"Barbados","BRB","2020","4.456891","21577.828","0.000","0.000","7.000","0.000","0.000","7.000"
"Barbados","BRB","2021","4.2179356","23025.998","0.000","0.000","7.477","0.000","0.000","7.477"
"Belarus","BLR","1990","10.647569","44682.480","","","0.000","0.000","0.051","0.051"
"Belarus","BLR","1991","10.220432","44456.219","","","0.000","0.000","0.046","0.046"
"Belarus","BLR","1992","9.160398","38484.066","","","0.000","0.000","0.045","0.045"
"Belarus","BLR","1993","7.8773518","32165.705","","","0.000","0.000","0.057","0.057"
"Belarus","BLR","1994","6.645997","26902.420","","","0.000","0.000","0.061","0.061"
"Belarus","BLR","1995","5.983303","23964.195","","","0.000","0.000","0.080","0.080"
"Belarus","BLR","1996","6.0845547","24638.461","","","0.000","0.000","0.067","0.067"
"Belarus","BLR","1997","6.0951624","25007.492","","","0.000","0.000","0.081","0.081"
"Belarus","BLR","1998","5.9702945","24557.223","","","0.000","0.000","0.119","0.119"
"Belarus","BLR","1999","5.784889","24001.736","","","0.000","0.000","0.072","0.072"
"Belarus","BLR","2000","5.506232","24868.184","0.000","99.878","0.000","0.000","0.122","0.122"
"Belarus","BLR","2001","5.444186","24306.926","0.000","99.873","0.000","0.000","0.127","0.127"
"Belarus","BLR","2002","5.4635525","25309.941","0.000","99.879","0.000","0.000","0.121","0.121"
"Belarus","BLR","2003","5.6345267","25292.014","0.000","99.880","0.000","0.000","0.120","0.120"
"Belarus","BLR","2004","5.9961243","28508.881","0.000","99.898","0.000","0.000","0.102","0.102"
"Belarus","BLR","2005","6.143694","28600.459","0.000","99.863","0.000","0.000","0.137","0.137"
"Belarus","BLR","2006","6.4331007","30598.045","0.000","99.799","0.000","0.000","0.134","0.201"
"Belarus","BLR","2007","6.3029184","29999.406","0.000","99.766","0.000","0.000","0.134","0.234"
"Belarus","BLR","2008","6.6039224","30513.402","0.000","99.666","0.000","0.000","0.122","0.334"
"Belarus","BLR","2009","6.3770075","28957.873","0.000","99.649","0.000","0.000","0.140","0.351"
"Belarus","BLR","2010","6.586985","31470.039","0.000","99.634","0.000","0.000","0.152","0.366"
"Belarus","BLR","2011","6.476822","30981.086","0.000","99.603","0.000","0.000","0.132","0.397"
"Belarus","BLR","2012","6.6143084","33557.434","0.000","99.447","0.000","0.035","0.242","0.553"
"Belarus","BLR","2013","6.7781887","30421.854","0.000","99.020","0.000","0.034","0.473","0.980"
"Belarus","BLR","2014","6.7245016","30426.229","0.000","99.173","0.000","0.031","0.368","0.827"
"Belarus","BLR","2015","6.2006974","27527.160","0.000","99.094","0.031","0.094","0.344","0.906"
"Belarus","BLR","2016","6.125662","28104.533","0.000","98.732","0.095","0.254","0.444","1.268"
"Belarus","BLR","2017","6.2600746","28623.031","0.000","97.689","0.277","0.308","1.232","2.311"
"Belarus","BLR","2018","6.558066","31689.998","0.000","97.791","0.491","0.273","0.873","2.209"
"Belarus","BLR","2019","6.5890727","31923.436","0.000","97.505","0.478","0.478","0.902","2.495"
"Belarus","BLR","2020","6.322667","29768.562","0.000","95.552","0.497","0.525","1.077","3.508"
"Belarus","BLR","2021","6.5786033","31910.822","0.000","83.858","0.410","0.433","0.889","2.964"
"Belarus","BLR","2022","6.226867","31132.697","","","0.719","0.464","0.865","2.711"
"Belgium","BEL","1986","10.354434","56809.660","","","","0.000","0.585","0.787"
"Belgium","BEL","1987","10.363756","58451.152","","","","0.009","0.677","0.911"
"Belgium","BEL","1988","10.05894","59508.434","","","","0.012","0.549","0.837"
"Belgium","BEL","1989","10.747385","59832.984","","","","0.010","0.452","0.745"
"Belgium","BEL","1990","12.080694","62387.531","24.314","7.697","0.000","0.014","0.384","0.797"
"Belgium","BEL","1991","12.340902","64371.195","23.191","8.737","0.000","0.014","0.323","0.759"
"Belgium","BEL","1992","12.195839","64045.539","22.417","9.339","0.000","0.014","0.476","0.868"
"Belgium","BEL","1993","12.042838","62843.426","23.259","9.717","0.000","0.014","0.357","0.728"
"Belgium","BEL","1994","12.340153","65934.656","23.802","11.592","0.000","0.014","0.491","0.855"
"Belgium","BEL","1995","12.42636","66578.133","22.470","13.847","0.000","0.014","0.462","0.911"
"Belgium","BEL","1996","12.750186","70519.133","20.695","14.653","0.000","0.013","0.319","0.745"
"Belgium","BEL","1997","12.180701","71026.164","17.655","14.818","0.000","0.013","0.398","0.770"
"Belgium","BEL","1998","12.766186","72177.797","17.286","18.321","0.000","0.012","0.475","0.926"
"Belgium","BEL","1999","12.195414","71412.859","11.923","23.066","0.000","0.012","0.408","1.020"
"Belgium","BEL","2000","12.366287","72420.406","15.606","19.302","0.000","0.024","0.556","1.268"
"Belgium","BEL","2001","12.256729","71475.500","12.641","20.069","0.000","0.051","0.560","1.374"
"Belgium","BEL","2002","12.27944","70828.992","12.392","22.078","0.000","0.074","0.445","1.408"
"Belgium","BEL","2003","12.363994","73221.562","11.535","25.859","0.000","0.108","0.299","1.436"
"Belgium","BEL","2004","12.360431","73126.234","11.035","24.168","0.000","0.169","0.386","1.809"
"Belgium","BEL","2005","11.991515","71894.961","9.750","25.565","0.000","0.273","0.345","2.509"
"Belgium","BEL","2006","11.7458515","71647.289","8.246","26.472","0.000","0.445","0.433","3.563"
"Belgium","BEL","2007","11.3400345","71662.344","7.475","28.489","0.012","0.566","0.451","4.032"
"Belgium","BEL","2008","11.2238655","72317.906","6.702","29.115","0.048","0.773","0.495","5.338"
"Belgium","BEL","2009","9.970168","66274.000","5.777","32.620","0.190","1.115","0.368","6.078"
"Belgium","BEL","2010","10.475143","70300.141","4.522","33.208","0.603","1.389","0.334","7.042"
"Belgium","BEL","2011","9.526456","65134.078","3.908","28.568","1.314","2.594","0.225","9.332"
"Belgium","BEL","2012","9.226742","62090.016","4.164","28.949","2.641","3.390","0.442","12.908"
"Belgium","BEL","2013","9.212671","63218.379","3.683","25.453","3.231","4.479","0.465","14.329"
"Belgium","BEL","2014","8.660123","58234.559","2.946","27.262","4.074","6.513","0.409","17.212"
"Belgium","BEL","2015","8.986653","58448.152","3.039","32.325","4.492","8.177","0.470","21.213"
"Belgium","BEL","2016","8.807806","62694.066","0.465","26.298","3.692","6.455","0.441","16.972"
"Belgium","BEL","2017","8.726891","62897.129","0.106","27.105","3.897","7.677","0.318","18.604"
"Belgium","BEL","2018","8.772404","62384.855","0.122","32.631","5.305","10.297","0.394","23.354"
"Belgium","BEL","2019","8.685232","64152.262","0.097","27.668","4.604","10.573","0.325","21.092"
"Belgium","BEL","2020","7.9076037","57433.730","0.091","30.470","5.814","14.586","0.307","26.692"
"Belgium","BEL","2021","8.204076","63592.086","0.040","22.741","5.675","12.118","0.424","22.953"
"Belgium","BEL","2022","7.6375527","58395.824","0.042","24.445","7.771","12.762","0.211","25.449"
"Belize","BLZ","2000","1.6432608","10038.552","0.000","0.000","0.000","0.000","50.000","50.000"
"Belize","BLZ","2001","1.7995999","10707.640","0.000","0.000","0.000","0.000","60.000","60.000"
"Belize","BLZ","2002","1.6887497","10042.477","0.000","0.000","0.000","0.000","60.000","60.000"
"Belize","BLZ","2003","1.6389759","9553.475","0.000","0.000","0.000","0.000","35.294","35.294"
"Belize","BLZ","2004","1.442971","8929.146","0.000","0.000","0.000","0.000","37.500","37.500"
"Belize","BLZ","2005","1.4931206","9279.945","0.000","0.000","0.000","0.000","41.176","41.176"
"Belize","BLZ","2006","1.5399824","10366.804","0.000","0.000","0.000","0.000","78.261","78.261"
"Belize","BLZ","2007","1.5961798","9503.804","0.000","0.000","0.000","0.000","75.000","75.000"
"Belize","BLZ","2008","1.4204676","8935.545","0.000","0.000","0.000","0.000","86.957","86.957"
"Belize","BLZ","2009","1.6408472","9060.757","0.000","0.000","0.000","0.000","76.000","80.000"
"Belize","BLZ","2010","1.6818045","10492.445","0.000","0.000","0.000","0.000","53.061","63.265"
"Belize","BLZ","2011","1.7463291","8946.380","0.000","0.000","0.000","0.000","58.140","67.442"
"Belize","BLZ","2012","1.4133562","9087.132","0.000","0.000","0.000","0.000","44.681","57.447"
"Belize","BLZ","2013","1.3835117","9683.304","0.000","0.000","0.000","0.000","57.778","66.667"
"Belize","BLZ","2014","1.4385759","9421.460","0.000","0.000","0.000","0.000","50.980","62.745"
"Belize","BLZ","2015","1.9227874","10197.744","0.000","0.000","0.000","0.000","44.444","57.407"
"Belize","BLZ","2016","1.8484907","10002.819","0.000","0.000","0.000","0.000","49.057","60.377"
"Belize","BLZ","2017","1.7867663","10896.961","0.000","0.000","0.000","0.000","35.526","53.947"
"Belize","BLZ","2018","1.7345725","9546.048","0.000","0.000","0.000","0.000","31.646","50.633"
"Belize","BLZ","2019","1.9942306","9883.737","0.000","0.000","1.136","0.000","34.091","53.409"
"Belize","BLZ","2020","1.6724775","7226.434","0.000","0.000","1.613","0.000","12.903","38.710"
"Belize","BLZ","2021","1.7544485","7437.571","0.000","0.000","1.562","0.000","12.500","37.500"
"Benin","BEN","2000","0.20396094","980.964","0.000","0.000","0.000","0.000","0.000","0.000"
"Benin","BEN","2001","0.22685939","1083.346","0.000","0.000","0.000","0.000","0.000","0.000"
"Benin","BEN","2002","0.27491033","1204.546","0.000","0.000","0.000","0.000","0.000","0.000"
"Benin","BEN","2003","0.30253705","1357.004","0.000","0.000","0.000","0.000","0.000","0.000"
"Benin","BEN","2004","0.31787828","1388.154","0.000","0.000","0.000","0.000","0.000","0.000"
"Benin","BEN","2005","0.29547676","1262.393","0.000","0.000","0.000","0.000","0.000","0.000"
"Benin","BEN","2006","0.38548398","1672.019","0.000","0.000","0.000","0.000","0.000","0.000"
"Benin","BEN","2007","0.43901852","1918.382","0.000","0.000","0.000","0.000","0.000","0.000"
"Benin","BEN","2008","0.42466354","1904.890","0.000","0.000","0.000","0.000","0.000","0.000"
"Benin","BEN","2009","0.44424498","2054.215","0.000","0.000","0.000","0.000","0.000","0.000"
"Benin","BEN","2010","0.4776112","2287.769","0.000","0.000","0.000","0.000","0.000","0.000"
"Benin","BEN","2011","0.44381663","2071.188","0.000","0.000","0.000","0.000","0.000","0.000"
"Benin","BEN","2012","0.42341638","1909.264","0.000","0.000","0.000","0.000","0.000","0.000"
"Benin","BEN","2013","0.42637473","1889.734","0.000","0.000","0.000","0.000","0.000","0.000"
"Benin","BEN","2014","0.4328207","1940.265","0.000","0.000","0.000","0.000","0.000","0.000"
"Benin","BEN","2015","0.46812668","2083.499","0.000","0.000","0.000","0.000","0.000","0.000"
"Benin","BEN","2016","0.4539761","2467.009","0.000","0.000","0.000","0.000","0.000","0.000"
"Benin","BEN","2017","0.46138746","2540.225","0.000","0.000","0.000","0.000","0.000","0.000"
"Benin","BEN","2018","0.45774767","2736.800","0.000","0.000","0.000","0.000","0.000","0.000"
"Benin","BEN","2019","0.41429225","2416.162","0.000","0.000","5.000","0.000","0.000","5.000"
"Benin","BEN","2020","0.42393637","2518.621","0.000","0.000","4.348","0.000","0.000","4.348"
"Benin","BEN","2021","0.43283412","2484.818","0.000","0.000","4.167","0.000","0.000","4.167"
"Bhutan","BTN","2000","0.6649192","8469.052","0.000","0.000","0.000","0.000","100.000","100.000"
"Bhutan","BTN","2001","0.7589067","9100.751","0.000","0.000","0.000","0.000","100.000","100.000"
"Bhutan","BTN","2002","0.79114115","9810.103","0.000","0.000","0.000","0.000","100.000","100.000"
"Bhutan","BTN","2003","0.77471787","10658.221","0.000","0.000","0.000","0.000","100.000","100.000"
"Bhutan","BTN","2004","0.67042804","10014.694","0.000","0.000","0.000","0.000","100.000","100.000"
"Bhutan","BTN","2005","0.8250561","11119.834","0.000","0.000","0.000","0.000","100.000","100.000"
"Bhutan","BTN","2006","0.61287296","17746.779","0.000","0.000","0.000","0.000","100.000","100.000"
"Bhutan","BTN","2007","0.585265","21903.543","0.000","0.000","0.000","0.000","100.000","100.000"
"Bhutan","BTN","2008","0.9417083","22370.271","0.000","0.000","0.000","0.000","100.000","100.000"
"Bhutan","BTN","2009","0.9841598","22935.088","0.000","0.000","0.000","0.000","100.000","100.000"
"Bhutan","BTN","2010","1.2905003","24284.154","0.000","0.000","0.000","0.000","100.000","100.000"
"Bhutan","BTN","2011","1.4192859","23369.613","0.000","0.000","0.000","0.000","100.000","100.000"
"Bhutan","BTN","2012","1.6032863","22460.117","0.000","0.000","0.000","0.000","100.000","100.000"
"Bhutan","BTN","2013","1.7496243","24615.076","0.000","0.000","0.000","0.000","100.000","100.000"
"Bhutan","BTN","2014","1.8172723","23328.471","0.000","0.000","0.000","0.000","100.000","100.000"
"Bhutan","BTN","2015","1.9360701","24203.820","0.000","0.000","0.000","0.000","100.000","100.000"
"Bhutan","BTN","2016","2.0862627","24692.543","0.000","0.000","0.000","0.000","100.000","100.000"
"Bhutan","BTN","2017","2.1863887","24327.346","0.000","0.000","0.000","0.000","100.000","100.000"
"Bhutan","BTN","2018","2.213729","23138.410","0.000","0.000","0.000","0.000","100.000","100.000"
"Bhutan","BTN","2019","2.0460508","27251.602","0.000","0.000","0.000","0.000","100.000","100.000"
"Bhutan","BTN","2020","1.5761578","26593.059","0.000","0.000","0.000","0.000","100.000","100.000"
"Bhutan","BTN","2021","1.8759198","27785.357","0.000","0.000","0.000","0.000","100.000","100.000"
"Bolivia","BOL","2000","0.9809387","5072.653","0.000","34.218","0.000","0.000","51.724","54.642"
"Bolivia","BOL","2001","0.9999472","4264.886","0.000","31.948","0.000","0.000","54.805","57.403"
"Bolivia","BOL","2002","1.1701754","4571.173","0.000","31.852","0.000","0.000","53.827","56.543"
"Bolivia","BOL","2003","1.2135043","6038.837","0.000","37.890","0.000","0.000","47.242","50.360"
"Bolivia","BOL","2004","1.2006482","6154.922","0.000","30.275","0.000","0.000","48.853","57.110"
"Bolivia","BOL","2005","1.317933","5926.305","0.000","34.755","0.000","0.000","41.365","50.746"
"Bolivia","BOL","2006","1.2989998","6410.186","0.000","33.268","0.000","0.000","42.126","51.181"
"Bolivia","BOL","2007","1.3153074","6767.981","0.000","31.760","0.000","0.000","41.742","56.080"
"Bolivia","BOL","2008","1.3224934","6827.641","0.000","32.379","0.000","0.000","40.966","55.635"
"Bolivia","BOL","2009","1.361099","6614.823","0.000","32.881","0.000","0.000","38.475","53.390"
"Bolivia","BOL","2010","1.4543422","6598.983","0.000","35.404","0.000","0.000","33.540","49.534"
"Bolivia","BOL","2011","1.5510005","6716.623","0.000","36.099","0.000","0.000","33.770","50.073"
"Bolivia","BOL","2012","1.6712606","7838.919","0.000","48.770","0.000","0.000","31.831","42.350"
"Bolivia","BOL","2013","1.6641724","7813.690","0.000","49.281","0.000","0.000","32.810","42.222"
"Bolivia","BOL","2014","1.8343189","7770.678","0.000","52.206","0.123","0.123","27.328","40.686"
"Bolivia","BOL","2015","1.8066506","8018.658","0.000","50.290","0.000","0.116","28.273","41.947"
"Bolivia","BOL","2016","1.9006767","8176.835","0.000","55.192","0.113","0.451","19.187","35.440"
"Bolivia","BOL","2017","1.9552563","7938.303","0.000","50.600","0.109","0.654","24.100","39.258"
"Bolivia","BOL","2018","1.9558697","8088.342","0.000","46.815","1.380","0.637","27.495","44.586"
"Bolivia","BOL","2019","1.9371525","7903.120","0.000","53.954","1.902","0.701","32.232","42.042"
"Bolivia","BOL","2020","1.5504168","6540.533","0.000","54.703","3.374","0.613","30.061","41.207"
"Bolivia","BOL","2021","1.8234005","7062.148","0.000","54.863","4.438","1.228","30.595","42.210"
"Bolivia","BOL","2022","1.9448458","","0.000","57.941","4.348","4.259","25.555","39.308"
"Bosnia and Herzegovina","BIH","2000","3.2939522","15474.596","49.851","0.000","0.000","0.000","50.149","50.149"
"Bosnia and Herzegovina","BIH","2001","3.1733232","15337.629","50.000","0.000","0.000","0.000","50.000","50.000"
"Bosnia and Herzegovina","BIH","2002","3.3840928","15402.803","49.856","0.000","0.000","0.000","50.144","50.144"
"Bosnia and Herzegovina","BIH","2003","3.436171","13485.733","58.780","0.000","0.000","0.000","41.220","41.220"
"Bosnia and Herzegovina","BIH","2004","3.7339993","14065.254","51.713","0.000","0.000","0.000","48.287","48.287"
"Bosnia and Herzegovina","BIH","2005","3.917028","13151.445","51.111","0.000","0.000","0.000","48.889","48.889"
"Bosnia and Herzegovina","BIH","2006","4.2790227","13561.985","54.688","0.000","0.000","0.000","45.312","45.312"
"Bosnia and Herzegovina","BIH","2007","4.3539753","13117.112","64.894","0.000","0.000","0.000","35.106","35.106"
"Bosnia and Herzegovina","BIH","2008","5.0550623","15073.022","66.008","0.000","0.000","0.000","33.992","33.992"
"Bosnia and Herzegovina","BIH","2009","5.293341","18430.324","58.910","0.000","0.000","0.000","41.090","41.090"
"Bosnia and Herzegovina","BIH","2010","5.5478983","20074.406","51.818","0.000","0.000","0.000","48.182","48.182"
"Bosnia and Herzegovina","BIH","2011","6.3511963","19803.189","70.233","0.000","0.000","0.000","29.767","29.767"
"Bosnia and Herzegovina","BIH","2012","6.0319147","19624.715","68.973","0.000","0.000","0.000","31.027","31.027"
"Bosnia and Herzegovina","BIH","2013","6.0376544","20242.201","56.623","0.000","0.000","0.000","42.721","42.721"
"Bosnia and Herzegovina","BIH","2014","5.4173074","19855.676","61.290","0.000","0.065","0.000","37.935","38.000"
"Bosnia and Herzegovina","BIH","2015","5.2466326","20149.869","62.525","0.000","0.067","0.000","36.673","36.740"
"Bosnia and Herzegovina","BIH","2016","6.258016","20852.678","66.274","0.000","0.118","0.000","32.902","33.078"
"Bosnia and Herzegovina","BIH","2017","6.4609365","20939.965","74.774","0.000","0.129","0.000","24.256","24.450"
"Bosnia and Herzegovina","BIH","2018","6.5186605","21542.352","63.816","0.000","0.110","0.548","34.814","35.526"
"Bosnia and Herzegovina","BIH","2019","6.2203493","20694.338","61.548","0.000","0.180","1.500","36.113","37.852"
"Bosnia and Herzegovina","BIH","2020","6.31391","19464.836","68.130","0.000","0.318","1.654","29.135","31.170"
"Bosnia and Herzegovina","BIH","2021","6.554153","23013.498","58.113","0.000","0.403","2.186","38.665","41.312"
"Bosnia and Herzegovina","BIH","2022","6.4724236","","61.515","0.000","0.800","2.586","34.421","37.869"
"Botswana","BWA","2000","2.2520688","8308.661","100.000","0.000","0.000","0.000","0.000","0.000"
"Botswana","BWA","2001","2.2468498","8561.099","100.000","0.000","0.000","0.000","0.000","0.000"
"Botswana","BWA","2002","2.278496","8817.649","100.000","0.000","0.000","0.000","0.000","0.000"
"Botswana","BWA","2003","2.1541483","8856.523","100.000","0.000","0.000","0.000","0.000","0.000"
"Botswana","BWA","2004","2.155231","8571.500","100.000","0.000","0.000","0.000","0.000","0.000"
"Botswana","BWA","2005","2.2264223","8948.104","100.000","0.000","0.000","0.000","0.000","0.000"
"Botswana","BWA","2006","2.2048197","9380.948","100.000","0.000","0.000","0.000","0.000","0.000"
"Botswana","BWA","2007","2.2123566","9445.073","100.000","0.000","0.000","0.000","0.000","0.000"
"Botswana","BWA","2008","2.3092914","9627.653","100.000","0.000","0.000","0.000","0.000","0.000"
"Botswana","BWA","2009","1.936756","8820.021","65.854","0.000","0.000","0.000","0.000","0.000"
"Botswana","BWA","2010","2.2316918","8901.267","66.000","0.000","0.000","0.000","0.000","0.000"
"Botswana","BWA","2011","1.9429603","9151.255","44.444","0.000","0.000","0.000","0.000","0.000"
"Botswana","BWA","2012","2.4076023","8872.199","45.455","0.000","0.000","0.000","0.000","0.000"
"Botswana","BWA","2013","2.6454382","8641.081","73.256","0.000","0.000","0.000","0.000","0.000"
"Botswana","BWA","2014","3.1537738","8513.395","82.028","0.000","0.000","0.000","0.000","0.000"
"Botswana","BWA","2015","2.4588568","10171.935","82.079","0.000","0.000","0.000","0.000","0.000"
"Botswana","BWA","2016","2.837354","10964.355","82.143","0.000","0.000","0.000","0.000","0.000"
"Botswana","BWA","2017","3.1173916","9879.757","82.042","0.000","0.000","0.000","0.000","0.000"
"Botswana","BWA","2018","3.324487","9597.184","81.818","0.000","0.337","0.000","0.000","0.337"
"Botswana","BWA","2019","3.209815","9467.984","81.699","0.000","0.327","0.000","0.000","0.327"
"Botswana","BWA","2020","2.617259","8843.107","81.553","0.000","0.485","0.000","0.000","0.485"
"Botswana","BWA","2021","2.782961","9385.398","81.735","0.000","0.457","0.000","0.000","0.457"
"Brazil","BRA","1985","1.3287388","10027.937","2.553","0.000","","0.000","92.097","93.680"
"Brazil","BRA","1986","1.4253908","10361.041","3.060","0.000","","0.000","90.249","91.829"
"Brazil","BRA","1987","1.4592812","10437.202","2.661","0.000","","0.000","91.280","93.033"
"Brazil","BRA","1988","1.4436871","10552.992","2.193","0.002","","0.000","92.622","94.175"
"Brazil","BRA","1989","1.4471786","10650.324","2.457","0.097","","0.000","92.311","93.846"
"Brazil","BRA","1990","1.466092","10391.007","2.074","0.146","0.000","0.000","92.769","94.501"
"Brazil","BRA","1991","1.5119112","10542.793","2.361","0.159","0.000","0.000","92.920","94.626"
"Brazil","BRA","1992","1.5141841","10515.058","2.071","0.161","0.000","0.000","92.381","94.420"
"Brazil","BRA","1993","1.5581249","10825.511","1.948","0.154","0.000","0.000","93.279","95.256"
"Brazil","BRA","1994","1.5948403","11174.377","1.911","0.184","0.000","0.000","93.334","95.406"
"Brazil","BRA","1995","1.66122","11697.941","1.975","0.203","0.000","0.000","92.128","94.157"
"Brazil","BRA","1996","1.7619148","12198.168","2.069","0.334","0.000","0.001","91.241","93.560"
"Brazil","BRA","1997","1.8417497","12775.408","2.374","0.382","0.000","0.001","90.581","92.978"
"Brazil","BRA","1998","1.8760941","13032.864","2.167","0.411","0.000","0.002","90.589","92.923"
"Brazil","BRA","1999","1.9066226","12995.942","2.902","0.793","0.000","0.001","87.534","90.037"
"Brazil","BRA","2000","1.9548683","13400.320","3.112","1.121","0.000","0.000","87.968","90.131"
"Brazil","BRA","2001","1.9634905","12893.828","3.357","2.893","0.000","0.012","82.062","84.695"
"Brazil","BRA","2002","1.948225","13021.791","2.648","3.444","0.000","0.018","83.232","86.088"
"Brazil","BRA","2003","1.9080932","13111.923","2.497","3.458","0.000","0.017","84.302","87.456"
"Brazil","BRA","2004","1.9785615","13593.700","2.702","4.772","0.000","0.016","83.320","86.426"
"Brazil","BRA","2005","1.9728968","13792.465","2.732","4.473","0.000","0.023","84.423","87.678"
"Brazil","BRA","2006","1.976238","14020.683","2.551","4.178","0.000","0.058","83.830","87.284"
"Brazil","BRA","2007","2.0714328","14770.351","2.420","3.331","0.000","0.146","84.697","88.725"
"Brazil","BRA","2008","2.167588","15255.087","2.567","6.050","0.000","0.185","80.464","84.807"
"Brazil","BRA","2009","2.0292346","15004.240","2.150","2.771","0.000","0.270","84.392","89.417"
"Brazil","BRA","2010","2.2729204","16220.931","2.183","6.823","0.000","0.427","78.956","85.358"
"Brazil","BRA","2011","2.3653224","16629.840","2.391","4.562","0.000","0.512","81.217","87.662"
"Brazil","BRA","2012","2.5268083","16963.494","2.593","8.217","0.000","0.923","75.908","83.116"
"Brazil","BRA","2013","2.6782215","17221.439","3.796","11.738","0.000","1.168","69.387","77.524"
"Brazil","BRA","2014","2.7814436","17519.043","4.498","13.362","0.003","2.098","64.180","74.042"
"Brazil","BRA","2015","2.6189272","17140.150","4.570","13.255","0.010","3.756","62.939","75.023"
"Brazil","BRA","2016","2.4197884","16591.764","4.377","9.463","0.014","5.817","66.663","81.094"
"Brazil","BRA","2017","2.429146","16608.686","4.240","10.792","0.143","7.237","63.822","79.909"
"Brazil","BRA","2018","2.3123908","16539.109","3.817","8.813","0.579","8.099","65.468","82.920"
"Brazil","BRA","2019","2.2979572","16681.945","3.792","9.373","1.065","8.960","64.313","82.855"
"Brazil","BRA","2020","2.1470218","15921.327","3.179","8.379","1.732","9.193","64.510","84.641"
"Brazil","BRA","2021","2.3696554","16659.977","3.806","13.739","2.528","10.791","54.759","76.771"
"Brazil","BRA","2022","2.2826612","17299.750","2.298","7.177","3.889","11.750","62.869","86.940"
"British Virgin Islands","VGB","2000","5.7854533","21736.926","0.000","0.000","0.000","0.000","0.000","0.000"
"British Virgin Islands","VGB","2001","6.157984","21645.822","0.000","0.000","0.000","0.000","0.000","0.000"
"British Virgin Islands","VGB","2002","6.4897923","22226.912","0.000","0.000","0.000","0.000","0.000","0.000"
"British Virgin Islands","VGB","2003","6.615211","22993.805","0.000","0.000","0.000","0.000","0.000","0.000"
"British Virgin Islands","VGB","2004","6.718533","23387.111","0.000","0.000","0.000","0.000","0.000","0.000"
"British Virgin Islands","VGB","2005","6.9590173","23259.297","0.000","0.000","0.000","0.000","0.000","0.000"
"British Virgin Islands","VGB","2006","7.3223214","24482.652","0.000","0.000","0.000","0.000","0.000","0.000"
"British Virgin Islands","VGB","2007","7.215155","24503.428","0.000","0.000","0.000","0.000","0.000","0.000"
"British Virgin Islands","VGB","2008","7.2422075","25397.865","0.000","0.000","0.000","0.000","0.000","0.000"
"British Virgin Islands","VGB","2009","7.128928","25707.512","0.000","0.000","0.000","0.000","0.000","0.000"
"British Virgin Islands","VGB","2010","7.672467","26000.848","0.000","0.000","0.000","0.000","0.000","0.000"
"British Virgin Islands","VGB","2011","7.268576","26247.301","0.000","0.000","0.000","0.000","0.000","0.000"
"British Virgin Islands","VGB","2012","6.8770127","25734.096","0.000","0.000","0.000","0.000","0.000","0.000"
"British Virgin Islands","VGB","2013","6.6981435","25516.426","0.000","0.000","0.000","0.000","0.000","0.000"
"British Virgin Islands","VGB","2014","6.5531707","25639.906","0.000","0.000","0.000","0.000","0.000","0.000"
"British Virgin Islands","VGB","2015","6.4740605","25398.590","0.000","0.000","0.000","0.000","0.000","0.000"
"British Virgin Islands","VGB","2016","6.7003303","25417.586","0.000","0.000","0.000","0.000","0.000","0.000"
"British Virgin Islands","VGB","2017","5.486371","23629.582","0.000","0.000","0.000","0.000","0.000","0.000"
"British Virgin Islands","VGB","2018","4.54276","29075.836","0.000","0.000","0.000","0.000","0.000","0.000"
"British Virgin Islands","VGB","2019","5.029789","23027.121","0.000","0.000","0.000","0.000","0.000","0.000"
"British Virgin Islands","VGB","2020","4.8313017","19221.441","0.000","0.000","0.000","0.000","0.000","0.000"
"British Virgin Islands","VGB","2021","4.8423333","20316.449","0.000","0.000","0.000","0.000","0.000","0.000"
"Brunei","BRN","2000","18.032026","58884.859","0.000","0.000","0.000","0.000","0.000","0.000"
"Brunei","BRN","2001","17.272831","65610.273","0.000","0.000","0.000","0.000","0.000","0.000"
"Brunei","BRN","2002","15.540434","75133.312","0.000","0.000","0.000","0.000","0.000","0.000"
"Brunei","BRN","2003","17.71134","76284.742","0.000","0.000","0.000","0.000","0.000","0.000"
"Brunei","BRN","2004","16.90654","83202.562","0.000","0.000","0.000","0.000","0.000","0.000"
"Brunei","BRN","2005","15.124172","92130.180","0.000","0.000","0.000","0.000","0.000","0.000"
"Brunei","BRN","2006","19.589458","139666.797","0.000","0.000","0.000","0.000","0.000","0.000"
"Brunei","BRN","2007","21.776941","144318.156","0.000","0.000","0.000","0.000","0.000","0.000"
"Brunei","BRN","2008","24.260351","145980.906","0.000","89.130","0.000","0.000","0.000","0.000"
"Brunei","BRN","2009","20.118517","95420.391","0.000","89.086","0.000","0.000","0.000","0.000"
"Brunei","BRN","2010","20.43478","107111.188","0.000","87.955","0.000","0.000","0.000","0.000"
"Brunei","BRN","2011","23.924784","108531.148","0.000","88.571","0.000","0.000","0.000","0.000"
"Brunei","BRN","2012","23.423746","104173.734","0.000","88.649","0.000","0.000","0.000","0.000"
"Brunei","BRN","2013","18.545628","95693.625","0.000","88.647","0.000","0.000","0.000","0.000"
"Brunei","BRN","2014","21.189787","106339.250","0.000","88.679","0.000","0.000","0.000","0.000"
"Brunei","BRN","2015","16.42092","116170.312","0.000","94.670","0.000","0.000","0.000","0.000"
"Brunei","BRN","2016","17.851791","120051.602","0.000","94.763","0.000","0.000","0.000","0.000"
"Brunei","BRN","2017","21.510313","119337.055","0.000","94.629","0.000","0.000","0.000","0.000"
"Brunei","BRN","2018","21.335896","122979.117","0.000","94.554","0.000","0.000","0.000","0.000"
"Brunei","BRN","2019","21.60471","120314.977","49.569","47.629","0.000","0.000","0.000","0.000"
"Brunei","BRN","2020","24.937006","125303.023","49.545","47.727","0.000","0.000","0.000","0.000"
"Brunei","BRN","2021","25.920458","103268.102","49.467","47.761","0.000","0.000","0.000","0.000"
"Bulgaria","BGR","1990","8.686779","37083.684","50.072","7.613","0.000","0.000","3.890","3.890"
"Bulgaria","BGR","1991","7.0747633","30167.354","51.069","7.078","0.000","0.000","5.579","5.579"
"Bulgaria","BGR","1992","6.7011375","28558.896","50.254","7.816","0.000","0.000","5.361","5.361"
"Bulgaria","BGR","1993","6.896467","30663.455","45.349","8.034","0.000","0.000","4.730","4.730"
"Bulgaria","BGR","1994","6.698713","29718.602","44.471","6.740","0.000","0.000","3.423","3.423"
"Bulgaria","BGR","1995","6.9298277","32211.238","41.609","7.707","0.000","0.000","5.210","5.210"
"Bulgaria","BGR","1996","7.050726","32375.387","40.206","6.982","0.000","0.000","6.771","6.771"
"Bulgaria","BGR","1997","6.7914696","30918.240","44.353","4.414","0.000","0.000","6.386","6.386"
"Bulgaria","BGR","1998","6.5264907","30036.193","44.150","4.849","0.000","0.000","7.407","7.407"
"Bulgaria","BGR","1999","5.7479424","26624.686","42.838","5.292","0.000","0.000","7.188","7.188"
"Bulgaria","BGR","2000","5.687045","26859.672","41.724","4.704","0.000","0.000","6.478","6.478"
"Bulgaria","BGR","2001","6.1827483","27980.561","44.879","4.396","0.000","0.000","3.797","3.797"
"Bulgaria","BGR","2002","5.868906","27344.377","40.817","3.659","0.000","0.000","5.037","5.037"
"Bulgaria","BGR","2003","6.4695783","28474.164","45.495","4.162","0.000","0.000","7.070","7.070"
"Bulgaria","BGR","2004","6.3923783","27716.521","45.652","3.599","0.000","0.000","7.585","7.585"
"Bulgaria","BGR","2005","6.5757046","30223.080","42.021","3.938","0.000","0.000","9.788","9.788"
"Bulgaria","BGR","2006","6.784753","31003.193","41.974","4.749","0.000","0.044","9.257","9.301"
"Bulgaria","BGR","2007","7.3375487","30154.662","52.145","5.455","0.000","0.117","6.597","6.713"
"Bulgaria","BGR","2008","7.1694345","30008.596","52.020","5.296","0.000","0.269","6.261","6.575"
"Bulgaria","BGR","2009","6.1097956","26486.121","49.846","4.630","0.000","0.567","8.103","8.694"
"Bulgaria","BGR","2010","6.4289203","27862.668","49.174","4.284","0.022","1.479","10.940","12.527"
"Bulgaria","BGR","2011","7.1978717","29793.070","55.115","4.164","0.200","1.722","5.746","7.788"
"Bulgaria","BGR","2012","6.5978446","28532.125","49.204","5.077","1.678","2.625","6.842","11.295"
"Bulgaria","BGR","2013","5.861707","26659.102","45.051","5.437","3.230","3.183","9.387","16.055"
"Bulgaria","BGR","2014","6.253115","28695.912","45.418","4.561","2.685","2.835","9.804","15.750"
"Bulgaria","BGR","2015","6.7052627","30739.168","46.263","3.819","2.834","2.977","11.602","17.967"
"Bulgaria","BGR","2016","6.3618603","29411.801","43.469","4.601","3.119","3.187","8.707","15.799"
"Bulgaria","BGR","2017","6.705518","30376.139","46.561","4.296","3.116","3.339","6.299","13.643"
"Bulgaria","BGR","2018","6.192869","30743.955","40.095","4.340","2.879","2.836","11.066","20.155"
"Bulgaria","BGR","2019","6.0490556","29996.027","39.269","4.909","3.242","3.014","6.689","17.100"
"Bulgaria","BGR","2020","5.274422","27993.869","33.590","5.694","3.655","3.680","7.011","18.573"
"Bulgaria","BGR","2021","6.1601954","32216.705","36.131","6.448","3.108","3.023","10.190","21.797"
"Bulgaria","BGR","2022","6.8755846","34175.520","42.289","5.753","3.401","2.827","7.335","18.703"
"Burkina Faso","BFA","2000","0.078049414","358.424","0.000","0.000","0.000","0.000","31.250","31.250"
"Burkina Faso","BFA","2001","0.08656977","386.415","0.000","0.000","0.000","0.000","15.625","15.625"
"Burkina Faso","BFA","2002","0.08416317","392.564","0.000","0.000","0.000","0.000","16.667","16.667"
"Burkina Faso","BFA","2003","0.09053791","421.103","0.000","0.000","0.000","0.000","22.222","22.222"
"Burkina Faso","BFA","2004","0.08203178","367.588","0.000","0.000","0.000","0.000","21.277","21.277"
"Burkina Faso","BFA","2005","0.07922409","378.259","0.000","0.000","0.000","0.000","20.408","20.408"
"Burkina Faso","BFA","2006","0.08468466","361.505","0.000","0.000","0.000","0.000","15.385","15.385"
"Burkina Faso","BFA","2007","0.10909914","496.810","0.000","0.000","0.000","0.000","18.966","18.966"
"Burkina Faso","BFA","2008","0.11913781","526.817","0.000","0.000","0.000","0.000","22.414","22.414"
"Burkina Faso","BFA","2009","0.11688715","480.640","0.000","0.000","0.000","0.000","19.697","19.697"
"Burkina Faso","BFA","2010","0.12271354","509.410","0.000","0.000","1.562","0.000","18.750","20.312"
"Burkina Faso","BFA","2011","0.12899202","563.346","0.000","0.000","1.449","0.000","11.594","13.043"
"Burkina Faso","BFA","2012","0.15208146","644.375","0.000","0.000","1.149","0.000","11.494","12.644"
"Burkina Faso","BFA","2013","0.15873493","749.678","0.000","0.000","1.010","0.000","11.111","12.121"
"Burkina Faso","BFA","2014","0.15730137","677.646","0.000","0.000","0.893","0.000","8.036","8.929"
"Burkina Faso","BFA","2015","0.19937555","836.030","0.000","0.000","0.699","0.000","6.294","6.993"
"Burkina Faso","BFA","2016","0.20624086","780.077","0.000","0.000","1.290","0.000","9.032","10.323"
"Burkina Faso","BFA","2017","0.23230799","878.578","0.000","0.000","1.829","0.000","7.927","9.756"
"Burkina Faso","BFA","2018","0.25570858","950.387","0.000","0.000","6.061","0.000","7.879","13.939"
"Burkina Faso","BFA","2019","0.2680103","946.957","0.000","0.000","5.814","0.000","6.395","12.209"
"Burkina Faso","BFA","2020","0.26156566","878.982","0.000","0.000","6.098","0.000","6.707","12.805"
"Burkina Faso","BFA","2021","0.28773117","904.726","0.000","0.000","6.857","0.000","6.286","13.143"
"Burundi","BDI","2000","0.041905377","261.958","0.000","0.000","0.000","0.000","100.000","100.000"
"Burundi","BDI","2001","0.030927436","217.609","0.000","0.000","0.000","0.000","100.000","100.000"
"Burundi","BDI","2002","0.031141218","200.193","0.000","0.000","0.000","0.000","100.000","100.000"
"Burundi","BDI","2003","0.023930175","157.229","0.000","0.000","0.000","0.000","100.000","100.000"
"Burundi","BDI","2004","0.027064055","174.654","0.000","0.000","0.000","0.000","100.000","100.000"
"Burundi","BDI","2005","0.020765217","145.987","0.000","0.000","0.000","0.000","100.000","100.000"
"Burundi","BDI","2006","0.023757286","163.211","0.000","0.000","0.000","0.000","100.000","100.000"
"Burundi","BDI","2007","0.022894729","246.200","0.000","0.000","0.000","0.000","100.000","100.000"
"Burundi","BDI","2008","0.023692505","155.427","0.000","0.000","0.000","0.000","100.000","100.000"
"Burundi","BDI","2009","0.024160078","149.196","0.000","0.000","0.000","0.000","100.000","100.000"
"Burundi","BDI","2010","0.035559736","199.676","0.000","0.000","0.000","0.000","100.000","100.000"
"Burundi","BDI","2011","0.042604737","226.621","0.000","0.000","0.000","0.000","92.857","92.857"
"Burundi","BDI","2012","0.03892828","205.988","0.000","0.000","0.000","0.000","93.333","93.333"
"Burundi","BDI","2013","0.041766603","216.881","0.000","0.000","0.000","0.000","77.778","83.333"
"Burundi","BDI","2014","0.03288268","196.128","0.000","0.000","0.000","0.000","73.684","78.947"
"Burundi","BDI","2015","0.03217066","193.754","0.000","0.000","0.000","0.000","77.778","83.333"
"Burundi","BDI","2016","0.038141336","208.430","0.000","0.000","5.263","0.000","73.684","84.211"
"Burundi","BDI","2017","0.04488647","246.900","0.000","0.000","3.448","0.000","65.517","72.414"
"Burundi","BDI","2018","0.054395214","290.769","0.000","0.000","3.704","0.000","55.556","62.963"
"Burundi","BDI","2019","0.055907715","309.341","0.000","0.000","2.778","0.000","61.111","66.667"
"Burundi","BDI","2020","0.05860566","289.066","0.000","0.000","2.857","0.000","62.857","68.571"
"Burundi","BDI","2021","0.05951778","293.889","0.000","0.000","2.778","0.000","61.111","66.667"
"Burundi","BDI","2022","0.06587466","","0.000","0.000","2.778","0.000","63.889","69.444"
"Cambodia","KHM","2000","0.16023311","739.456","0.000","0.000","0.000","0.000","10.638","10.638"
"Cambodia","KHM","2001","0.17656456","769.410","0.000","0.000","0.000","0.000","5.882","5.882"
"Cambodia","KHM","2002","0.16759162","754.145","0.000","0.000","0.000","0.000","4.348","4.348"
"Cambodia","KHM","2003","0.17265834","803.816","0.000","0.000","0.000","0.000","5.634","5.634"
"Cambodia","KHM","2004","0.16902593","813.564","0.000","0.000","0.000","0.000","3.947","3.947"
"Cambodia","KHM","2005","0.16439903","909.821","0.000","0.000","0.000","0.000","4.444","4.444"
"Cambodia","KHM","2006","0.20873387","967.996","0.000","0.000","0.000","0.000","4.505","11.712"
"Cambodia","KHM","2007","0.25209647","1116.155","0.000","0.000","0.000","0.000","3.546","11.348"
"Cambodia","KHM","2008","0.28009662","1152.201","0.000","0.000","0.000","0.000","2.878","11.511"
"Cambodia","KHM","2009","0.32075632","1399.933","0.000","0.000","0.000","0.000","3.419","12.821"
"Cambodia","KHM","2010","0.34945744","1591.320","0.000","0.000","0.000","0.000","3.226","12.903"
"Cambodia","KHM","2011","0.3580236","1623.918","0.000","0.000","0.000","0.000","5.051","18.182"
"Cambodia","KHM","2012","0.37285504","1783.722","0.000","0.000","0.730","0.000","37.226","62.774"
"Cambodia","KHM","2013","0.37084115","1866.119","0.000","0.000","0.578","0.000","58.382","72.832"
"Cambodia","KHM","2014","0.43530843","2031.747","25.753","0.000","0.334","0.000","61.204","65.552"
"Cambodia","KHM","2015","0.5239673","2299.249","40.610","0.000","0.469","0.000","46.479","50.704"
"Cambodia","KHM","2016","0.67139864","2828.744","39.779","0.000","0.552","0.000","47.698","51.750"
"Cambodia","KHM","2017","0.75199807","2950.300","47.267","0.000","0.443","0.000","40.030","45.347"
"Cambodia","KHM","2018","0.8564005","3674.928","32.161","0.000","0.503","0.000","58.920","62.814"
"Cambodia","KHM","2019","1.1301459","4069.461","40.355","0.000","1.420","0.000","47.692","53.373"
"Cambodia","KHM","2020","1.2550187","3918.637","40.473","0.000","3.669","0.000","48.166","54.675"
"Cambodia","KHM","2021","1.223931","4035.081","42.348","0.000","4.258","0.000","46.030","52.934"
"Cameroon","CMR","2000","0.37475404","1575.576","0.000","0.000","0.000","0.000","98.841","98.841"
"Cameroon","CMR","2001","0.3633318","1529.810","0.000","0.000","0.000","0.000","98.286","98.286"
"Cameroon","CMR","2002","0.34025183","1467.472","0.000","0.000","0.000","0.000","96.626","96.626"
"Cameroon","CMR","2003","0.35300136","1529.664","0.000","0.000","0.000","0.000","95.879","95.879"
"Cameroon","CMR","2004","0.34306374","1551.400","0.000","0.000","0.000","0.000","95.567","95.567"
"Cameroon","CMR","2005","0.31765655","1456.898","0.000","0.000","0.000","0.000","94.430","94.430"
"Cameroon","CMR","2006","0.3125808","1606.583","0.000","0.000","0.000","0.000","87.699","87.699"
"Cameroon","CMR","2007","0.4104939","1647.382","0.000","0.000","0.000","0.000","75.446","75.446"
"Cameroon","CMR","2008","0.3941315","1625.477","0.000","0.000","0.000","0.000","76.460","76.460"
"Cameroon","CMR","2009","0.44757628","1695.753","0.000","0.000","0.000","0.000","71.454","71.454"
"Cameroon","CMR","2010","0.42624035","1886.151","0.000","0.000","0.000","0.000","73.905","73.905"
"Cameroon","CMR","2011","0.40061057","1931.210","0.000","0.000","0.000","0.000","75.916","75.916"
"Cameroon","CMR","2012","0.3655555","1873.383","0.000","0.000","0.000","0.000","79.434","79.434"
"Cameroon","CMR","2013","0.36693028","1600.295","0.000","0.000","0.000","0.000","70.407","70.407"
"Cameroon","CMR","2014","0.39778858","1941.542","0.000","0.000","0.150","0.000","64.918","65.067"
"Cameroon","CMR","2015","0.43270966","1888.393","0.000","0.000","0.130","0.000","56.104","56.234"
"Cameroon","CMR","2016","0.424868","1785.731","0.000","0.000","0.145","0.000","62.572","62.717"
"Cameroon","CMR","2017","0.39711067","1763.443","0.000","0.000","0.255","0.000","64.286","64.541"
"Cameroon","CMR","2018","0.3968279","1746.755","0.000","0.000","0.242","0.000","60.024","60.266"
"Cameroon","CMR","2019","0.37658802","1720.249","0.000","0.000","0.240","0.000","63.952","64.192"
"Cameroon","CMR","2020","0.3707004","1758.121","0.000","0.000","0.241","0.000","65.501","65.742"
"Cameroon","CMR","2021","0.36162904","1593.620","0.000","0.000","0.248","0.000","62.112","62.360"
"Canada","CAN","1985","16.26561","110558.883","17.308","1.483","","0.000","66.151","66.517"
"Canada","CAN","1986","15.440642","110465.453","15.286","1.470","","0.000","66.292","66.690"
"Canada","CAN","1987","16.238403","112631.016","16.970","1.241","","0.000","63.700","64.166"
"Canada","CAN","1988","16.921936","115489.023","18.133","1.864","","0.000","60.756","61.247"
"Canada","CAN","1989","16.914713","114790.242","18.418","2.978","","0.000","58.312","59.011"
"Canada","CAN","1990","16.481726","108781.125","17.108","2.009","0.000","0.000","61.525","62.348"
"Canada","CAN","1991","15.973789","107826.000","17.453","1.701","0.000","0.000","60.607","61.394"
"Canada","CAN","1992","16.259357","109417.391","17.359","2.530","0.000","0.011","60.771","61.644"
"Canada","CAN","1993","16.096474","110924.656","15.537","2.885","0.000","0.011","60.768","61.688"
"Canada","CAN","1994","16.415466","113906.836","15.668","2.791","0.000","0.011","59.281","60.328"
"Canada","CAN","1995","16.677519","115464.414","16.420","3.581","0.001","0.011","59.881","61.172"
"Canada","CAN","1996","17.058207","117390.445","15.678","3.258","0.001","0.011","62.033","63.362"
"Canada","CAN","1997","17.366419","116831.453","16.935","3.988","0.001","0.011","60.922","62.361"
"Canada","CAN","1998","17.461765","114154.594","18.860","4.702","0.002","0.011","58.875","60.487"
"Canada","CAN","1999","17.773502","116807.078","18.379","4.824","0.002","0.028","59.712","61.290"
"Canada","CAN","2000","18.344023","118875.336","18.560","5.720","0.003","0.044","60.317","61.810"
"Canada","CAN","2001","17.90825","115218.680","18.352","6.948","0.003","0.059","57.653","59.329"
"Canada","CAN","2002","17.892685","117915.383","17.819","6.249","0.003","0.070","59.433","61.148"
"Canada","CAN","2003","18.255484","117365.117","17.967","6.351","0.003","0.145","58.365","60.079"
"Canada","CAN","2004","17.93459","118078.047","15.999","6.477","0.002","0.163","57.937","59.697"
"Canada","CAN","2005","17.583017","117744.773","16.352","5.863","0.003","0.259","59.080","60.821"
"Canada","CAN","2006","17.287231","115946.312","15.401","6.490","0.003","0.417","58.944","60.827"
"Canada","CAN","2007","17.827667","119158.602","16.043","6.482","0.005","0.491","59.368","61.246"
"Canada","CAN","2008","17.166817","116479.148","15.399","6.055","0.007","0.616","60.777","62.652"
"Canada","CAN","2009","15.997278","110665.805","13.192","7.049","0.017","1.116","61.324","63.892"
"Canada","CAN","2010","16.20929","110485.930","13.209","8.064","0.043","1.485","59.790","62.942"
"Canada","CAN","2011","16.287806","113449.320","11.541","9.033","0.093","1.650","60.825","64.092"
"Canada","CAN","2012","16.086172","112586.703","10.123","9.231","0.142","1.829","61.486","65.099"
"Canada","CAN","2013","16.11036","114051.086","9.885","8.449","0.232","2.788","60.820","65.432"
"Canada","CAN","2014","15.853792","113198.414","9.582","9.044","0.330","3.509","59.532","64.791"
"Canada","CAN","2015","15.655382","112891.758","9.002","9.940","0.449","4.179","59.217","65.295"
"Canada","CAN","2016","15.231254","110180.789","9.039","9.240","0.619","4.748","59.171","66.189"
"Canada","CAN","2017","15.394822","110509.586","8.630","8.444","0.549","4.839","60.593","67.540"
"Canada","CAN","2018","15.420052","110059.281","7.352","9.777","0.591","5.166","60.076","67.369"
"Canada","CAN","2019","15.324565","107980.758","6.990","10.156","0.643","5.149","59.877","67.174"
"Canada","CAN","2020","13.732821","100497.281","5.494","10.467","0.679","5.727","61.039","68.780"
"Canada","CAN","2021","13.977163","100738.891","5.881","11.549","0.816","5.625","60.254","68.170"
"Canada","CAN","2022","14.107159","102160.289","6.381","10.509","0.871","5.973","61.481","69.744"
"Cape Verde","CPV","2000","0.65466815","2981.490","0.000","0.000","0.000","7.143","0.000","7.143"
"Cape Verde","CPV","2001","0.75620246","3263.994","0.000","0.000","0.000","6.250","0.000","6.250"
"Cape Verde","CPV","2002","0.82371277","3492.702","0.000","0.000","0.000","5.556","0.000","5.556"
"Cape Verde","CPV","2003","0.87462187","3421.961","0.000","0.000","0.000","0.000","0.000","0.000"
"Cape Verde","CPV","2004","0.8942607","3692.002","0.000","0.000","0.000","4.762","0.000","4.762"
"Cape Verde","CPV","2005","0.9214228","5685.298","0.000","0.000","0.000","4.348","0.000","4.348"
"Cape Verde","CPV","2006","1.0079719","5967.698","0.000","0.000","0.000","4.167","0.000","4.167"
"Cape Verde","CPV","2007","1.0190166","6573.914","0.000","0.000","0.000","3.846","0.000","3.846"
"Cape Verde","CPV","2008","0.94274396","6589.225","0.000","0.000","0.000","3.704","0.000","3.704"
"Cape Verde","CPV","2009","1.0351754","6177.154","0.000","0.000","0.000","3.571","0.000","3.571"
"Cape Verde","CPV","2010","1.0924591","6542.746","0.000","0.000","0.000","0.000","0.000","0.000"
"Cape Verde","CPV","2011","1.2035358","7692.892","0.000","0.000","2.857","5.714","0.000","8.571"
"Cape Verde","CPV","2012","0.98047143","6820.054","0.000","0.000","2.778","16.667","0.000","19.444"
"Cape Verde","CPV","2013","0.96565807","6636.519","0.000","0.000","2.564","20.513","0.000","23.077"
"Cape Verde","CPV","2014","0.95831233","7077.256","0.000","0.000","2.439","19.512","0.000","21.951"
"Cape Verde","CPV","2015","0.9653302","6915.403","0.000","0.000","2.439","19.512","0.000","21.951"
"Cape Verde","CPV","2016","1.0365306","7142.143","0.000","0.000","2.326","18.605","0.000","20.930"
"Cape Verde","CPV","2017","1.1144183","7489.280","0.000","0.000","2.174","15.217","0.000","17.391"
"Cape Verde","CPV","2018","1.1132917","7495.767","0.000","0.000","2.174","17.391","0.000","19.565"
"Cape Verde","CPV","2019","1.225809","7383.928","0.000","0.000","2.174","15.217","0.000","17.391"
"Cape Verde","CPV","2020","1.0108902","6949.681","0.000","0.000","2.326","13.953","0.000","16.279"
"Cape Verde","CPV","2021","1.1417755","7249.497","0.000","0.000","2.222","13.333","0.000","15.556"
"Cayman Islands","CYM","2000","","52485.707","0.000","0.000","0.000","0.000","0.000","0.000"
"Cayman Islands","CYM","2001","","51350.027","0.000","0.000","0.000","0.000","0.000","0.000"
"Cayman Islands","CYM","2002","","51466.680","0.000","0.000","0.000","0.000","0.000","0.000"
"Cayman Islands","CYM","2003","","50467.512","0.000","0.000","0.000","0.000","0.000","0.000"
"Cayman Islands","CYM","2004","","46195.980","0.000","0.000","0.000","0.000","0.000","0.000"
"Cayman Islands","CYM","2005","","46092.508","0.000","0.000","0.000","0.000","0.000","0.000"
"Cayman Islands","CYM","2006","","45344.523","0.000","0.000","0.000","0.000","0.000","0.000"
"Cayman Islands","CYM","2007","","52593.047","0.000","0.000","0.000","0.000","0.000","0.000"
"Cayman Islands","CYM","2008","","52451.508","0.000","0.000","0.000","0.000","0.000","0.000"
"Cayman Islands","CYM","2009","","47302.730","0.000","0.000","0.000","0.000","0.000","0.000"
"Cayman Islands","CYM","2010","","46226.355","0.000","0.000","0.000","0.000","0.000","0.000"
"Cayman Islands","CYM","2011","","47423.246","0.000","0.000","0.000","0.000","0.000","0.000"
"Cayman Islands","CYM","2012","","42757.977","0.000","0.000","0.000","0.000","0.000","0.000"
"Cayman Islands","CYM","2013","","41230.707","0.000","0.000","0.000","0.000","0.000","0.000"
"Cayman Islands","CYM","2014","","40977.293","0.000","0.000","0.000","0.000","0.000","0.000"
"Cayman Islands","CYM","2015","","42380.680","0.000","0.000","0.000","0.000","0.000","0.000"
"Cayman Islands","CYM","2016","","40911.793","0.000","0.000","0.000","0.000","0.000","0.000"
"Cayman Islands","CYM","2017","","46465.980","0.000","0.000","1.515","0.000","0.000","1.515"
"Cayman Islands","CYM","2018","","42507.164","0.000","0.000","1.538","0.000","0.000","1.538"
"Cayman Islands","CYM","2019","","50531.711","0.000","0.000","2.857","0.000","0.000","2.857"
"Cayman Islands","CYM","2020","","41981.379","0.000","0.000","2.899","0.000","0.000","2.899"
"Cayman Islands","CYM","2021","","44166.766","0.000","0.000","2.740","0.000","0.000","2.740"
"Central African Republic","CAF","2000","0.032497343","384.720","0.000","0.000","0.000","0.000","80.000","80.000"
"Central African Republic","CAF","2001","0.03645773","386.345","0.000","0.000","0.000","0.000","80.000","80.000"
"Central African Republic","CAF","2002","0.029267522","373.586","0.000","0.000","0.000","0.000","80.000","80.000"
"Central African Republic","CAF","2003","0.027682537","342.826","0.000","0.000","0.000","0.000","80.000","80.000"
"Central African Republic","CAF","2004","0.029711688","359.333","0.000","0.000","0.000","0.000","80.000","80.000"
"Central African Republic","CAF","2005","0.029901043","352.110","0.000","0.000","0.000","0.000","81.250","81.250"
"Central African Republic","CAF","2006","0.031805687","358.046","0.000","0.000","0.000","0.000","82.353","82.353"
"Central African Republic","CAF","2007","0.034482565","349.302","0.000","0.000","0.000","0.000","87.500","87.500"
"Central African Republic","CAF","2008","0.032951165","276.599","0.000","0.000","0.000","0.000","87.500","87.500"
"Central African Republic","CAF","2009","0.033977978","260.595","0.000","0.000","0.000","0.000","87.500","87.500"
"Central African Republic","CAF","2010","0.03751255","260.018","0.000","0.000","0.000","0.000","81.250","81.250"
"Central African Republic","CAF","2011","0.033710234","279.481","0.000","0.000","0.000","0.000","83.333","83.333"
"Central African Republic","CAF","2012","0.03973239","282.513","0.000","0.000","0.000","0.000","83.333","83.333"
"Central African Republic","CAF","2013","0.022098806","206.793","0.000","0.000","0.000","0.000","100.000","100.000"
"Central African Republic","CAF","2014","0.028530968","238.238","0.000","0.000","0.000","0.000","100.000","100.000"
"Central African Republic","CAF","2015","0.04194826","297.004","0.000","0.000","0.000","0.000","100.000","100.000"
"Central African Republic","CAF","2016","0.05052546","307.305","0.000","0.000","0.000","0.000","100.000","100.000"
"Central African Republic","CAF","2017","0.05962059","301.667","0.000","0.000","0.000","0.000","100.000","100.000"
"Central African Republic","CAF","2018","0.05557588","302.459","0.000","0.000","0.000","0.000","100.000","100.000"
"Central African Republic","CAF","2019","0.06298451","299.180","0.000","0.000","0.000","0.000","100.000","100.000"
"Central African Republic","CAF","2020","0.06633153","280.739","0.000","0.000","0.000","0.000","100.000","100.000"
"Central African Republic","CAF","2021","0.07167305","286.132","0.000","0.000","0.000","0.000","100.000","100.000"
"Chad","TCD","2000","0.057272878","124.966","0.000","0.000","0.000","0.000","0.000","11.111"
"Chad","TCD","2001","0.057426963","116.015","0.000","0.000","0.000","0.000","0.000","10.000"
"Chad","TCD","2002","0.058271352","110.642","0.000","0.000","0.000","0.000","0.000","10.000"
"Chad","TCD","2003","0.09300483","105.110","0.000","0.000","0.000","0.000","0.000","9.091"
"Chad","TCD","2004","0.091349974","105.936","0.000","0.000","0.000","0.000","0.000","8.333"
"Chad","TCD","2005","0.08998427","109.556","0.000","0.000","0.000","0.000","0.000","8.333"
"Chad","TCD","2006","0.08941238","107.341","0.000","0.000","0.000","0.000","0.000","7.692"
"Chad","TCD","2007","0.098266356","114.514","0.000","0.000","0.000","0.000","0.000","0.000"
"Chad","TCD","2008","0.07602303","116.017","0.000","0.000","0.000","0.000","0.000","0.000"
"Chad","TCD","2009","0.10255048","122.114","0.000","0.000","0.000","0.000","0.000","5.556"
"Chad","TCD","2010","0.10038562","130.909","0.000","0.000","0.000","0.000","0.000","5.263"
"Chad","TCD","2011","0.100087225","180.934","0.000","0.000","0.000","0.000","0.000","5.263"
"Chad","TCD","2012","0.13220878","302.571","0.000","0.000","0.000","0.000","0.000","0.000"
"Chad","TCD","2013","0.15208156","302.861","0.000","0.000","0.000","0.000","0.000","0.000"
"Chad","TCD","2014","0.15383954","303.739","0.000","0.000","0.000","0.000","0.000","0.000"
"Chad","TCD","2015","0.1605635","298.346","0.000","0.000","0.000","0.000","0.000","0.000"
"Chad","TCD","2016","0.15756783","286.591","0.000","0.000","0.000","3.448","0.000","3.448"
"Chad","TCD","2017","0.14983028","446.255","0.000","0.000","0.000","3.333","0.000","3.333"
"Chad","TCD","2018","0.14752606","457.118","0.000","0.000","0.000","3.333","0.000","3.333"
"Chad","TCD","2019","0.13783364","458.181","0.000","0.000","0.000","3.226","0.000","3.226"
"Chad","TCD","2020","0.13680632","372.511","0.000","0.000","0.000","3.448","0.000","3.448"
"Chad","TCD","2021","0.14977008","361.161","0.000","0.000","0.000","3.226","0.000","3.226"
"Chile","CHL","1990","2.449037","11667.694","","","0.000","0.000","48.600","53.834"
"Chile","CHL","1991","2.2610672","12901.113","","","0.000","0.000","65.800","70.975"
"Chile","CHL","1992","2.3047636","14090.100","","","0.000","0.000","74.900","82.699"
"Chile","CHL","1993","2.417898","14660.837","","","0.000","0.000","71.700","78.988"
"Chile","CHL","1994","2.652569","15163.331","","","0.000","0.000","67.200","74.266"
"Chile","CHL","1995","2.8609886","16108.677","","","0.000","0.000","65.700","72.404"
"Chile","CHL","1996","3.2731185","16820.854","","","0.000","0.000","54.800","60.445"
"Chile","CHL","1997","3.7463424","18978.543","","","0.000","0.000","56.900","62.135"
"Chile","CHL","1998","3.784981","18769.127","","","0.000","0.000","44.900","48.171"
"Chile","CHL","1999","4.0085335","19313.859","","","0.000","0.000","35.372","39.149"
"Chile","CHL","2000","3.7734768","20023.135","22.931","25.630","0.000","0.000","47.506","47.506"
"Chile","CHL","2001","3.3740683","20184.580","14.131","31.487","0.000","0.000","51.773","51.773"
"Chile","CHL","2002","3.4579308","20441.285","15.152","29.431","0.000","0.000","53.104","53.104"
"Chile","CHL","2003","3.4384434","20334.662","13.602","35.711","0.000","0.000","48.383","48.383"
"Chile","CHL","2004","3.6584854","21494.553","18.290","35.779","0.000","0.000","42.889","42.889"
"Chile","CHL","2005","3.7382884","22090.879","16.693","25.464","0.000","0.000","50.217","50.217"
"Chile","CHL","2006","3.879552","22631.893","21.673","22.942","0.000","0.000","52.324","52.324"
"Chile","CHL","2007","4.226911","22387.779","25.420","10.432","0.000","0.000","39.818","39.818"
"Chile","CHL","2008","4.189623","22165.260","26.237","5.251","0.000","0.053","42.132","42.186"
"Chile","CHL","2009","3.8777666","21051.678","26.918","8.714","0.000","0.123","43.217","43.341"
"Chile","CHL","2010","4.1525846","21403.439","30.038","19.464","0.000","0.549","36.440","36.989"
"Chile","CHL","2011","4.4993253","22459.619","34.155","17.940","0.000","0.516","33.398","33.914"
"Chile","CHL","2012","4.5448008","23224.074","40.055","18.978","0.000","0.593","30.718","31.311"
"Chile","CHL","2013","4.6210914","23629.986","45.548","16.503","0.015","0.807","28.766","29.588"
"Chile","CHL","2014","4.3431134","23154.375","40.543","14.239","0.658","2.044","33.667","36.369"
"Chile","CHL","2015","4.5312576","23180.021","39.164","15.443","1.909","2.927","33.324","38.160"
"Chile","CHL","2016","4.6121125","23993.930","43.552","16.453","3.490","3.067","26.527","33.083"
"Chile","CHL","2017","4.533392","24517.238","39.598","16.761","5.255","4.783","29.386","39.504"
"Chile","CHL","2018","4.469476","25039.641","38.194","15.259","7.102","5.238","30.245","42.859"
"Chile","CHL","2019","4.7910333","24894.514","36.697","18.530","8.244","6.228","26.916","41.646"
"Chile","CHL","2020","4.1391664","22925.926","34.740","17.852","9.826","7.125","26.534","43.807"
"Chile","CHL","2021","4.298362","24462.756","33.947","17.777","13.238","8.846","20.218","42.706"
"Chile","CHL","2022","4.385191","25342.707","23.023","19.094","17.448","10.598","24.357","52.956"
"China","CHN","1985","1.8844863","5800.923","63.465","0.237","0.000","0.000","22.496","22.496"
"China","CHN","1986","1.9526218","5979.108","66.650","0.377","0.000","0.000","21.033","21.033"
"China","CHN","1987","2.0585601","6336.534","68.346","0.550","0.000","0.000","20.115","20.115"
"China","CHN","1988","2.1739132","6691.621","68.534","0.377","0.000","0.000","20.023","20.023"
"China","CHN","1989","2.1712253","6907.912","69.264","0.634","0.000","0.000","20.247","20.247"
"China","CHN","1990","2.1528878","6880.663","71.032","0.446","0.000","0.000","20.403","20.414"
"China","CHN","1991","2.2370765","7122.351","73.564","0.358","0.000","0.001","18.403","18.414"
"China","CHN","1992","2.3057148","7411.395","75.249","0.327","0.000","0.017","17.334","17.367"
"China","CHN","1993","2.4340296","7908.675","72.602","0.385","0.000","0.026","18.710","18.751"
"China","CHN","1994","2.559043","8323.468","74.737","0.340","0.001","0.041","18.046","18.137"
"China","CHN","1995","2.7465813","8498.712","73.671","0.298","0.001","0.061","18.925","19.286"
"China","CHN","1996","2.8427844","8880.126","76.221","0.262","0.001","0.009","17.384","17.535"
"China","CHN","1997","2.8299394","8871.482","76.353","0.711","0.001","0.017","17.259","17.517"
"China","CHN","1998","2.6824508","8822.785","76.407","0.522","0.001","0.030","17.043","17.287"
"China","CHN","1999","2.817025","9069.433","78.245","0.388","0.001","0.038","15.862","16.105"
"China","CHN","2000","2.8700879","9334.936","78.213","0.426","0.001","0.044","16.407","16.639"
"China","CHN","2001","2.912365","9797.812","76.253","0.333","0.002","0.049","18.735","18.958"
"China","CHN","2002","3.184619","10602.087","77.544","0.253","0.003","0.051","17.411","17.618"
"China","CHN","2003","3.7351773","12273.320","79.555","0.270","0.003","0.052","14.848","15.036"
"China","CHN","2004","4.001966","14272.745","78.174","0.339","0.004","0.058","16.046","16.222"
"China","CHN","2005","4.4899764","16114.158","79.198","0.486","0.003","0.078","15.879","16.173"
"China","CHN","2006","4.921031","17552.816","80.344","0.831","0.003","0.129","15.207","15.588"
"China","CHN","2007","5.2606664","18955.008","80.959","1.033","0.003","0.167","14.788","15.258"
"China","CHN","2008","5.6172485","19560.699","77.491","0.989","0.004","0.375","18.221","19.025"
"China","CHN","2009","5.8706574","20281.068","78.380","1.523","0.008","0.743","16.573","17.886"
"China","CHN","2010","6.370445","21551.547","77.224","1.856","0.017","1.180","16.989","18.780"
"China","CHN","2011","6.998823","23090.885","78.674","2.319","0.056","1.580","14.666","16.890"
"China","CHN","2012","7.131918","23873.234","75.458","2.220","0.072","2.075","17.370","20.123"
"China","CHN","2013","7.2097993","24600.359","75.386","2.152","0.155","2.556","16.818","20.215"
"China","CHN","2014","7.187588","25072.023","72.865","2.311","0.408","2.770","18.371","22.350"
"China","CHN","2015","7.0609546","25209.490","69.909","2.884","0.682","3.207","19.256","24.079"
"China","CHN","2016","6.9428844","25164.803","68.238","3.091","1.092","3.954","18.934","25.001"
"China","CHN","2017","7.080384","25987.611","67.549","3.098","1.796","4.645","17.765","25.419"
"China","CHN","2018","7.2915606","27109.420","66.903","3.026","2.484","5.137","16.837","25.775"
"China","CHN","2019","7.5260706","28277.445","65.070","3.116","3.002","5.432","17.055","27.000"
"China","CHN","2020","7.64075","29133.936","63.615","3.264","3.375","6.031","17.087","28.246"
"China","CHN","2021","7.910899","30768.826","62.932","3.213","3.854","7.727","15.323","28.908"
"China","CHN","2022","8.217776","31051.480","61.332","3.128","4.756","9.057","14.913","30.673"
"Colombia","COL","1990","1.7526762","7744.489","","","0.000","0.000","71.893","72.609"
"Colombia","COL","1991","1.7103267","7789.251","","","0.000","0.000","69.102","69.772"
"Colombia","COL","1992","1.8169323","7911.416","","","0.000","0.000","60.854","61.783"
"Colombia","COL","1993","1.8367445","8441.098","","","0.000","0.000","66.816","67.749"
"Colombia","COL","1994","1.9068248","8964.032","","","0.000","0.000","71.202","72.189"
"Colombia","COL","1995","1.6576017","8999.828","","","0.000","0.000","67.370","68.374"
"Colombia","COL","1996","1.6353179","9188.513","","","0.000","0.000","72.952","73.977"
"Colombia","COL","1997","1.7535986","9175.434","","","0.000","0.000","63.070","64.037"
"Colombia","COL","1998","1.7347395","9132.335","","","0.000","0.000","61.217","62.275"
"Colombia","COL","1999","1.4376818","8367.868","","","0.000","0.000","70.541","71.497"
"Colombia","COL","2000","1.4380411","8011.812","6.779","16.260","0.024","0.000","75.255","75.800"
"Colombia","COL","2001","1.4219637","7953.855","6.169","17.518","0.024","0.000","74.123","74.617"
"Colombia","COL","2002","1.3742627","7834.471","5.649","16.062","0.023","0.000","76.293","76.747"
"Colombia","COL","2003","1.3931869","7863.652","5.110","14.539","0.022","0.000","78.531","78.947"
"Colombia","COL","2004","1.3076525","8152.334","4.408","12.526","0.021","0.103","81.345","81.816"
"Colombia","COL","2005","1.4302857","7917.907","4.762","13.556","0.020","0.101","79.838","80.324"
"Colombia","COL","2006","1.4632028","9024.093","4.722","13.408","0.019","0.114","80.239","80.789"
"Colombia","COL","2007","1.4032476","9058.002","4.336","12.989","0.018","0.092","81.181","81.679"
"Colombia","COL","2008","1.5307138","9322.767","3.730","11.172","0.018","0.091","83.588","84.043"
"Colombia","COL","2009","1.6211535","9111.861","5.998","18.013","0.018","0.107","72.766","73.554"
"Colombia","COL","2010","1.684584","9474.296","6.394","19.198","0.018","0.071","70.646","71.812"
"Colombia","COL","2011","1.6613352","9794.911","3.632","12.492","0.017","0.068","82.128","82.841"
"Colombia","COL","2012","1.7209545","10308.172","3.832","13.148","0.017","0.083","77.816","78.593"
"Colombia","COL","2013","1.8730689","10490.081","5.042","17.302","0.014","0.083","68.929","69.927"
"Colombia","COL","2014","1.9766101","10938.481","5.141","17.668","0.014","0.101","68.429","69.602"
"Colombia","COL","2015","1.9379755","10259.040","6.534","19.365","0.013","0.092","62.897","64.288"
"Colombia","COL","2016","1.9306005","11435.303","7.296","18.938","0.013","0.067","64.995","66.443"
"Colombia","COL","2017","1.7339902","11368.834","4.209","10.935","0.013","0.000","78.286","79.254"
"Colombia","COL","2018","1.8523545","11332.247","5.569","12.072","0.025","0.051","74.706","75.868"
"Colombia","COL","2019","1.9828873","11221.787","7.473","16.174","0.166","0.077","67.793","69.495"
"Colombia","COL","2020","1.8231317","10064.389","8.647","19.251","0.246","0.013","62.795","64.778"
"Colombia","COL","2021","2.0265136","11147.847","6.353","14.349","0.396","0.074","71.919","73.922"
"Colombia","COL","2022","1.7286528","11746.604","5.159","14.340","0.580","0.083","73.367","75.497"
"Comoros","COM","2000","0.19137299","816.702","0.000","0.000","0.000","0.000","0.000","0.000"
"Comoros","COM","2001","0.19417383","835.325","0.000","0.000","0.000","0.000","0.000","0.000"
"Comoros","COM","2002","0.19010712","823.612","0.000","0.000","0.000","0.000","0.000","0.000"
"Comoros","COM","2003","0.23791873","1032.137","0.000","0.000","0.000","0.000","0.000","0.000"
"Comoros","COM","2004","0.2586898","1111.626","0.000","0.000","0.000","0.000","0.000","0.000"
"Comoros","COM","2005","0.24110185","1046.985","0.000","0.000","0.000","0.000","0.000","0.000"
"Comoros","COM","2006","0.27869937","1194.371","0.000","0.000","0.000","0.000","0.000","0.000"
"Comoros","COM","2007","0.17223208","773.590","0.000","0.000","0.000","0.000","0.000","0.000"
"Comoros","COM","2008","0.17466639","772.859","0.000","0.000","0.000","0.000","0.000","0.000"
"Comoros","COM","2009","0.21118188","923.480","0.000","0.000","0.000","0.000","0.000","0.000"
"Comoros","COM","2010","0.24618918","1074.197","0.000","0.000","0.000","0.000","0.000","0.000"
"Comoros","COM","2011","0.21389568","944.776","0.000","0.000","0.000","0.000","0.000","0.000"
"Comoros","COM","2012","0.2257624","961.380","0.000","0.000","0.000","0.000","0.000","0.000"
"Comoros","COM","2013","0.26314163","1122.832","0.000","0.000","0.000","0.000","0.000","0.000"
"Comoros","COM","2014","0.23173186","981.591","0.000","0.000","0.000","0.000","0.000","0.000"
"Comoros","COM","2015","0.24706165","1036.378","0.000","0.000","0.000","0.000","0.000","0.000"
"Comoros","COM","2016","0.27662337","1189.054","0.000","0.000","0.000","0.000","0.000","0.000"
"Comoros","COM","2017","0.34864247","1492.484","0.000","0.000","0.000","0.000","0.000","0.000"
"Comoros","COM","2018","0.37039024","1593.286","0.000","0.000","0.000","0.000","0.000","0.000"
"Comoros","COM","2019","0.39594093","1685.730","0.000","0.000","0.000","0.000","0.000","0.000"
"Comoros","COM","2020","0.4613275","1578.063","0.000","0.000","0.000","0.000","0.000","0.000"
"Comoros","COM","2021","0.60904104","1633.784","0.000","0.000","0.000","0.000","0.000","0.000"
"Congo","COG","2000","1.3594972","1227.492","0.000","0.000","0.000","0.000","100.000","100.000"
"Congo","COG","2001","1.2766243","1451.196","0.000","0.000","0.000","0.000","100.000","100.000"
"Congo","COG","2002","0.81183815","1311.922","0.000","0.000","0.000","0.000","100.000","100.000"
"Congo","COG","2003","0.94554263","1459.167","0.000","0.000","0.000","0.000","85.000","90.000"
"Congo","COG","2004","0.99524397","1496.137","0.000","0.000","0.000","0.000","84.615","89.744"
"Congo","COG","2005","1.1773973","1950.967","0.000","0.000","0.000","0.000","83.333","88.095"
"Congo","COG","2006","1.2471627","2240.816","0.000","0.000","0.000","0.000","84.091","88.636"
"Congo","COG","2007","1.070063","2657.684","0.000","0.000","0.000","0.000","82.500","85.000"
"Congo","COG","2008","1.0381061","2926.504","0.000","0.000","0.000","0.000","77.083","81.250"
"Congo","COG","2009","1.1547306","3411.898","0.000","0.000","0.000","0.000","63.462","69.231"
"Congo","COG","2010","1.2325344","4460.019","0.000","35.526","0.000","0.000","56.579","57.895"
"Congo","COG","2011","1.0947329","5186.757","0.000","30.645","0.000","0.000","62.903","63.710"
"Congo","COG","2012","1.0585532","5174.505","0.000","32.927","0.000","0.000","59.756","60.976"
"Congo","COG","2013","1.2127337","6385.898","0.000","33.939","0.000","0.000","58.182","59.394"
"Congo","COG","2014","1.09952","5931.768","0.000","35.714","0.000","0.000","55.952","57.143"
"Congo","COG","2015","1.1057556","5841.056","0.000","47.940","0.000","0.000","40.824","42.697"
"Congo","COG","2016","1.0966322","5449.973","0.000","49.117","0.000","0.000","39.576","41.343"
"Congo","COG","2017","1.056052","3985.205","0.000","47.018","0.000","0.000","41.754","43.509"
"Congo","COG","2018","1.193601","3605.274","0.000","51.178","0.000","0.000","36.700","38.721"
"Congo","COG","2019","1.2985657","2873.820","0.000","62.022","0.000","0.000","23.224","25.683"
"Congo","COG","2020","1.334534","2379.556","0.000","66.319","0.000","0.000","23.499","25.065"
"Congo","COG","2021","1.2546886","2348.011","0.000","68.159","0.000","0.000","22.388","23.881"
"Cook Islands","COK","2000","3.2310405","17201.518","0.000","0.000","0.000","0.000","0.000","0.000"
"Cook Islands","COK","2001","3.6018088","17050.652","0.000","0.000","0.000","0.000","0.000","0.000"
"Cook Islands","COK","2002","2.932373","9404.955","0.000","0.000","0.000","0.000","0.000","0.000"
"Cook Islands","COK","2003","3.1651273","8645.277","0.000","0.000","0.000","0.000","0.000","0.000"
"Cook Islands","COK","2004","3.3964114","14629.907","0.000","0.000","0.000","0.000","0.000","0.000"
"Cook Islands","COK","2005","3.868805","23369.021","0.000","0.000","0.000","0.000","0.000","0.000"
"Cook Islands","COK","2006","4.329548","24806.082","0.000","0.000","0.000","0.000","0.000","0.000"
"Cook Islands","COK","2007","4.2497582","20515.166","0.000","0.000","0.000","0.000","0.000","0.000"
"Cook Islands","COK","2008","4.1212273","20346.406","0.000","0.000","0.000","0.000","0.000","0.000"
"Cook Islands","COK","2009","3.7757168","18107.172","0.000","0.000","0.000","0.000","0.000","0.000"
"Cook Islands","COK","2010","4.095059","20785.795","0.000","0.000","0.000","0.000","0.000","0.000"
"Cook Islands","COK","2011","4.4018307","22592.518","0.000","0.000","0.000","0.000","0.000","0.000"
"Cook Islands","COK","2012","4.556699","23641.826","0.000","0.000","0.000","0.000","0.000","0.000"
"Cook Islands","COK","2013","4.572466","23739.312","0.000","0.000","0.000","0.000","0.000","0.000"
"Cook Islands","COK","2014","4.591479","25269.025","0.000","0.000","0.000","0.000","0.000","0.000"
"Cook Islands","COK","2015","4.404098","23834.230","0.000","0.000","0.000","0.000","0.000","0.000"
"Cook Islands","COK","2016","4.432258","25052.822","0.000","0.000","0.000","0.000","0.000","0.000"
"Cook Islands","COK","2017","4.5086136","27209.463","0.000","0.000","25.000","0.000","0.000","25.000"
"Cook Islands","COK","2018","4.6287675","28924.502","0.000","0.000","40.000","0.000","0.000","40.000"
"Cook Islands","COK","2019","4.9908986","29246.834","0.000","0.000","25.000","0.000","0.000","25.000"
"Cook Islands","COK","2020","4.2104187","27636.979","0.000","0.000","25.000","0.000","0.000","25.000"
"Cook Islands","COK","2021","4.819467","28943.293","0.000","0.000","40.000","0.000","0.000","40.000"
"Costa Rica","CRI","2000","1.3630247","10699.309","0.000","0.000","0.000","2.628","82.044","98.978"
"Costa Rica","CRI","2001","1.4063284","10693.142","0.000","0.000","0.000","2.758","81.277","98.403"
"Costa Rica","CRI","2002","1.524723","10944.455","0.000","0.000","0.000","3.504","79.111","97.844"
"Costa Rica","CRI","2003","1.5828342","10991.341","0.000","0.000","0.000","4.252","80.384","97.394"
"Costa Rica","CRI","2004","1.6182607","11161.785","0.000","0.000","0.000","3.262","80.552","99.122"
"Costa Rica","CRI","2005","1.5628277","11431.702","0.000","0.000","0.000","2.454","79.755","96.564"
"Costa Rica","CRI","2006","1.6143328","11759.994","0.000","0.000","0.000","3.147","76.107","93.823"
"Costa Rica","CRI","2007","1.8050741","12253.692","0.000","0.000","0.000","2.688","75.028","92.273"
"Costa Rica","CRI","2008","1.786941","12241.504","0.000","0.000","0.000","2.137","78.098","92.735"
"Costa Rica","CRI","2009","1.7096632","11747.936","0.000","0.000","0.000","3.579","77.549","94.360"
"Costa Rica","CRI","2010","1.637679","11786.667","0.000","0.000","0.000","3.801","75.924","92.503"
"Costa Rica","CRI","2011","1.5784479","11703.091","0.000","0.000","0.000","4.227","72.784","90.619"
"Costa Rica","CRI","2012","1.5473616","11673.354","0.000","0.000","0.100","5.274","71.244","91.045"
"Costa Rica","CRI","2013","1.6079941","11618.479","0.000","0.000","0.198","4.847","67.062","87.834"
"Costa Rica","CRI","2014","1.6156219","11726.931","0.000","0.000","0.198","7.319","65.776","89.120"
"Costa Rica","CRI","2015","1.5261014","12110.349","0.000","0.000","0.279","10.037","74.257","97.584"
"Costa Rica","CRI","2016","1.6085756","12301.996","0.000","0.000","0.276","10.599","73.272","96.774"
"Costa Rica","CRI","2017","1.625584","12649.783","0.000","0.000","0.355","11.446","76.220","98.137"
"Costa Rica","CRI","2018","1.6069579","12802.764","0.000","0.000","0.524","15.734","72.203","97.290"
"Costa Rica","CRI","2019","1.5322173","13012.450","0.000","0.000","0.700","15.748","67.804","97.813"
"Costa Rica","CRI","2020","1.3416045","11486.324","0.000","0.000","0.681","12.436","70.613","98.382"
"Costa Rica","CRI","2021","1.5149114","11957.598","0.000","0.000","0.472","12.352","73.092","98.741"
"Costa Rica","CRI","2022","1.5762514","","0.000","0.000","0.475","10.768","73.634","98.021"
"Cote d'Ivoire","CIV","2000","0.37460092","2188.067","0.000","16.522","0.000","0.000","38.043","38.043"
"Cote d'Ivoire","CIV","2001","0.42100108","2111.730","0.000","16.453","0.000","0.000","38.034","38.034"
"Cote d'Ivoire","CIV","2002","0.39937046","2001.708","0.000","17.589","0.000","0.000","33.794","33.794"
"Cote d'Ivoire","CIV","2003","0.27714372","1761.555","0.000","16.838","0.000","0.000","37.166","37.166"
"Cote d'Ivoire","CIV","2004","0.37694627","1840.879","0.000","17.795","0.000","0.000","33.462","33.462"
"Cote d'Ivoire","CIV","2005","0.37710994","1998.959","0.000","19.586","0.000","0.000","26.742","26.742"
"Cote d'Ivoire","CIV","2006","0.33519748","1668.975","0.000","19.093","0.000","0.000","28.355","28.355"
"Cote d'Ivoire","CIV","2007","0.31636202","1748.413","0.000","17.647","0.000","0.000","33.776","33.776"
"Cote d'Ivoire","CIV","2008","0.31200454","1882.834","0.000","17.463","0.000","0.000","34.559","34.559"
"Cote d'Ivoire","CIV","2009","0.25729427","1799.553","0.000","16.547","0.000","0.000","37.950","37.950"
"Cote d'Ivoire","CIV","2010","0.27680218","1801.921","0.000","16.192","0.000","0.000","28.470","28.470"
"Cote d'Ivoire","CIV","2011","0.28383818","1642.380","0.000","15.771","0.000","0.000","30.503","30.503"
"Cote d'Ivoire","CIV","2012","0.36391443","1962.973","0.000","15.408","0.000","0.000","26.737","26.737"
"Cote d'Ivoire","CIV","2013","0.4043384","2129.461","0.000","13.750","0.000","0.000","22.083","22.083"
"Cote d'Ivoire","CIV","2014","0.40376183","2198.274","0.000","13.427","0.000","0.000","24.169","24.169"
"Cote d'Ivoire","CIV","2015","0.3784605","2129.532","0.000","43.873","0.000","0.000","16.422","16.422"
"Cote d'Ivoire","CIV","2016","0.46093678","2356.630","0.000","51.119","0.000","0.000","16.890","16.890"
"Cote d'Ivoire","CIV","2017","0.44894835","2288.732","0.000","49.107","0.099","0.000","20.139","20.238"
"Cote d'Ivoire","CIV","2018","0.37922856","2235.986","0.000","42.618","0.105","0.000","30.681","30.785"
"Cote d'Ivoire","CIV","2019","0.37380695","2360.121","0.000","39.421","0.100","0.000","34.431","34.531"
"Cote d'Ivoire","CIV","2020","0.38106292","2282.348","0.000","41.060","0.095","0.000","31.693","31.788"
"Cote d'Ivoire","CIV","2021","0.46106416","2370.596","0.000","40.893","0.091","0.000","30.055","30.146"
"Croatia","HRV","1990","4.7331753","20686.525","7.111","15.350","0.000","0.000","44.244","44.357"
"Croatia","HRV","1991","3.5230823","17295.715","4.540","8.615","0.000","0.000","64.377","64.494"
"Croatia","HRV","1992","3.4250019","16781.605","7.416","15.393","0.000","0.000","48.876","48.989"
"Croatia","HRV","1993","3.554331","17528.975","4.702","19.018","0.000","0.000","47.544","47.753"
"Croatia","HRV","1994","3.4337494","17608.570","1.140","20.981","0.000","0.000","61.916","62.030"
"Croatia","HRV","1995","3.6400027","18274.979","2.589","9.493","0.000","0.000","61.273","61.381"
"Croatia","HRV","1996","3.8003798","19804.262","1.074","11.728","0.000","0.000","70.367","70.457"
"Croatia","HRV","1997","4.1222434","19815.602","4.985","11.437","0.000","0.000","57.185","57.185"
"Croatia","HRV","1998","4.2828264","21187.268","4.716","11.703","0.000","0.000","52.576","52.664"
"Croatia","HRV","1999","4.578895","22173.107","4.006","9.476","0.000","0.000","56.471","56.549"
"Croatia","HRV","2000","4.542812","21227.025","13.766","13.943","0.000","0.000","57.282","57.282"
"Croatia","HRV","2001","4.8304005","22525.262","12.843","14.330","0.000","0.000","56.226","56.226"
"Croatia","HRV","2002","5.0897875","22668.963","16.601","19.906","0.000","0.000","46.027","46.027"
"Croatia","HRV","2003","5.3930573","23832.379","18.196","15.618","0.000","0.000","41.395","41.395"
"Croatia","HRV","2004","5.302187","24877.861","15.407","17.711","0.000","0.000","54.932","54.932"
"Croatia","HRV","2005","5.4000564","24671.021","17.841","13.936","0.000","0.077","53.905","54.058"
"Croatia","HRV","2006","5.4442253","24436.512","17.415","15.944","0.000","0.155","51.238","51.471"
"Croatia","HRV","2007","5.7465234","24617.822","19.298","24.482","0.000","0.239","37.480","37.799"
"Croatia","HRV","2008","5.4502077","24549.996","19.484","19.249","0.000","0.313","45.227","45.696"
"Croatia","HRV","2009","5.046313","24300.623","12.360","16.554","0.000","0.375","55.506","56.030"
"Croatia","HRV","2010","4.8773313","24781.908","16.092","17.241","0.000","0.947","61.731","62.880"
"Croatia","HRV","2011","4.8155785","21703.076","22.974","23.330","0.000","1.781","44.791","47.017"
"Croatia","HRV","2012","4.472641","20222.289","21.152","23.702","0.000","3.116","45.703","49.669"
"Croatia","HRV","2013","4.337481","22296.646","17.348","14.480","0.072","3.728","61.792","66.523"
"Croatia","HRV","2014","4.18296","22411.172","17.634","7.440","0.298","5.432","67.039","73.958"
"Croatia","HRV","2015","4.2531147","21392.176","20.533","10.667","0.533","7.111","56.800","66.844"
"Croatia","HRV","2016","4.370736","22428.080","20.602","12.599","0.555","8.003","54.279","66.244"
"Croatia","HRV","2017","4.5874524","22608.020","11.620","26.209","0.679","10.178","45.038","60.390"
"Croatia","HRV","2018","4.396296","23593.492","10.701","16.605","0.517","9.889","56.827","72.177"
"Croatia","HRV","2019","4.470374","23200.729","12.954","20.774","0.632","11.611","46.051","65.956"
"Croatia","HRV","2020","4.2666397","22304.447","9.215","25.982","0.755","12.991","42.749","64.577"
"Croatia","HRV","2021","4.4343224","24213.969","9.656","20.503","0.992","13.624","47.156","69.643"
"Croatia","HRV","2022","4.500902","23468.168","10.907","25.708","1.062","16.076","37.890","63.314"
"Cuba","CUB","2000","2.2773356","9883.993","0.000","0.000","0.000","0.000","0.634","0.634"
"Cuba","CUB","2001","2.2147021","9075.244","0.000","0.000","0.000","0.000","0.485","0.485"
"Cuba","CUB","2002","2.252687","9158.403","0.000","0.000","0.000","0.000","0.675","0.675"
"Cuba","CUB","2003","2.2797303","9271.938","0.000","5.764","0.000","0.000","0.871","0.871"
"Cuba","CUB","2004","2.1834989","9365.984","0.000","5.763","0.000","0.000","0.610","0.610"
"Cuba","CUB","2005","2.2824476","9199.146","0.000","4.429","0.000","0.000","0.484","17.785"
"Cuba","CUB","2006","2.3745453","8954.739","0.000","3.613","0.000","0.000","0.581","9.935"
"Cuba","CUB","2007","2.2790463","9036.614","0.000","3.434","0.000","0.000","0.723","11.627"
"Cuba","CUB","2008","2.4564986","10330.990","0.000","3.479","0.000","0.060","0.840","11.818"
"Cuba","CUB","2009","2.5021207","10402.473","0.000","3.291","0.000","0.000","0.898","11.311"
"Cuba","CUB","2010","2.9247391","11812.895","0.000","3.112","0.000","0.061","0.610","10.555"
"Cuba","CUB","2011","2.572717","10603.101","0.000","3.108","0.000","0.120","0.598","10.400"
"Cuba","CUB","2012","2.6077478","11529.463","0.000","3.224","0.058","0.115","0.633","10.478"
"Cuba","CUB","2013","2.4688954","11073.984","0.000","3.082","0.605","0.110","0.715","9.741"
"Cuba","CUB","2014","2.4248602","11257.336","0.000","3.002","0.491","0.109","0.546","9.825"
"Cuba","CUB","2015","2.5801377","11280.011","0.000","7.856","0.676","0.104","0.260","9.625"
"Cuba","CUB","2016","2.4652224","8800.300","0.000","7.688","0.722","0.103","0.310","8.978"
"Cuba","CUB","2017","2.1834598","9358.279","0.000","7.736","0.413","0.103","0.413","9.386"
"Cuba","CUB","2018","2.050346","9819.157","0.000","7.536","0.815","0.102","0.713","10.183"
"Cuba","CUB","2019","2.00725","9606.213","0.000","7.680","1.178","0.102","0.717","15.310"
"Cuba","CUB","2020","1.9040953","9007.181","0.000","7.581","1.290","0.108","0.591","16.828"
"Cuba","CUB","2021","2.0273802","9229.538","0.000","7.494","1.316","0.101","0.557","16.608"
"Cyprus","CYP","1990","5.8955126","24444.529","0.000","0.000","0.000","0.000","0.000","0.000"
"Cyprus","CYP","1991","6.4285626","24418.672","0.000","0.000","0.000","0.000","0.000","0.000"
"Cyprus","CYP","1992","6.798151","28128.943","0.000","0.000","0.000","0.000","0.000","0.000"
"Cyprus","CYP","1993","6.964269","28680.846","0.000","0.000","0.000","0.000","0.000","0.000"
"Cyprus","CYP","1994","7.097449","28103.857","0.000","0.000","0.000","0.000","0.000","0.000"
"Cyprus","CYP","1995","6.799325","29255.701","0.000","0.000","0.000","0.000","0.000","0.000"
"Cyprus","CYP","1996","7.060902","29094.268","0.000","0.000","0.000","0.000","0.000","0.000"
"Cyprus","CYP","1997","7.021577","28804.803","0.000","0.000","0.000","0.000","0.000","0.000"
"Cyprus","CYP","1998","7.2132015","30007.211","0.000","0.000","0.000","0.000","0.000","0.000"
"Cyprus","CYP","1999","7.370247","31000.758","0.000","0.000","0.000","0.000","0.000","0.000"
"Cyprus","CYP","2000","7.4993653","31912.982","0.000","0.000","0.000","0.000","0.000","0.000"
"Cyprus","CYP","2001","7.2393413","31725.172","0.000","0.000","0.000","0.000","0.000","0.000"
"Cyprus","CYP","2002","7.3075433","30732.920","0.000","0.000","0.000","0.000","0.000","0.000"
"Cyprus","CYP","2003","7.5637994","32076.912","0.000","0.000","0.000","0.000","0.000","0.000"
"Cyprus","CYP","2004","7.650352","30655.473","0.000","0.000","0.000","0.000","0.000","0.000"
"Cyprus","CYP","2005","7.6742024","33741.973","0.000","0.000","0.000","0.000","0.000","0.000"
"Cyprus","CYP","2006","7.7607594","32604.191","0.000","0.000","0.000","0.000","0.000","0.000"
"Cyprus","CYP","2007","7.9004884","32579.771","0.000","0.000","0.000","0.000","0.000","0.000"
"Cyprus","CYP","2008","7.9664574","32822.430","0.000","0.000","0.000","0.000","0.000","0.197"
"Cyprus","CYP","2009","7.60606","31506.953","0.000","0.000","0.000","0.000","0.000","0.576"
"Cyprus","CYP","2010","7.156974","30146.273","0.000","0.000","0.188","0.563","0.000","1.501"
"Cyprus","CYP","2011","6.7966948","29451.955","0.000","0.000","0.203","2.236","0.000","3.455"
"Cyprus","CYP","2012","6.231036","27326.793","0.000","0.000","0.424","4.025","0.000","5.508"
"Cyprus","CYP","2013","5.5563617","24232.332","0.000","0.000","1.166","5.361","0.000","7.692"
"Cyprus","CYP","2014","5.766146","24039.480","0.000","0.000","1.843","4.147","0.000","7.143"
"Cyprus","CYP","2015","5.7010694","24580.830","0.000","0.000","2.863","4.846","0.000","8.811"
"Cyprus","CYP","2016","5.9411874","26494.055","0.000","0.000","3.067","4.703","0.000","8.793"
"Cyprus","CYP","2017","5.955064","26971.416","0.000","0.000","3.400","4.200","0.000","8.600"
"Cyprus","CYP","2018","5.763717","26633.770","0.000","0.000","3.953","4.348","0.000","9.486"
"Cyprus","CYP","2019","5.692592","26442.418","0.000","0.000","4.272","4.660","0.000","10.097"
"Cyprus","CYP","2020","5.300958","22852.852","0.000","0.000","6.186","4.948","0.000","12.371"
"Cyprus","CYP","2021","5.2764926","23985.012","0.000","0.000","9.180","4.883","0.000","15.234"
"Cyprus","CYP","2022","5.3108797","25359.791","0.000","0.000","11.597","4.183","0.000","16.920"
"Czechia","CZE","1990","15.943747","53075.812","75.510","0.610","0.000","0.000","1.863","1.863"
"Czechia","CZE","1991","14.44877","48298.723","75.622","0.630","0.000","0.000","1.808","1.808"
"Czechia","CZE","1992","14.129348","46841.379","74.361","0.644","0.000","0.000","2.371","2.371"
"Czechia","CZE","1993","13.577581","46412.750","73.751","0.682","0.000","0.000","2.335","2.608"
"Czechia","CZE","1994","12.852731","45199.211","72.329","0.668","0.000","0.000","2.500","3.048"
"Czechia","CZE","1995","12.764089","47151.668","73.192","0.792","0.000","0.000","3.301","3.978"
"Czechia","CZE","1996","13.113578","48847.988","71.173","1.629","0.000","0.000","3.086","3.541"
"Czechia","CZE","1997","12.737488","46922.652","71.219","1.791","0.000","0.000","2.648","3.411"
"Czechia","CZE","1998","12.246615","45623.383","70.118","1.996","0.000","0.000","2.167","3.080"
"Czechia","CZE","1999","11.380794","43807.262","68.802","2.696","0.000","0.000","2.618","3.678"
"Czechia","CZE","2000","12.429018","46362.195","72.359","2.318","0.000","0.000","2.414","3.128"
"Czechia","CZE","2001","12.428257","47434.898","70.857","2.129","0.000","0.000","2.762","3.463"
"Czechia","CZE","2002","12.108837","47543.316","65.671","2.118","0.000","0.000","3.276","3.934"
"Czechia","CZE","2003","12.449295","50209.617","61.324","1.908","0.000","0.000","1.667","2.259"
"Czechia","CZE","2004","12.504434","51439.855","60.043","1.838","0.000","0.012","2.411","3.270"
"Czechia","CZE","2005","12.228751","50547.258","60.442","1.794","0.000","0.024","2.905","3.820"
"Czechia","CZE","2006","12.279241","51379.383","59.347","1.877","0.000","0.060","3.048","4.208"
"Czechia","CZE","2007","12.417233","50659.105","61.285","1.561","0.000","0.148","2.381","3.897"
"Czechia","CZE","2008","11.84469","49488.312","58.561","1.225","0.012","0.288","2.426","4.467"
"Czechia","CZE","2009","11.032746","47287.844","56.271","1.200","0.110","0.355","2.976","5.708"
"Czechia","CZE","2010","11.225506","49083.730","55.021","1.619","0.727","0.399","3.273","6.933"
"Czechia","CZE","2011","10.974041","47823.707","53.859","1.627","2.515","0.462","2.261","8.354"
"Czechia","CZE","2012","10.590268","47515.480","50.779","1.720","2.482","0.485","2.459","9.318"
"Czechia","CZE","2013","10.152071","46623.125","47.847","2.374","2.362","0.559","3.177","10.822"
"Czechia","CZE","2014","9.910655","45633.582","47.912","2.141","2.494","0.565","2.247","10.787"
"Czechia","CZE","2015","9.975821","44728.676","49.855","2.763","2.739","0.691","2.169","11.403"
"Czechia","CZE","2016","10.125045","44110.195","51.177","4.548","2.597","0.610","2.439","11.450"
"Czechia","CZE","2017","10.220285","46583.094","48.310","4.313","2.565","0.688","2.180","11.226"
"Czechia","CZE","2018","10.0789385","46420.684","47.433","4.340","2.717","0.702","1.877","10.857"
"Czechia","CZE","2019","9.568804","45355.285","43.523","6.774","2.728","0.816","2.343","11.752"
"Czechia","CZE","2020","8.688184","42025.309","38.677","8.571","2.920","0.873","2.670","12.963"
"Czechia","CZE","2021","9.175987","44385.371","40.822","8.730","2.771","0.717","2.878","12.791"
"Czechia","CZE","2022","8.904502","44242.148","43.438","7.813","2.949","0.764","2.385","12.337"
"Democratic Republic of Congo","COD","2000","0.033752073","438.740","0.000","0.000","0.000","0.000","100.000","100.000"
"Democratic Republic of Congo","COD","2001","0.031601254","418.631","0.000","0.000","0.000","0.000","100.000","100.000"
"Democratic Republic of Congo","COD","2002","0.032261897","417.325","0.000","0.000","0.000","0.000","99.835","99.835"
"Democratic Republic of Congo","COD","2003","0.037873823","421.694","0.000","0.000","0.000","0.000","99.836","99.836"
"Democratic Republic of Congo","COD","2004","0.03557848","463.926","0.000","0.000","0.000","0.000","99.858","99.858"
"Democratic Republic of Congo","COD","2005","0.03891736","487.926","0.000","0.000","0.000","0.000","99.864","99.864"
"Democratic Republic of Congo","COD","2006","0.038797192","498.666","0.000","0.000","0.000","0.000","99.732","99.732"
"Democratic Republic of Congo","COD","2007","0.04198256","497.544","0.000","0.000","0.000","0.000","99.614","99.614"
"Democratic Republic of Congo","COD","2008","0.04170046","456.029","0.000","0.000","0.000","0.000","99.463","99.463"
"Democratic Republic of Congo","COD","2009","0.036830176","432.157","0.000","0.000","0.000","0.000","99.613","99.613"
"Democratic Republic of Congo","COD","2010","0.03989632","462.693","0.000","0.000","0.000","0.000","98.977","98.977"
"Democratic Republic of Congo","COD","2011","0.042922717","484.205","0.000","0.000","0.000","0.000","98.976","98.976"
"Democratic Republic of Congo","COD","2012","0.038186394","460.754","0.000","0.000","0.000","0.000","99.867","99.867"
"Democratic Republic of Congo","COD","2013","0.05173664","538.160","0.000","0.000","0.000","0.000","99.877","99.877"
"Democratic Republic of Congo","COD","2014","0.064614125","622.852","0.000","0.000","0.000","0.000","99.886","99.886"
"Democratic Republic of Congo","COD","2015","0.04040672","464.344","0.000","0.000","0.000","0.000","99.887","99.887"
"Democratic Republic of Congo","COD","2016","0.031676006","413.596","0.000","0.000","0.000","0.000","99.889","99.889"
"Democratic Republic of Congo","COD","2017","0.0335339","434.753","0.000","0.000","0.106","0.000","99.576","99.682"
"Democratic Republic of Congo","COD","2018","0.04191342","444.570","0.000","0.000","0.096","0.000","99.618","99.713"
"Democratic Republic of Congo","COD","2019","0.044305593","443.118","0.000","0.000","0.090","0.000","99.639","99.729"
"Democratic Republic of Congo","COD","2020","0.04484622","443.812","0.000","0.000","0.084","0.000","99.665","99.749"
"Democratic Republic of Congo","COD","2021","0.043290805","410.887","0.000","0.000","0.091","0.000","99.638","99.728"
"Denmark","DNK","1985","11.729692","42546.676","","","","0.176","0.102","0.402"
"Denmark","DNK","1986","11.483198","43490.426","","","","0.408","0.093","0.667"
"Denmark","DNK","1987","11.360324","41909.617","","","","0.589","0.100","0.896"
"Denmark","DNK","1988","10.724705","41416.664","","","","1.039","0.117","1.441"
"Denmark","DNK","1989","9.485271","38141.203","","","","1.868","0.100","2.517"
"Denmark","DNK","1990","10.402008","39256.695","90.685","2.656","0.000","2.348","0.115","3.195"
"Denmark","DNK","1991","12.437001","45141.340","91.516","2.271","0.000","2.025","0.082","2.901"
"Denmark","DNK","1992","11.278738","42148.238","87.675","3.512","0.000","2.992","0.098","4.423"
"Denmark","DNK","1993","11.6743","44534.789","86.315","4.679","0.000","3.031","0.088","4.738"
"Denmark","DNK","1994","12.422385","47576.793","82.035","5.619","0.000","2.809","0.074","4.288"
"Denmark","DNK","1995","11.780834","46534.887","74.469","9.880","0.000","3.212","0.082","5.063"
"Denmark","DNK","1996","14.231168","55153.883","74.066","10.605","0.000","2.296","0.037","3.883"
"Denmark","DNK","1997","12.381705","49834.898","64.950","15.312","0.000","4.359","0.045","6.617"
"Denmark","DNK","1998","11.54511","47875.398","57.571","19.791","0.000","6.865","0.073","9.567"
"Denmark","DNK","1999","11.021205","46251.039","51.633","23.296","0.000","7.791","0.077","11.263"
"Denmark","DNK","2000","10.170421","44286.535","46.306","24.361","0.000","11.778","0.083","15.472"
"Denmark","DNK","2001","10.430784","44250.590","47.243","24.576","0.000","11.426","0.080","15.509"
"Denmark","DNK","2002","10.33384","44017.223","46.487","24.414","0.000","12.424","0.076","17.286"
"Denmark","DNK","2003","11.250178","47297.211","54.831","21.144","0.000","12.045","0.043","17.483"
"Denmark","DNK","2004","10.195032","44621.559","46.190","24.592","0.000","16.279","0.074","23.553"
"Denmark","DNK","2005","9.509078","41866.430","42.672","24.234","0.000","18.245","0.055","27.049"
"Denmark","DNK","2006","10.942724","46091.766","53.870","20.610","0.000","13.396","0.044","20.171"
"Denmark","DNK","2007","10.017085","43548.508","50.598","17.909","0.000","18.240","0.076","26.202"
"Denmark","DNK","2008","9.329914","41183.277","47.679","19.334","0.000","18.924","0.082","27.581"
"Denmark","DNK","2009","8.844816","38827.246","48.626","18.334","0.000","18.472","0.055","27.653"
"Denmark","DNK","2010","8.866418","41063.633","43.761","20.350","0.026","20.093","0.051","31.978"
"Denmark","DNK","2011","7.9407773","38406.094","39.693","16.581","0.028","27.740","0.057","40.233"
"Denmark","DNK","2012","7.128379","35563.973","34.332","13.648","0.326","33.453","0.065","48.339"
"Denmark","DNK","2013","7.4373164","36936.711","41.134","9.845","1.497","32.009","0.029","45.941"
"Denmark","DNK","2014","6.6571136","35394.480","34.358","6.524","1.864","40.634","0.062","55.887"
"Denmark","DNK","2015","6.177417","34312.848","24.577","6.291","2.074","48.842","0.069","65.434"
"Denmark","DNK","2016","6.44471","34666.891","29.034","7.398","2.422","41.833","0.065","60.196"
"Denmark","DNK","2017","6.0127726","34656.133","20.013","6.510","2.417","47.631","0.064","70.255"
"Denmark","DNK","2018","5.973422","34042.258","21.640","6.818","3.129","45.784","0.033","68.347"
"Denmark","DNK","2019","5.3228407","33139.277","11.217","7.116","3.253","54.727","0.068","78.177"
"Denmark","DNK","2020","4.8528743","29380.422","10.651","4.107","4.107","56.840","0.070","81.622"
"Denmark","DNK","2021","5.0545783","32148.652","13.218","4.658","3.962","48.548","0.060","78.947"
"Denmark","DNK","2022","4.9288173","32197.939","10.517","2.992","5.782","55.026","0.058","83.963"
"Djibouti","DJI","2000","0.49028134","4762.170","0.000","0.000","0.000","0.000","0.000","0.000"
"Djibouti","DJI","2001","0.47503537","4599.132","0.000","0.000","0.000","0.000","0.000","0.000"
"Djibouti","DJI","2002","0.50199604","4474.387","0.000","0.000","0.000","0.000","0.000","0.000"
"Djibouti","DJI","2003","0.5179416","4541.960","0.000","0.000","0.000","0.000","0.000","0.000"
"Djibouti","DJI","2004","0.49229845","4353.042","0.000","0.000","0.000","0.000","0.000","0.000"
"Djibouti","DJI","2005","0.4933804","4054.557","0.000","0.000","0.000","0.000","0.000","0.000"
"Djibouti","DJI","2006","0.48381394","3716.954","0.000","0.000","0.000","0.000","0.000","0.000"
"Djibouti","DJI","2007","0.5195202","3787.355","0.000","0.000","0.000","0.000","0.000","0.000"
"Djibouti","DJI","2008","0.5540701","4150.356","0.000","0.000","0.000","0.000","0.000","0.000"
"Djibouti","DJI","2009","0.48637667","3531.152","0.000","0.000","0.000","0.000","0.000","0.000"
"Djibouti","DJI","2010","0.5553592","3942.156","0.000","0.000","0.000","0.000","0.000","0.000"
"Djibouti","DJI","2011","0.33219022","2921.882","0.000","0.000","0.000","0.000","0.000","0.000"
"Djibouti","DJI","2012","0.3032002","3784.813","0.000","0.000","0.000","0.000","0.000","0.000"
"Djibouti","DJI","2013","0.3866828","3836.707","0.000","0.000","0.000","0.000","0.000","0.000"
"Djibouti","DJI","2014","0.41648516","4183.972","0.000","0.000","0.000","0.000","0.000","0.000"
"Djibouti","DJI","2015","0.4948673","3626.965","0.000","0.000","0.000","0.000","0.000","0.000"
"Djibouti","DJI","2016","0.412241","3409.709","0.000","0.000","0.000","0.000","0.000","0.000"
"Djibouti","DJI","2017","0.39223146","3036.137","0.000","0.000","0.000","0.000","0.000","0.000"
"Djibouti","DJI","2018","0.43989566","3133.480","0.000","0.000","0.000","0.000","0.000","0.000"
"Djibouti","DJI","2019","0.49619916","2848.787","0.000","0.000","0.000","0.000","0.000","0.000"
"Djibouti","DJI","2020","0.41898745","2701.791","0.000","0.000","0.000","0.000","0.000","0.000"
"Djibouti","DJI","2021","0.49731505","2785.072","0.000","0.000","0.000","0.000","0.000","0.000"
"Dominica","DMA","2000","1.4971033","7741.992","0.000","0.000","0.000","0.000","42.857","42.857"
"Dominica","DMA","2001","1.609394","8312.158","0.000","0.000","0.000","0.000","37.500","37.500"
"Dominica","DMA","2002","1.5002121","7820.661","0.000","0.000","0.000","0.000","42.857","42.857"
"Dominica","DMA","2003","1.7103512","8702.423","0.000","0.000","0.000","0.000","37.500","37.500"
"Dominica","DMA","2004","2.0810905","10289.641","0.000","0.000","0.000","0.000","42.857","42.857"
"Dominica","DMA","2005","2.1850765","9846.587","0.000","0.000","0.000","0.000","37.500","37.500"
"Dominica","DMA","2006","2.0762827","9808.021","0.000","0.000","0.000","0.000","37.500","37.500"
"Dominica","DMA","2007","2.5007696","11844.854","0.000","0.000","0.000","0.000","25.000","25.000"
"Dominica","DMA","2008","2.4474196","10663.438","0.000","0.000","0.000","0.000","25.000","25.000"
"Dominica","DMA","2009","2.7129314","10826.458","0.000","0.000","0.000","0.000","25.000","25.000"
"Dominica","DMA","2010","2.4472065","11327.723","0.000","0.000","0.000","0.000","22.222","22.222"
"Dominica","DMA","2011","2.1748586","11478.590","0.000","0.000","0.000","0.000","40.000","40.000"
"Dominica","DMA","2012","2.3847957","11020.953","0.000","0.000","0.000","0.000","30.000","30.000"
"Dominica","DMA","2013","2.2593608","11020.252","0.000","0.000","0.000","0.000","40.000","40.000"
"Dominica","DMA","2014","2.3945332","11281.383","0.000","0.000","0.000","0.000","30.000","30.000"
"Dominica","DMA","2015","2.497153","11610.774","0.000","0.000","0.000","0.000","20.000","20.000"
"Dominica","DMA","2016","2.4732933","12128.221","0.000","0.000","0.000","0.000","36.364","36.364"
"Dominica","DMA","2017","2.246081","11274.687","0.000","0.000","0.000","0.000","37.500","37.500"
"Dominica","DMA","2018","2.4177725","11557.899","0.000","0.000","0.000","0.000","33.333","33.333"
"Dominica","DMA","2019","2.5361629","11049.870","0.000","0.000","0.000","0.000","22.222","22.222"
"Dominica","DMA","2020","2.3310647","10056.246","0.000","0.000","0.000","0.000","25.000","25.000"
"Dominica","DMA","2021","2.3982625","10547.773","0.000","0.000","0.000","0.000","23.529","23.529"
"Dominican Republic","DOM","2000","2.2060328","10094.044","5.562","0.000","0.000","0.000","9.271","9.271"
"Dominican Republic","DOM","2001","2.188307","9667.400","5.220","0.000","0.000","0.000","7.165","7.165"
"Dominican Republic","DOM","2002","2.3576155","10064.789","5.401","0.000","0.000","0.000","7.342","7.342"
"Dominican Republic","DOM","2003","2.3673694","9104.642","5.251","5.330","0.000","0.000","9.467","9.467"
"Dominican Republic","DOM","2004","1.894983","8357.896","5.635","5.814","0.000","0.000","14.311","14.311"
"Dominican Republic","DOM","2005","1.935153","9065.088","5.643","5.726","0.000","0.000","15.851","15.851"
"Dominican Republic","DOM","2006","2.0372174","8931.601","6.331","6.484","0.000","0.000","13.349","13.349"
"Dominican Republic","DOM","2007","2.1055288","9066.198","7.018","7.164","0.000","0.000","12.427","12.427"
"Dominican Republic","DOM","2008","2.1136951","8900.079","7.082","7.253","0.000","0.000","11.775","11.775"
"Dominican Republic","DOM","2009","2.0305235","8679.013","7.161","7.334","0.000","0.000","12.597","12.597"
"Dominican Republic","DOM","2010","2.0819619","8981.360","7.511","7.654","0.000","0.000","10.229","10.587"
"Dominican Republic","DOM","2011","2.103672","8723.768","7.373","7.574","0.000","0.067","10.255","10.657"
"Dominican Republic","DOM","2012","2.075673","9560.256","6.713","9.183","0.000","0.633","11.273","12.223"
"Dominican Republic","DOM","2013","2.0445297","9002.167","7.053","9.623","0.060","1.435","11.237","13.090"
"Dominican Republic","DOM","2014","2.0613797","8537.962","7.437","10.141","0.123","1.475","8.113","10.080"
"Dominican Republic","DOM","2015","2.2028282","9354.642","7.924","10.822","0.177","1.715","5.500","7.806"
"Dominican Republic","DOM","2016","2.2878761","9835.123","8.409","11.462","0.428","1.714","8.034","11.462"
"Dominican Republic","DOM","2017","2.1988876","9591.366","8.154","20.516","0.736","2.052","11.415","15.466"
"Dominican Republic","DOM","2018","2.337508","10487.733","8.253","20.734","1.172","2.547","8.966","13.958"
"Dominican Republic","DOM","2019","2.6134562","11098.332","18.215","20.706","1.868","4.100","5.034","12.247"
"Dominican Republic","DOM","2020","2.3825326","9496.668","19.772","28.486","2.584","6.851","7.091","17.428"
"Dominican Republic","DOM","2021","2.6397047","9987.583","19.898","28.653","3.013","7.334","5.685","16.941"
"East Timor","TLS","2003","0.27106175","754.400","0.000","0.000","0.000","0.000","0.000","0.000"
"East Timor","TLS","2004","0.53493506","800.244","0.000","0.000","0.000","0.000","0.000","0.000"
"East Timor","TLS","2005","0.3386498","783.706","0.000","0.000","0.000","0.000","0.000","0.000"
"East Timor","TLS","2006","0.32429323","779.260","0.000","0.000","0.000","0.000","0.000","0.000"
"East Timor","TLS","2007","0.28666294","786.973","0.000","0.000","0.000","0.000","0.000","0.000"
"East Timor","TLS","2008","0.27617633","845.242","0.000","0.000","0.000","0.000","0.000","0.000"
"East Timor","TLS","2009","0.3039178","925.888","0.000","0.000","0.000","0.000","0.000","0.000"
"East Timor","TLS","2010","0.28868577","943.407","0.000","0.000","0.000","0.000","0.000","0.000"
"East Timor","TLS","2011","0.39081725","957.329","0.000","0.000","0.000","0.000","0.000","0.000"
"East Timor","TLS","2012","0.5210148","1109.922","0.000","0.000","0.000","0.000","0.000","0.000"
"East Timor","TLS","2013","0.53505445","1636.337","0.000","0.000","0.000","0.000","0.000","0.000"
"East Timor","TLS","2014","0.5305636","1840.639","0.000","0.000","0.000","0.000","0.000","0.000"
"East Timor","TLS","2015","0.48993015","1773.346","0.000","0.000","0.000","0.000","0.000","0.000"
"East Timor","TLS","2016","0.5234541","1709.139","0.000","0.000","0.000","0.000","0.000","0.000"
"East Timor","TLS","2017","0.55351996","1717.026","0.000","0.000","0.000","0.000","0.000","0.000"
"East Timor","TLS","2018","0.48357552","1714.814","0.000","0.000","0.000","0.000","0.000","0.000"
"East Timor","TLS","2019","0.5191845","1702.919","0.000","0.000","0.000","0.000","0.000","0.000"
"East Timor","TLS","2020","0.48724145","1589.790","0.000","0.000","0.000","0.000","0.000","0.000"
"East Timor","TLS","2021","0.4593354","1615.498","0.000","0.000","0.000","0.000","0.000","0.000"
"Ecuador","ECU","1990","1.5754483","7749.599","","","0.000","0.000","78.545","78.545"
"Ecuador","ECU","1991","1.5135384","8369.491","","","0.000","0.000","72.779","72.779"
"Ecuador","ECU","1992","2.0125597","8152.610","","","0.000","0.000","69.116","69.116"
"Ecuador","ECU","1993","2.16253","8284.632","","","0.000","0.000","78.396","78.396"
"Ecuador","ECU","1994","1.2608284","8840.834","","","0.000","0.000","80.615","80.615"
"Ecuador","ECU","1995","2.0304213","8201.073","","","0.000","0.000","61.227","61.227"
"Ecuador","ECU","1996","2.1452327","9164.456","","","0.000","0.000","65.537","65.537"
"Ecuador","ECU","1997","1.6175864","10028.598","","","0.000","0.000","63.061","63.061"
"Ecuador","ECU","1998","1.8868942","9905.499","","","0.000","0.000","59.742","59.742"
"Ecuador","ECU","1999","1.7638682","8880.938","","","0.000","0.000","69.622","69.622"
"Ecuador","ECU","2000","1.6509491","8246.840","0.000","0.000","0.000","0.000","72.754","72.754"
"Ecuador","ECU","2001","1.815233","8211.651","0.000","0.000","0.000","0.000","65.177","65.177"
"Ecuador","ECU","2002","1.8922564","7965.146","0.000","3.723","0.000","0.000","64.502","64.502"
"Ecuador","ECU","2003","2.0275195","8014.880","0.000","3.832","0.000","0.000","63.369","63.369"
"Ecuador","ECU","2004","2.1537893","8426.991","0.000","4.431","0.000","0.000","56.073","57.296"
"Ecuador","ECU","2005","2.2137334","8767.223","0.000","4.194","0.000","0.000","56.003","58.141"
"Ecuador","ECU","2006","2.1142087","9114.504","0.000","3.698","0.000","0.000","52.219","54.364"
"Ecuador","ECU","2007","2.4002497","9420.017","0.000","3.315","0.000","0.000","53.948","55.817"
"Ecuador","ECU","2008","2.091753","9883.912","0.000","2.683","0.000","0.000","61.227","63.417"
"Ecuador","ECU","2009","2.2807763","9482.964","0.000","2.956","0.000","0.000","50.920","53.374"
"Ecuador","ECU","2010","2.41893","10353.473","0.000","3.090","0.000","0.000","45.551","47.949"
"Ecuador","ECU","2011","2.510752","10805.037","0.000","2.465","0.000","0.000","55.433","57.394"
"Ecuador","ECU","2012","2.4076736","11233.192","0.000","2.397","0.000","0.000","54.817","56.716"
"Ecuador","ECU","2013","2.5105705","11416.987","0.000","2.718","0.000","0.267","48.708","51.070"
"Ecuador","ECU","2014","2.7289972","11816.219","0.000","2.516","0.085","0.341","48.358","51.557"
"Ecuador","ECU","2015","2.5388634","11610.723","0.000","2.233","0.159","0.399","51.715","54.785"
"Ecuador","ECU","2016","2.3855908","11399.546","0.000","1.842","0.147","0.295","57.775","60.317"
"Ecuador","ECU","2017","2.3387234","11658.197","0.000","1.365","0.144","0.251","71.444","73.420"
"Ecuador","ECU","2018","2.2552624","12100.159","0.000","1.378","0.138","0.276","70.513","72.546"
"Ecuador","ECU","2019","2.3115683","12160.402","0.000","1.084","0.124","0.279","76.370","78.043"
"Ecuador","ECU","2020","1.8507442","10374.727","0.000","1.023","0.128","0.256","77.781","79.380"
"Ecuador","ECU","2021","2.159484","11923.518","0.000","0.959","0.124","0.186","79.066","80.519"
"Ecuador","ECU","2022","2.36007","12150.252","0.000","0.664","0.121","0.181","74.366","75.725"
"Egypt","EGY","1990","1.2480806","6839.569","0.000","39.201","0.000","0.000","23.724","23.724"
"Egypt","EGY","1991","1.2401799","6763.790","0.000","47.154","0.000","0.000","22.913","22.913"
"Egypt","EGY","1992","1.2592472","6544.951","0.000","51.003","0.000","0.000","21.784","21.784"
"Egypt","EGY","1993","1.4437534","6401.087","0.000","56.000","0.000","0.000","21.594","21.594"
"Egypt","EGY","1994","1.3608489","6582.588","0.000","60.333","0.000","0.000","22.097","22.097"
"Egypt","EGY","1995","1.4922212","6823.153","0.000","60.116","0.000","0.000","22.096","22.096"
"Egypt","EGY","1996","1.447787","7035.391","0.000","58.827","0.000","0.000","21.437","21.437"
"Egypt","EGY","1997","1.6210911","7172.319","0.000","57.551","0.000","0.000","20.729","20.729"
"Egypt","EGY","1998","1.7765288","7309.517","0.000","53.593","0.000","0.000","19.943","19.943"
"Egypt","EGY","1999","1.7755245","7679.945","0.000","56.635","0.000","0.018","20.448","20.466"
"Egypt","EGY","2000","1.9544393","7965.848","0.000","58.292","0.000","0.188","18.209","18.397"
"Egypt","EGY","2001","1.6928145","8143.846","0.000","59.267","0.000","0.277","18.874","19.151"
"Egypt","EGY","2002","1.6836745","8202.890","0.000","67.598","0.000","0.236","15.010","15.246"
"Egypt","EGY","2003","1.9261036","8503.993","0.000","69.198","0.000","0.409","14.246","14.655"
"Egypt","EGY","2004","1.9114492","8798.149","0.000","75.793","0.000","0.540","13.013","13.554"
"Egypt","EGY","2005","2.0583456","8844.943","0.000","73.061","0.000","0.533","12.136","12.670"
"Egypt","EGY","2006","2.1570544","9136.145","0.000","74.164","0.000","0.566","11.689","12.256"
"Egypt","EGY","2007","2.245012","9542.583","0.000","73.396","0.000","0.699","12.923","13.622"
"Egypt","EGY","2008","2.2810254","9921.167","0.000","72.797","0.000","0.732","11.690","12.423"
"Egypt","EGY","2009","2.345589","10077.901","0.000","72.036","0.000","0.858","9.668","10.526"
"Egypt","EGY","2010","2.2725692","10258.876","0.000","75.426","0.131","0.936","8.060","9.127"
"Egypt","EGY","2011","2.4335008","10516.576","0.000","77.871","0.140","0.968","8.155","9.263"
"Egypt","EGY","2012","2.28126","10688.419","0.000","76.714","0.146","0.681","7.902","8.729"
"Egypt","EGY","2013","2.2981055","10368.022","0.000","73.120","0.065","0.791","7.858","8.714"
"Egypt","EGY","2014","2.3301265","9999.618","0.000","70.768","0.137","0.821","7.804","8.763"
"Egypt","EGY","2015","2.2757032","9943.540","0.000","69.687","0.091","1.106","7.197","8.394"
"Egypt","EGY","2016","2.411969","10278.024","0.000","72.327","0.306","1.161","6.710","8.176"
"Egypt","EGY","2017","2.443332","10471.646","0.000","77.789","0.305","1.184","6.401","7.890"
"Egypt","EGY","2018","2.2889705","10286.719","0.000","79.466","0.761","1.513","6.397","8.671"
"Egypt","EGY","2019","2.1762276","9919.544","0.000","76.805","2.276","2.174","6.212","10.662"
"Egypt","EGY","2020","2.2533324","9153.989","0.000","77.368","2.383","2.235","6.387","11.004"
"Egypt","EGY","2021","2.4048865","9639.120","0.000","75.689","2.373","2.091","6.922","11.387"
"Egypt","EGY","2022","2.2189891","9960.062","0.000","66.265","2.427","2.033","6.761","11.221"
"El Salvador","SLV","2000","0.95025206","4934.590","0.000","0.000","0.000","0.000","31.099","54.424"
"El Salvador","SLV","2001","0.9767586","5098.644","0.000","0.000","0.000","0.000","30.343","61.478"
"El Salvador","SLV","2002","1.0081846","5202.291","0.000","0.000","0.000","0.000","28.463","60.453"
"El Salvador","SLV","2003","1.0662569","5536.210","0.000","0.000","0.000","0.000","33.958","65.808"
"El Salvador","SLV","2004","1.035191","5513.259","0.000","0.000","0.000","0.000","31.567","62.903"
"El Salvador","SLV","2005","1.0426328","5701.853","0.000","0.000","0.000","0.000","35.244","65.180"
"El Salvador","SLV","2006","1.1144657","6029.882","0.000","0.000","0.000","0.000","35.000","62.321"
"El Salvador","SLV","2007","1.134631","6277.061","0.000","0.000","0.000","0.000","30.245","61.364"
"El Salvador","SLV","2008","1.057286","6136.075","0.000","0.000","0.000","0.000","33.890","65.275"
"El Salvador","SLV","2009","1.0387776","5893.160","0.000","0.000","0.000","0.000","25.641","59.316"
"El Salvador","SLV","2010","1.0360224","6082.846","0.000","0.000","0.000","0.000","34.841","66.499"
"El Salvador","SLV","2011","1.0618316","6068.424","0.000","0.000","0.000","0.000","33.005","67.652"
"El Salvador","SLV","2012","1.0527395","6096.506","0.000","0.000","0.000","0.000","29.393","66.773"
"El Salvador","SLV","2013","0.98683953","5903.089","0.000","0.000","0.159","0.000","28.389","65.710"
"El Salvador","SLV","2014","0.99306273","6015.019","0.000","0.000","0.321","0.000","27.404","66.346"
"El Salvador","SLV","2015","1.0733306","6200.172","0.000","0.000","0.499","0.000","22.463","59.401"
"El Salvador","SLV","2016","1.0598669","6231.595","0.000","0.000","0.664","0.000","20.930","61.130"
"El Salvador","SLV","2017","0.9562393","6173.114","0.000","0.000","3.461","0.000","29.508","71.767"
"El Salvador","SLV","2018","1.0373579","6645.676","0.000","0.000","5.816","0.000","28.893","74.109"
"El Salvador","SLV","2019","1.2268993","7271.521","0.000","0.000","8.347","0.000","24.040","69.282"
"El Salvador","SLV","2020","0.98398876","6715.608","0.000","0.000","14.537","0.160","31.789","79.393"
"El Salvador","SLV","2021","1.1152391","7076.433","0.000","0.000","16.921","0.152","30.488","79.573"
"El Salvador","SLV","2022","1.2599217","","0.000","13.648","14.436","0.262","31.627","73.228"
"Equatorial Guinea","GNQ","2000","3.8380704","4751.271","0.000","0.000","0.000","0.000","11.111","11.111"
"Equatorial Guinea","GNQ","2001","4.122257","2574.472","0.000","0.000","0.000","0.000","16.667","16.667"
"Equatorial Guinea","GNQ","2002","3.4652054","37471.238","0.000","0.000","0.000","0.000","9.091","9.091"
"Equatorial Guinea","GNQ","2003","3.6913478","38771.441","0.000","0.000","0.000","0.000","8.333","8.333"
"Equatorial Guinea","GNQ","2004","6.8198905","7523.655","0.000","0.000","0.000","0.000","5.882","5.882"
"Equatorial Guinea","GNQ","2005","6.5507903","26154.957","0.000","0.000","0.000","0.000","5.000","5.000"
"Equatorial Guinea","GNQ","2006","6.232549","30517.992","0.000","0.000","0.000","0.000","3.846","3.846"
"Equatorial Guinea","GNQ","2007","5.512643","32212.723","0.000","0.000","0.000","0.000","3.125","3.125"
"Equatorial Guinea","GNQ","2008","5.4636536","30431.822","0.000","0.000","0.000","0.000","10.870","10.870"
"Equatorial Guinea","GNQ","2009","4.299807","30738.887","0.000","0.000","0.000","0.000","9.804","9.804"
"Equatorial Guinea","GNQ","2010","5.36254","28152.885","0.000","0.000","0.000","0.000","5.172","5.172"
"Equatorial Guinea","GNQ","2011","4.8854165","28943.424","0.000","0.000","0.000","0.000","4.615","4.615"
"Equatorial Guinea","GNQ","2012","5.315122","26990.076","0.000","0.000","0.000","0.000","10.667","10.667"
"Equatorial Guinea","GNQ","2013","6.0676517","26720.799","0.000","0.000","0.000","0.000","26.042","26.042"
"Equatorial Guinea","GNQ","2014","5.4587445","24158.016","0.000","0.000","0.000","0.000","34.862","34.862"
"Equatorial Guinea","GNQ","2015","4.8213663","20745.453","0.000","0.000","0.000","0.000","36.154","36.154"
"Equatorial Guinea","GNQ","2016","4.997847","19728.445","0.000","0.000","0.000","0.000","33.571","33.571"
"Equatorial Guinea","GNQ","2017","4.3622804","21365.682","0.000","0.000","0.000","0.000","32.836","32.836"
"Equatorial Guinea","GNQ","2018","4.351806","18711.834","0.000","0.000","0.000","0.000","32.593","32.593"
"Equatorial Guinea","GNQ","2019","3.3012357","17644.693","0.000","0.000","0.000","0.000","32.143","32.143"
"Equatorial Guinea","GNQ","2020","3.7224493","11328.123","0.000","0.000","0.000","0.000","34.752","34.752"
"Equatorial Guinea","GNQ","2021","4.029795","12399.339","0.000","0.000","0.000","0.000","30.986","30.986"
"Eritrea","ERI","2000","0.26899123","1086.235","0.000","0.000","0.000","0.000","0.000","0.000"
"Eritrea","ERI","2001","0.27565488","1156.577","0.000","0.000","0.000","0.000","0.000","0.000"
"Eritrea","ERI","2002","0.21271585","1019.168","0.000","0.000","0.000","0.000","0.000","0.000"
"Eritrea","ERI","2003","0.31279808","1172.767","0.000","0.000","0.000","0.000","0.000","0.000"
"Eritrea","ERI","2004","0.24379784","1226.452","0.000","0.000","0.000","0.000","0.000","0.000"
"Eritrea","ERI","2005","0.22010736","1197.504","0.000","0.000","0.000","0.000","0.000","0.000"
"Eritrea","ERI","2006","0.16781278","809.802","0.000","0.000","0.000","0.000","0.000","0.000"
"Eritrea","ERI","2007","0.15460885","818.482","0.000","0.000","0.000","0.000","0.000","0.000"
"Eritrea","ERI","2008","0.14144821","569.351","0.000","0.000","0.000","0.000","0.000","0.000"
"Eritrea","ERI","2009","0.15444441","670.504","0.000","0.000","0.000","0.000","0.000","0.000"
"Eritrea","ERI","2010","0.15891197","654.890","0.000","0.000","0.000","0.000","0.000","0.000"
"Eritrea","ERI","2011","0.1927028","655.353","0.000","0.000","0.000","0.000","0.000","0.000"
"Eritrea","ERI","2012","0.2002731","686.761","0.000","0.000","0.000","0.000","0.000","0.000"
"Eritrea","ERI","2013","0.18524463","691.834","0.000","0.000","0.000","0.000","0.000","0.000"
"Eritrea","ERI","2014","0.1838695","716.541","0.000","0.000","0.000","0.000","0.000","0.000"
"Eritrea","ERI","2015","0.1795116","707.843","0.000","0.000","0.000","0.000","0.000","0.000"
"Eritrea","ERI","2016","0.17741415","715.034","0.000","0.000","0.000","0.000","0.000","0.000"
"Eritrea","ERI","2017","0.17566207","778.286","0.000","0.000","2.439","0.000","0.000","2.439"
"Eritrea","ERI","2018","0.19297862","876.149","0.000","0.000","2.326","0.000","0.000","2.326"
"Eritrea","ERI","2019","0.19893253","936.479","0.000","0.000","2.273","0.000","0.000","2.273"
"Eritrea","ERI","2020","0.19473019","881.588","0.000","0.000","2.381","0.000","0.000","2.381"
"Eritrea","ERI","2021","0.2034625","914.495","0.000","0.000","2.222","0.000","0.000","2.222"
"Estonia","EST","1990","23.5025","81220.125","0.000","5.588","0.000","0.000","0.000","0.000"
"Estonia","EST","1991","21.80648","74559.609","0.000","6.630","0.000","0.000","0.000","0.000"
"Estonia","EST","1992","15.850474","52836.098","0.000","2.451","0.000","0.000","0.000","0.000"
"Estonia","EST","1993","12.918034","44924.789","0.000","1.425","0.000","0.000","0.000","0.000"
"Estonia","EST","1994","13.579116","46444.000","0.000","2.404","0.000","0.000","0.000","0.000"
"Estonia","EST","1995","12.426883","42790.965","0.000","2.992","0.000","0.000","0.000","0.115"
"Estonia","EST","1996","13.266521","46012.348","0.000","3.190","0.000","0.000","0.000","0.000"
"Estonia","EST","1997","13.136339","45746.020","0.000","2.820","0.000","0.000","0.000","0.108"
"Estonia","EST","1998","11.999038","41335.852","0.000","3.169","0.000","0.000","0.000","0.117"
"Estonia","EST","1999","11.349218","38287.996","0.000","2.785","0.000","0.000","0.000","0.121"
"Estonia","EST","2000","11.074418","39722.039","0.000","7.051","0.000","0.000","0.000","0.118"
"Estonia","EST","2001","11.432236","41673.484","0.000","7.067","0.000","0.000","0.118","0.236"
"Estonia","EST","2002","11.133531","41766.359","0.000","6.213","0.000","0.000","0.117","0.352"
"Estonia","EST","2003","12.58399","45834.828","0.000","4.921","0.000","0.098","0.098","0.492"
"Estonia","EST","2004","12.711765","47047.777","0.000","4.753","0.000","0.097","0.194","0.582"
"Estonia","EST","2005","12.613808","47588.281","0.000","5.294","0.000","0.490","0.196","1.078"
"Estonia","EST","2006","12.204592","47286.480","0.000","5.550","0.000","0.822","0.103","1.336"
"Estonia","EST","2007","14.865635","55017.598","0.000","2.791","0.000","0.739","0.164","1.149"
"Estonia","EST","2008","13.323684","50750.434","0.000","3.970","0.000","1.229","0.284","1.890"
"Estonia","EST","2009","10.794068","43997.602","0.000","1.253","0.000","2.278","0.342","6.150"
"Estonia","EST","2010","14.243671","54935.602","0.000","2.313","0.000","2.159","0.231","8.096"
"Estonia","EST","2011","14.274907","54965.695","0.000","1.939","0.000","2.870","0.233","9.154"
"Estonia","EST","2012","13.429013","55555.875","0.000","1.087","0.000","3.595","0.334","12.291"
"Estonia","EST","2013","14.897581","58773.523","0.075","0.678","0.000","3.991","0.226","9.262"
"Estonia","EST","2014","14.290275","56413.820","0.080","0.562","0.000","4.819","0.241","11.165"
"Estonia","EST","2015","12.003551","52196.047","0.000","0.591","0.000","6.995","0.296","15.369"
"Estonia","EST","2016","13.248403","53774.246","0.000","0.575","0.082","4.848","0.329","13.065"
"Estonia","EST","2017","14.13057","59568.551","0.152","0.456","0.076","5.471","0.228","14.134"
"Estonia","EST","2018","13.465254","58899.945","0.000","0.485","0.243","5.174","0.081","16.087"
"Estonia","EST","2019","9.261298","47295.336","0.000","0.526","0.920","9.067","0.263","28.121"
"Estonia","EST","2020","6.917664","44218.281","0.000","0.493","4.112","13.816","0.493","48.849"
"Estonia","EST","2021","7.8024516","46380.293","0.000","0.556","4.868","10.153","0.278","39.917"
"Estonia","EST","2022","8.863261","46504.863","0.000","0.480","6.355","7.554","0.240","44.005"
"Eswatini","SWZ","2000","1.157503","6083.903","0.000","0.000","0.000","0.000","31.148","90.164"
"Eswatini","SWZ","2001","1.0457954","6071.866","0.000","0.000","0.000","0.000","30.159","90.476"
"Eswatini","SWZ","2002","1.0202217","6199.813","0.000","0.000","0.000","0.000","30.769","90.769"
"Eswatini","SWZ","2003","0.9411554","5659.059","0.000","0.000","0.000","0.000","21.429","89.286"
"Eswatini","SWZ","2004","0.9354865","5462.625","0.000","0.000","0.000","0.000","18.868","88.679"
"Eswatini","SWZ","2005","0.9405999","5620.216","0.000","0.000","0.000","0.000","26.667","90.000"
"Eswatini","SWZ","2006","0.93589884","5687.314","0.000","0.000","0.000","0.000","25.000","90.000"
"Eswatini","SWZ","2007","0.9573921","5892.160","0.000","0.000","0.000","0.000","26.984","90.476"
"Eswatini","SWZ","2008","0.9275966","5664.233","0.000","0.000","0.000","0.000","26.667","90.000"
"Eswatini","SWZ","2009","0.95482457","5503.006","0.000","0.000","0.000","0.000","31.746","90.476"
"Eswatini","SWZ","2010","0.8965116","5146.958","0.000","0.000","0.000","0.000","37.500","90.625"
"Eswatini","SWZ","2011","0.8587666","5236.062","0.000","0.000","0.000","0.000","39.437","95.775"
"Eswatini","SWZ","2012","0.98782957","5162.853","0.000","0.000","0.000","0.000","32.432","94.595"
"Eswatini","SWZ","2013","1.1640495","5053.262","0.000","0.000","0.000","0.000","38.272","95.062"
"Eswatini","SWZ","2014","0.67069316","5096.139","0.000","0.000","0.000","0.000","35.385","93.846"
"Eswatini","SWZ","2015","0.7438149","5016.504","0.000","0.000","0.000","0.000","21.818","92.727"
"Eswatini","SWZ","2016","0.88929254","5267.826","0.000","0.000","0.000","0.000","21.429","92.857"
"Eswatini","SWZ","2017","0.8383368","5553.849","0.000","0.000","0.000","0.000","31.343","94.030"
"Eswatini","SWZ","2018","0.8682516","5823.577","0.000","0.000","0.000","0.000","36.000","94.667"
"Eswatini","SWZ","2019","0.9316162","5780.252","0.000","0.000","0.000","0.000","32.394","94.366"
"Eswatini","SWZ","2020","0.8294222","5614.891","0.000","0.000","0.000","0.000","36.486","94.595"
"Eswatini","SWZ","2021","0.819892","5981.112","0.000","0.000","0.000","0.000","33.784","94.595"
"Ethiopia","ETH","2000","0.051368907","287.991","0.000","0.000","0.000","0.000","95.882","96.471"
"Ethiopia","ETH","2001","0.06137175","304.547","0.000","0.000","0.000","0.000","96.569","97.059"
"Ethiopia","ETH","2002","0.06186438","303.847","0.000","0.000","0.000","0.000","96.618","97.101"
"Ethiopia","ETH","2003","0.06596311","319.221","0.000","0.000","0.000","0.000","96.996","97.425"
"Ethiopia","ETH","2004","0.06780678","331.657","0.000","0.000","0.000","0.000","97.276","97.665"
"Ethiopia","ETH","2005","0.06324217","370.189","0.000","0.000","0.000","0.000","97.569","97.917"
"Ethiopia","ETH","2006","0.065897726","394.914","0.000","0.000","0.000","0.000","97.879","98.182"
"Ethiopia","ETH","2007","0.07026919","424.853","0.000","0.000","0.000","0.000","94.633","95.198"
"Ethiopia","ETH","2008","0.0750213","432.320","0.000","0.000","0.000","0.000","86.933","88.267"
"Ethiopia","ETH","2009","0.073328234","434.640","0.000","0.000","0.000","0.000","87.909","89.421"
"Ethiopia","ETH","2010","0.070071824","468.262","0.000","0.000","0.000","0.000","97.796","98.397"
"Ethiopia","ETH","2011","0.07895706","514.245","0.000","0.000","0.000","0.475","98.101","98.892"
"Ethiopia","ETH","2012","0.08338755","557.104","0.000","0.000","0.000","2.517","96.821","99.470"
"Ethiopia","ETH","2013","0.09898247","632.633","0.000","0.000","0.115","4.152","95.271","99.654"
"Ethiopia","ETH","2014","0.11415848","697.629","0.000","0.000","0.211","5.280","94.192","99.789"
"Ethiopia","ETH","2015","0.12095851","715.425","0.000","0.000","0.192","7.315","92.204","99.808"
"Ethiopia","ETH","2016","0.13421538","807.240","0.000","0.000","0.160","6.255","93.344","99.920"
"Ethiopia","ETH","2017","0.13315514","794.977","0.000","0.000","0.152","4.037","95.583","99.924"
"Ethiopia","ETH","2018","0.14305523","823.583","0.000","0.000","0.145","6.164","93.474","99.927"
"Ethiopia","ETH","2019","0.1484148","921.991","0.000","0.000","0.141","4.287","95.292","99.930"
"Ethiopia","ETH","2020","0.14072774","860.100","0.000","0.000","0.211","4.287","95.292","99.930"
"Ethiopia","ETH","2021","0.1466006","871.584","0.000","0.000","0.272","4.152","95.303","99.932"
"Falkland Islands","FLK","2000","","37317.547","0.000","0.000","0.000","0.000","0.000","0.000"
"Falkland Islands","FLK","2001","","40808.359","0.000","0.000","0.000","0.000","0.000","0.000"
"Falkland Islands","FLK","2002","","44560.195","0.000","0.000","0.000","0.000","0.000","0.000"
"Falkland Islands","FLK","2003","","48378.156","0.000","0.000","0.000","0.000","0.000","0.000"
"Falkland Islands","FLK","2004","","52046.820","0.000","0.000","0.000","0.000","0.000","0.000"
"Falkland Islands","FLK","2005","","51820.352","0.000","0.000","0.000","0.000","0.000","0.000"
"Falkland Islands","FLK","2006","","59523.406","0.000","0.000","0.000","0.000","0.000","0.000"
"Falkland Islands","FLK","2007","","59577.652","0.000","0.000","0.000","0.000","0.000","0.000"
"Falkland Islands","FLK","2008","","61264.891","0.000","0.000","0.000","0.000","0.000","0.000"
"Falkland Islands","FLK","2009","","61342.887","0.000","0.000","0.000","0.000","0.000","0.000"
"Falkland Islands","FLK","2010","","59130.359","0.000","0.000","0.000","0.000","0.000","0.000"
"Falkland Islands","FLK","2011","","58597.516","0.000","0.000","0.000","50.000","0.000","50.000"
"Falkland Islands","FLK","2012","","60204.473","0.000","0.000","0.000","50.000","0.000","50.000"
"Falkland Islands","FLK","2013","","58919.254","0.000","0.000","0.000","50.000","0.000","50.000"
"Falkland Islands","FLK","2014","","57671.355","0.000","0.000","0.000","50.000","0.000","50.000"
"Falkland Islands","FLK","2015","","57968.594","0.000","0.000","0.000","50.000","0.000","50.000"
"Falkland Islands","FLK","2016","","59029.152","0.000","0.000","0.000","50.000","0.000","50.000"
"Falkland Islands","FLK","2017","","55306.211","0.000","0.000","0.000","50.000","0.000","50.000"
"Falkland Islands","FLK","2018","","56424.559","0.000","0.000","0.000","50.000","0.000","50.000"
"Falkland Islands","FLK","2019","","55487.547","0.000","0.000","0.000","50.000","0.000","50.000"
"Falkland Islands","FLK","2020","","46956.242","0.000","0.000","0.000","50.000","0.000","50.000"
"Falkland Islands","FLK","2021","","49393.320","0.000","0.000","0.000","50.000","0.000","50.000"
"Faroe Islands","FRO","2000","15.077199","70296.211","0.000","0.000","0.000","0.000","38.095","38.095"
"Faroe Islands","FRO","2001","16.473824","76419.406","0.000","0.000","0.000","0.000","34.783","34.783"
"Faroe Islands","FRO","2002","15.562537","73905.156","0.000","0.000","0.000","0.000","43.478","43.478"
"Faroe Islands","FRO","2003","15.444276","72738.656","0.000","0.000","0.000","0.000","34.783","34.783"
"Faroe Islands","FRO","2004","15.55871","73795.477","0.000","0.000","0.000","4.167","37.500","41.667"
"Faroe Islands","FRO","2005","14.917704","71850.984","0.000","0.000","0.000","4.167","41.667","45.833"
"Faroe Islands","FRO","2006","13.988773","71134.164","0.000","0.000","0.000","4.167","41.667","45.833"
"Faroe Islands","FRO","2007","14.278857","74061.555","0.000","0.000","0.000","7.692","38.462","46.154"
"Faroe Islands","FRO","2008","13.061985","68445.320","0.000","0.000","0.000","3.846","34.615","38.462"
"Faroe Islands","FRO","2009","11.85785","63500.500","0.000","0.000","0.000","7.407","33.333","40.741"
"Faroe Islands","FRO","2010","13.001266","65953.414","0.000","0.000","0.000","3.704","25.926","29.630"
"Faroe Islands","FRO","2011","11.765874","63076.344","0.000","0.000","0.000","3.846","34.615","38.462"
"Faroe Islands","FRO","2012","12.336957","64413.230","0.000","0.000","0.000","3.571","35.714","39.286"
"Faroe Islands","FRO","2013","13.427915","70091.234","0.000","0.000","0.000","7.143","32.143","39.286"
"Faroe Islands","FRO","2014","12.310254","65730.328","0.000","0.000","0.000","13.333","40.000","53.333"
"Faroe Islands","FRO","2015","12.434051","69815.625","0.000","0.000","0.000","19.355","41.935","61.290"
"Faroe Islands","FRO","2016","12.6436615","68590.719","0.000","0.000","0.000","16.667","33.333","50.000"
"Faroe Islands","FRO","2017","13.994748","76055.422","0.000","0.000","0.000","18.750","34.375","53.125"
"Faroe Islands","FRO","2018","14.207669","77010.266","0.000","0.000","0.000","17.647","32.353","50.000"
"Faroe Islands","FRO","2019","14.269453","74932.953","0.000","0.000","0.000","13.514","27.027","40.541"
"Faroe Islands","FRO","2020","14.415052","68466.914","0.000","0.000","0.000","12.195","26.829","39.024"
"Faroe Islands","FRO","2021","14.704373","70956.359","0.000","0.000","0.000","11.905","26.190","38.095"
"Fiji","FJI","2000","0.9690087","9308.956","0.000","0.000","0.000","0.000","66.129","70.968"
"Fiji","FJI","2001","1.181649","9574.995","0.000","0.000","0.000","0.000","68.657","74.627"
"Fiji","FJI","2002","0.97358567","8027.728","0.000","0.000","0.000","0.000","63.380","70.423"
"Fiji","FJI","2003","1.1461935","8717.398","0.000","0.000","0.000","0.000","47.222","56.944"
"Fiji","FJI","2004","1.487451","11433.929","0.000","0.000","0.000","0.000","49.333","58.667"
"Fiji","FJI","2005","1.158516","9695.102","0.000","0.000","0.000","0.000","43.038","53.165"
"Fiji","FJI","2006","1.2921549","10524.990","0.000","0.000","0.000","0.000","40.476","53.571"
"Fiji","FJI","2007","1.2079439","10062.741","0.000","0.000","0.000","1.149","58.621","68.966"
"Fiji","FJI","2008","0.87604755","7890.729","0.000","0.000","0.000","2.273","56.818","70.455"
"Fiji","FJI","2009","0.7754087","6803.479","0.000","0.000","0.000","2.326","53.488","67.442"
"Fiji","FJI","2010","1.1308804","9167.494","0.000","0.000","0.000","1.111","45.556","61.111"
"Fiji","FJI","2011","1.0193485","7085.076","0.000","0.000","0.000","0.000","52.326","65.116"
"Fiji","FJI","2012","0.993171","7121.293","0.000","0.000","0.000","1.163","60.465","72.093"
"Fiji","FJI","2013","1.1315564","7502.866","0.000","0.000","0.000","0.000","59.091","69.318"
"Fiji","FJI","2014","1.2857696","7886.425","0.000","0.000","0.000","0.000","43.956","58.242"
"Fiji","FJI","2015","1.5915086","8231.743","0.000","0.000","0.000","1.042","41.667","55.208"
"Fiji","FJI","2016","1.462942","8094.508","0.000","0.000","1.042","0.000","51.042","62.500"
"Fiji","FJI","2017","1.5832261","8787.309","0.000","0.000","0.952","0.000","46.667","60.952"
"Fiji","FJI","2018","1.6139121","9316.589","0.000","0.000","0.917","0.000","51.376","65.138"
"Fiji","FJI","2019","1.6498482","9417.632","0.000","0.000","0.885","0.000","50.442","62.832"
"Fiji","FJI","2020","1.4975775","9030.606","0.000","0.000","0.909","0.000","51.818","63.636"
"Fiji","FJI","2021","1.1871994","9222.848","0.000","0.000","0.877","0.000","50.000","64.035"
"Finland","FIN","1990","11.414846","64824.148","17.761","8.568","0.000","0.000","19.967","29.454"
"Finland","FIN","1991","11.008421","65968.766","16.885","8.537","0.000","0.000","22.766","31.390"
"Finland","FIN","1992","10.763673","65384.230","13.269","8.973","0.000","0.000","26.174","34.748"
"Finland","FIN","1993","11.115949","65627.883","16.110","9.086","0.000","0.000","22.069","31.827"
"Finland","FIN","1994","12.133155","68597.109","21.298","9.796","0.000","0.015","17.962","27.834"
"Finland","FIN","1995","11.378802","65139.227","17.286","10.353","0.000","0.016","20.191","30.528"
"Finland","FIN","1996","12.4963045","67804.484","21.793","12.266","0.000","0.014","17.094","25.598"
"Finland","FIN","1997","12.199201","68557.320","18.566","9.948","0.000","0.029","17.698","29.135"
"Finland","FIN","1998","11.517897","70678.375","11.319","12.573","0.000","0.029","21.454","34.783"
"Finland","FIN","1999","11.397506","69141.266","12.885","13.735","0.000","0.072","18.399","30.507"
"Finland","FIN","2000","11.01523","69377.000","12.165","14.515","0.000","0.115","21.006","33.500"
"Finland","FIN","2001","12.050957","70719.578","14.282","15.736","0.000","0.094","17.768","28.994"
"Finland","FIN","2002","12.508105","70908.922","17.008","15.563","0.000","0.080","14.425","26.536"
"Finland","FIN","2003","13.93796","75758.367","22.895","16.472","0.000","0.107","11.406","22.669"
"Finland","FIN","2004","13.187464","75218.672","19.276","14.895","0.000","0.140","17.605","29.942"
"Finland","FIN","2005","10.87746","68155.328","9.242","15.968","0.000","0.242","19.593","33.357"
"Finland","FIN","2006","12.983438","72824.555","19.902","15.015","0.000","0.195","14.004","27.374"
"Finland","FIN","2007","12.62386","72265.938","17.165","13.050","0.000","0.235","17.523","30.054"
"Finland","FIN","2008","11.033468","69352.664","11.042","14.328","0.000","0.338","22.227","36.074"
"Finland","FIN","2009","10.474345","63925.770","15.506","13.681","0.000","0.390","17.679","30.231"
"Finland","FIN","2010","11.950002","69228.281","18.098","14.015","0.000","0.361","16.082","30.097"
"Finland","FIN","2011","10.512902","64942.777","13.359","12.908","0.014","0.656","17.006","33.028"
"Finland","FIN","2012","9.448505","62886.449","10.130","9.602","0.014","0.699","24.055","40.748"
"Finland","FIN","2013","9.508818","62843.996","15.061","9.566","0.014","1.085","18.090","36.109"
"Finland","FIN","2014","8.719286","60391.238","11.680","8.140","0.015","1.637","19.761","38.755"
"Finland","FIN","2015","8.064647","60022.977","7.490","7.607","0.015","3.408","24.532","44.661"
"Finland","FIN","2016","8.598358","60795.297","10.178","5.461","0.029","4.483","23.072","44.407"
"Finland","FIN","2017","8.107076","59405.816","8.729","4.916","0.074","7.150","22.002","46.894"
"Finland","FIN","2018","8.291922","60528.164","8.274","6.002","0.129","8.345","19.005","45.927"
"Finland","FIN","2019","7.686688","59219.418","6.376","5.630","0.219","8.804","18.163","46.622"
"Finland","FIN","2020","6.82145","56636.781","3.534","5.779","0.319","11.964","23.001","52.042"
"Finland","FIN","2021","6.825398","57765.715","3.715","5.329","0.417","11.841","21.970","53.124"
"Finland","FIN","2022","6.5245185","58966.160","4.069","1.808","0.411","16.578","18.824","54.898"
"France","FRA","1990","6.9293327","47114.285","7.543","0.726","0.000","0.000","12.912","13.370"
"France","FRA","1991","7.3180947","49874.691","8.771","0.675","0.000","0.000","12.754","13.221"
"France","FRA","1992","7.096411","50099.133","7.441","0.691","0.000","0.000","14.991","15.456"
"France","FRA","1993","6.728049","49941.852","4.463","0.745","0.000","0.000","13.816","14.236"
"France","FRA","1994","6.5845513","49172.934","4.404","0.765","0.000","0.000","16.601","17.056"
"France","FRA","1995","6.6496673","50173.398","4.923","0.782","0.000","0.000","14.886","15.360"
"France","FRA","1996","6.909002","51854.156","5.507","0.809","0.000","0.002","12.970","13.448"
"France","FRA","1997","6.76169","50958.531","4.427","0.978","0.000","0.002","12.728","13.263"
"France","FRA","1998","7.049427","51909.617","6.610","0.980","0.000","0.004","12.241","12.767"
"France","FRA","1999","6.9912124","52580.840","5.617","1.477","0.000","0.008","13.911","14.466"
"France","FRA","2000","6.849684","52966.594","5.060","2.157","0.002","0.009","12.140","12.712"
"France","FRA","2001","6.8707247","53298.859","3.767","2.787","0.002","0.024","13.358","13.996"
"France","FRA","2002","6.746978","52433.270","4.285","3.327","0.002","0.049","10.664","11.354"
"France","FRA","2003","6.799168","52657.883","4.690","3.459","0.002","0.070","10.243","10.978"
"France","FRA","2004","6.7686367","52754.129","4.297","3.711","0.002","0.104","10.233","11.005"
"France","FRA","2005","6.756068","52097.117","4.828","4.048","0.002","0.168","8.799","9.648"
"France","FRA","2006","6.5539103","51332.477","4.030","3.831","0.002","0.384","9.662","10.724"
"France","FRA","2007","6.3502436","50095.922","4.349","3.911","0.004","0.724","9.959","11.437"
"France","FRA","2008","6.2088747","49932.984","4.065","3.857","0.007","1.003","10.956","12.749"
"France","FRA","2009","5.8853593","46864.531","4.095","3.874","0.032","1.495","10.485","12.878"
"France","FRA","2010","5.945996","48006.328","4.150","4.222","0.110","1.766","10.874","13.624"
"France","FRA","2011","5.572035","45914.770","3.065","5.197","0.411","2.180","8.061","11.636"
"France","FRA","2012","5.59021","45681.148","3.784","4.012","0.781","2.677","10.551","15.033"
"France","FRA","2013","5.591334","45921.207","4.136","3.190","0.900","2.798","12.476","17.247"
"France","FRA","2014","5.067184","43808.914","1.989","2.324","1.129","3.059","11.263","16.608"
"France","FRA","2015","5.116293","43929.527","2.072","3.683","1.350","3.732","9.681","16.002"
"France","FRA","2016","5.1545954","43053.949","1.831","6.260","1.550","3.827","10.891","17.721"
"France","FRA","2017","5.182955","42633.387","2.304","7.283","1.725","4.426","8.992","16.658"
"France","FRA","2018","4.93138","43334.203","1.443","5.316","1.896","4.967","11.307","19.732"
"France","FRA","2019","4.812466","42326.785","0.643","6.949","2.180","6.137","10.060","20.012"
"France","FRA","2020","4.271517","38063.406","0.586","6.691","2.553","7.560","11.871","23.761"
"France","FRA","2021","4.649748","40464.465","0.988","6.061","2.858","6.692","10.833","22.232"
"France","FRA","2022","4.4555726","36051.793","0.937","9.159","4.256","8.192","9.836","24.542"
"French Guiana","GUF","2000","","13692.394","0.000","0.000","0.000","0.000","0.000","0.000"
"French Guiana","GUF","2001","","24055.818","0.000","0.000","0.000","0.000","91.379","91.379"
"French Guiana","GUF","2002","","21448.084","0.000","0.000","0.000","0.000","90.164","90.164"
"French Guiana","GUF","2003","","23991.318","0.000","0.000","0.000","0.000","90.476","90.476"
"French Guiana","GUF","2004","","23038.805","0.000","0.000","0.000","0.000","90.769","90.769"
"French Guiana","GUF","2005","","22194.945","0.000","0.000","0.000","0.000","91.176","91.176"
"French Guiana","GUF","2006","","20146.705","0.000","0.000","0.000","0.000","90.141","90.141"
"French Guiana","GUF","2007","","21347.045","0.000","0.000","0.000","0.000","73.333","73.333"
"French Guiana","GUF","2008","","21257.764","0.000","0.000","0.000","0.000","75.000","75.000"
"French Guiana","GUF","2009","","24371.533","0.000","0.000","0.000","0.000","68.932","68.932"
"French Guiana","GUF","2010","","22791.225","0.000","0.000","0.000","0.000","66.667","67.568"
"French Guiana","GUF","2011","","22895.383","0.000","0.000","3.774","0.000","61.321","66.038"
"French Polynesia","PYF","2000","2.850757","14203.022","0.000","0.000","0.000","0.000","30.769","30.769"
"French Polynesia","PYF","2001","3.1520603","15333.027","0.000","0.000","0.000","0.000","21.277","21.277"
"French Polynesia","PYF","2002","3.2531428","16036.279","0.000","0.000","0.000","0.000","25.000","25.000"
"French Polynesia","PYF","2003","3.3196583","17084.979","0.000","0.000","0.000","0.000","26.316","26.316"
"French Polynesia","PYF","2004","3.296214","16731.654","0.000","0.000","0.000","0.000","29.508","29.508"
"French Polynesia","PYF","2005","3.2049077","17172.723","0.000","0.000","0.000","0.000","30.000","30.000"
"French Polynesia","PYF","2006","3.187491","16746.740","0.000","0.000","0.000","0.000","31.746","31.746"
"French Polynesia","PYF","2007","3.2177987","17536.959","0.000","0.000","0.000","0.000","33.333","33.333"
"French Polynesia","PYF","2008","3.2354708","17700.125","0.000","0.000","0.000","0.000","30.882","30.882"
"French Polynesia","PYF","2009","3.1950247","17486.457","0.000","0.000","0.000","0.000","30.000","30.000"
"French Polynesia","PYF","2010","3.412277","18082.105","0.000","0.000","0.000","0.000","43.548","43.548"
"French Polynesia","PYF","2011","3.2495897","16923.406","0.000","0.000","1.538","0.000","33.846","35.385"
"French Polynesia","PYF","2012","3.206597","16239.225","0.000","0.000","1.562","0.000","31.250","32.812"
"French Polynesia","PYF","2013","3.2140818","15941.214","0.000","0.000","3.390","0.000","25.424","28.814"
"French Polynesia","PYF","2014","3.075527","15747.379","0.000","0.000","5.172","0.000","29.310","34.483"
"French Polynesia","PYF","2015","3.0458944","16278.416","0.000","0.000","5.172","0.000","29.310","34.483"
"French Polynesia","PYF","2016","3.1104233","16079.959","0.000","0.000","5.172","0.000","31.034","36.207"
"French Polynesia","PYF","2017","3.1264138","15560.707","0.000","0.000","6.667","0.000","30.000","36.667"
"French Polynesia","PYF","2018","3.1425579","15735.306","0.000","0.000","6.897","0.000","27.586","34.483"
"French Polynesia","PYF","2019","3.1907682","15742.186","0.000","0.000","5.882","0.000","26.471","32.353"
"French Polynesia","PYF","2020","2.9787765","14898.559","0.000","0.000","6.061","0.000","27.273","33.333"
"French Polynesia","PYF","2021","3.1034424","15242.301","0.000","0.000","7.143","0.000","25.714","32.857"
"Gabon","GAB","2000","4.804243","9016.453","0.000","0.000","0.000","0.000","62.500","62.500"
"Gabon","GAB","2001","4.948112","9478.856","0.000","0.000","0.000","0.000","64.444","64.444"
"Gabon","GAB","2002","4.6465807","9233.193","0.000","0.000","0.000","0.000","64.085","64.085"
"Gabon","GAB","2003","4.8801312","8742.188","0.000","0.000","0.000","0.000","60.959","60.959"
"Gabon","GAB","2004","4.4922967","8665.520","0.000","0.000","0.000","0.000","59.459","59.459"
"Gabon","GAB","2005","4.252182","9015.141","0.000","0.000","0.000","0.000","52.980","52.980"
"Gabon","GAB","2006","3.6745975","8974.716","0.000","0.000","0.000","0.000","58.385","58.385"
"Gabon","GAB","2007","3.2370512","8646.734","0.000","0.000","0.000","0.000","47.024","47.024"
"Gabon","GAB","2008","3.3467827","8547.841","0.000","0.000","0.000","0.000","49.718","49.718"
"Gabon","GAB","2009","3.192437","8182.456","0.000","0.000","0.000","0.000","51.934","51.934"
"Gabon","GAB","2010","3.2143426","9214.650","0.000","0.000","0.000","0.000","48.128","48.128"
"Gabon","GAB","2011","3.0566165","9102.298","0.000","0.000","0.000","0.000","42.347","42.347"
"Gabon","GAB","2012","2.7160041","11006.094","0.000","0.000","0.000","0.000","43.269","43.269"
"Gabon","GAB","2013","2.7131112","10740.267","0.000","0.000","0.000","0.000","46.040","46.040"
"Gabon","GAB","2014","2.8626618","10845.483","0.000","0.000","0.000","0.000","41.146","41.146"
"Gabon","GAB","2015","2.8280737","10108.493","0.000","0.000","0.000","0.000","44.390","45.366"
"Gabon","GAB","2016","2.672476","9740.699","0.000","0.000","0.000","0.000","41.964","42.857"
"Gabon","GAB","2017","2.5501933","10052.396","0.000","0.000","0.000","0.000","42.009","42.922"
"Gabon","GAB","2018","2.5147185","8795.324","0.000","0.000","0.000","0.000","41.014","41.935"
"Gabon","GAB","2019","2.4726572","7427.662","0.000","0.000","0.000","0.000","43.805","44.690"
"Gabon","GAB","2020","2.4266992","8367.068","0.000","0.000","0.000","0.000","45.000","45.909"
"Gabon","GAB","2021","2.333091","8009.644","0.000","0.000","0.000","0.000","43.668","44.541"
"Gambia","GMB","2000","0.18885365","880.397","0.000","0.000","0.000","0.000","0.000","0.000"
"Gambia","GMB","2001","0.20096546","931.849","0.000","0.000","0.000","0.000","0.000","0.000"
"Gambia","GMB","2002","0.19564238","901.834","0.000","0.000","0.000","0.000","0.000","0.000"
"Gambia","GMB","2003","0.19044395","876.481","0.000","0.000","0.000","0.000","0.000","0.000"
"Gambia","GMB","2004","0.19661151","898.560","0.000","0.000","0.000","0.000","0.000","0.000"
"Gambia","GMB","2005","0.19121854","881.663","0.000","0.000","0.000","0.000","0.000","0.000"
"Gambia","GMB","2006","0.20292838","929.518","0.000","0.000","0.000","0.000","0.000","0.000"
"Gambia","GMB","2007","0.19712557","934.913","0.000","0.000","0.000","0.000","0.000","0.000"
"Gambia","GMB","2008","0.19954023","941.517","0.000","0.000","0.000","0.000","0.000","0.000"
"Gambia","GMB","2009","0.19970204","980.541","0.000","0.000","0.000","0.000","0.000","0.000"
"Gambia","GMB","2010","0.22440796","1036.858","0.000","0.000","0.000","0.000","0.000","0.000"
"Gambia","GMB","2011","0.22348389","1056.741","0.000","0.000","0.000","0.000","0.000","0.000"
"Gambia","GMB","2012","0.22058277","998.797","0.000","0.000","0.000","0.000","0.000","0.000"
"Gambia","GMB","2013","0.203766","964.192","0.000","0.000","0.000","0.000","0.000","0.000"
"Gambia","GMB","2014","0.23359843","1034.743","0.000","0.000","0.000","0.000","0.000","0.000"
"Gambia","GMB","2015","0.26188722","1028.859","0.000","0.000","0.000","0.000","0.000","0.000"
"Gambia","GMB","2016","0.25830215","1008.469","0.000","0.000","0.000","0.000","0.000","0.000"
"Gambia","GMB","2017","0.2549886","998.230","0.000","0.000","0.000","0.000","0.000","0.000"
"Gambia","GMB","2018","0.27026132","978.746","0.000","0.000","0.000","0.000","0.000","0.000"
"Gambia","GMB","2019","0.2893204","972.668","0.000","0.000","0.000","0.000","0.000","0.000"
"Gambia","GMB","2020","0.27817774","905.346","0.000","0.000","0.000","0.000","0.000","0.000"
"Gambia","GMB","2021","0.2816257","931.273","0.000","0.000","0.000","0.000","0.000","0.000"
"Georgia","GEO","2000","1.0390624","9423.704","0.000","20.220","0.000","0.000","79.780","79.780"
"Georgia","GEO","2001","0.884378","8959.572","0.000","19.265","0.000","0.000","80.735","80.735"
"Georgia","GEO","2002","0.81072295","10776.443","0.000","6.425","0.000","0.000","93.575","93.575"
"Georgia","GEO","2003","0.9131137","9694.849","0.000","8.499","0.000","0.000","91.501","91.501"
"Georgia","GEO","2004","1.0547115","10085.432","0.000","12.041","0.000","0.000","87.959","87.959"
"Georgia","GEO","2005","1.2531954","11553.322","0.000","13.585","0.000","0.000","86.415","86.415"
"Georgia","GEO","2006","1.5695319","10517.187","0.000","26.020","0.000","0.000","73.980","73.980"
"Georgia","GEO","2007","1.665823","13246.120","0.000","17.381","0.000","0.000","82.619","82.619"
"Georgia","GEO","2008","1.4581112","13342.630","0.000","14.578","0.000","0.000","85.422","85.422"
"Georgia","GEO","2009","1.5745497","13652.776","0.000","12.827","0.000","0.000","87.173","87.173"
"Georgia","GEO","2010","1.6144768","14789.647","0.000","7.114","0.000","0.000","92.886","92.886"
"Georgia","GEO","2011","2.0198402","13820.907","0.000","21.743","0.000","0.000","78.257","78.257"
"Georgia","GEO","2012","2.1602435","14376.836","0.000","24.498","0.000","0.000","75.502","75.502"
"Georgia","GEO","2013","2.1075783","16267.887","0.000","17.021","0.000","0.000","82.979","82.979"
"Georgia","GEO","2014","2.3881645","17044.346","0.000","18.799","0.000","0.000","81.201","81.201"
"Georgia","GEO","2015","2.5822062","18088.293","0.000","21.112","0.000","0.000","78.888","78.888"
"Georgia","GEO","2016","2.6484108","19119.283","0.000","18.502","0.000","0.088","81.410","81.498"
"Georgia","GEO","2017","2.652296","19005.781","0.000","18.568","0.000","0.796","80.637","81.432"
"Georgia","GEO","2018","2.6057036","19383.402","0.000","16.695","0.000","0.671","82.634","83.305"
"Georgia","GEO","2019","2.770044","19659.346","0.000","23.017","0.000","0.776","76.207","76.983"
"Georgia","GEO","2020","2.7341554","18696.850","0.000","25.269","0.000","0.806","73.925","74.731"
"Georgia","GEO","2021","2.8375084","20834.768","0.000","18.829","0.000","0.633","80.538","81.171"
"Georgia","GEO","2022","3.1622012","","0.000","23.806","0.000","0.562","75.632","76.194"
"Germany","DEU","1986","13.439202","54685.000","60.225","5.694","","0.000","3.547","3.852"
"Germany","DEU","1987","13.223626","54951.070","57.937","6.190","","0.000","3.821","4.093"
"Germany","DEU","1988","13.123539","54866.223","56.486","6.031","","0.001","3.654","3.954"
"Germany","DEU","1989","12.765508","53983.547","55.924","6.890","","0.005","3.259","3.576"
"Germany","DEU","1990","13.233256","52823.883","56.699","7.399","0.000","0.013","3.188","3.493"
"Germany","DEU","1991","12.663626","51259.910","57.419","6.739","0.000","0.041","2.779","3.169"
"Germany","DEU","1992","11.978324","49988.609","55.404","6.163","0.000","0.054","3.261","3.697"
"Germany","DEU","1993","11.773517","49538.949","56.125","6.616","0.000","0.128","3.422","3.927"
"Germany","DEU","1994","11.534621","48888.086","55.271","7.664","0.002","0.272","3.795","4.463"
"Germany","DEU","1995","11.459825","48996.980","54.267","8.104","0.002","0.321","4.088","4.867"
"Germany","DEU","1996","11.666093","50501.871","53.749","8.720","0.002","0.378","3.988","4.821"
"Germany","DEU","1997","11.306132","49771.383","51.886","9.075","0.004","0.553","3.168","4.208"
"Germany","DEU","1998","11.26054","49305.879","52.909","9.745","0.007","0.831","3.117","4.510"
"Germany","DEU","1999","10.9630375","48598.668","50.905","9.965","0.005","1.001","3.556","5.198"
"Germany","DEU","2000","10.990293","48903.699","51.840","9.172","0.010","1.634","3.797","6.198"
"Germany","DEU","2001","11.1706505","49841.387","50.480","10.041","0.021","1.798","3.906","6.513"
"Germany","DEU","2002","10.952268","49257.789","51.481","9.367","0.033","2.725","3.973","7.643"
"Germany","DEU","2003","10.893722","49300.902","50.558","10.693","0.051","3.168","3.040","7.746"
"Germany","DEU","2004","10.677804","49342.406","48.956","10.580","0.092","4.264","3.400","9.499"
"Germany","DEU","2005","10.57788","48793.566","46.973","12.124","0.209","4.527","3.202","10.336"
"Germany","DEU","2006","10.849607","50043.031","45.876","12.254","0.352","4.973","3.180","11.513"
"Germany","DEU","2007","10.407971","47958.129","46.986","12.655","0.487","6.407","3.348","14.135"
"Germany","DEU","2008","10.561389","48445.984","43.463","14.324","0.698","6.535","3.228","14.889"
"Germany","DEU","2009","9.760688","45436.277","43.035","14.017","1.117","6.693","3.231","16.290"
"Germany","DEU","2010","10.22758","47305.820","42.087","14.516","1.878","6.172","3.354","16.838"
"Germany","DEU","2011","9.95007","45571.504","43.370","14.472","3.239","8.239","2.920","20.497"
"Germany","DEU","2012","10.060916","46132.672","44.525","12.573","4.252","8.330","3.506","23.056"
"Germany","DEU","2013","10.263195","47361.547","45.663","10.940","4.913","8.356","3.644","24.137"
"Germany","DEU","2014","9.739761","45327.562","44.263","10.098","5.817","9.436","3.160","26.218"
"Germany","DEU","2015","9.756902","46066.887","42.493","9.893","6.046","12.586","2.963","29.472"
"Germany","DEU","2016","9.642186","46675.777","40.710","12.850","5.926","12.430","3.196","29.499"
"Germany","DEU","2017","9.441122","47112.898","37.346","13.624","6.099","16.360","3.119","33.486"
"Germany","DEU","2018","9.101415","45781.406","36.060","13.211","6.869","17.377","2.796","35.098"
"Germany","DEU","2019","8.480803","44467.746","28.599","15.166","7.403","21.000","3.291","40.089"
"Germany","DEU","2020","7.738692","41377.680","23.728","16.990","8.726","23.287","3.300","44.332"
"Germany","DEU","2021","8.100614","42555.059","28.296","16.379","8.487","19.721","3.382","39.701"
"Germany","DEU","2022","7.942359","40977.492","31.085","16.540","10.129","21.656","2.997","42.947"
"Ghana","GHA","2000","0.27054933","2116.770","0.000","4.067","0.000","0.000","91.725","91.865"
"Ghana","GHA","2001","0.29596046","2073.118","0.000","7.633","0.000","0.000","84.605","84.735"
"Ghana","GHA","2002","0.31275645","1846.188","0.000","14.768","0.000","0.000","70.183","70.464"
"Ghana","GHA","2003","0.3138782","1645.281","0.000","16.230","0.000","0.000","67.190","67.539"
"Ghana","GHA","2004","0.29497623","1892.369","0.000","5.442","0.000","0.000","88.946","89.116"
"Ghana","GHA","2005","0.2723039","1893.717","0.000","8.234","0.000","0.000","83.383","83.533"
"Ghana","GHA","2006","0.36991856","1794.277","0.000","16.058","0.000","0.000","67.640","67.883"
"Ghana","GHA","2007","0.37990725","1649.767","0.000","18.316","0.000","0.000","54.505","54.801"
"Ghana","GHA","2008","0.34327182","1899.828","0.000","10.442","0.000","0.000","75.307","75.430"
"Ghana","GHA","2009","0.27622372","2130.448","0.000","10.820","0.000","0.000","77.563","77.677"
"Ghana","GHA","2010","0.35103095","2141.837","0.000","15.811","0.000","0.000","69.789","69.990"
"Ghana","GHA","2011","0.39580444","2627.783","0.000","19.030","0.000","0.000","68.527","68.710"
"Ghana","GHA","2012","0.47282326","2631.042","0.000","19.027","0.000","0.000","68.174","68.345"
"Ghana","GHA","2013","0.46045056","2698.538","0.000","22.107","0.000","0.000","65.044","65.204"
"Ghana","GHA","2014","0.4727469","2673.128","0.000","23.832","0.000","0.000","65.717","65.875"
"Ghana","GHA","2015","0.50766945","2847.021","0.000","33.572","0.000","0.000","51.835","52.014"
"Ghana","GHA","2016","0.4739508","2814.998","0.000","36.930","0.263","0.000","48.333","48.772"
"Ghana","GHA","2017","0.41446012","2757.957","0.000","41.121","0.234","0.000","43.769","44.159"
"Ghana","GHA","2018","0.49578497","3112.291","0.000","41.336","0.209","0.000","41.893","42.241"
"Ghana","GHA","2019","0.52513593","3135.595","0.000","41.702","0.300","0.000","43.439","43.859"
"Ghana","GHA","2020","0.60098386","3484.157","0.000","47.129","0.297","0.000","36.089","36.535"
"Ghana","GHA","2021","0.6321311","3483.363","0.000","49.164","0.287","0.000","34.448","34.878"
"Greece","GRC","1990","8.133435","27888.309","72.369","0.259","0.000","0.000","5.089","5.089"
"Greece","GRC","1991","8.092473","28049.930","66.312","0.252","0.000","0.000","8.674","8.674"
"Greece","GRC","1992","8.202206","28307.635","71.494","0.215","0.000","0.027","5.911","5.938"
"Greece","GRC","1993","8.094237","28450.086","72.882","0.210","0.000","0.131","5.980","6.111"
"Greece","GRC","1994","8.257865","28705.861","73.236","0.198","0.000","0.099","6.437","6.536"
"Greece","GRC","1995","8.266988","29529.844","69.492","0.194","0.000","0.073","8.547","8.620"
"Greece","GRC","1996","8.430785","30063.527","69.071","0.189","0.000","0.094","10.255","10.349"
"Greece","GRC","1997","8.830563","30715.895","70.755","0.762","0.000","0.092","8.963","9.055"
"Greece","GRC","1998","9.238181","32430.525","70.253","3.702","0.000","0.152","8.054","8.205"
"Greece","GRC","1999","9.128898","32263.900","65.560","7.917","0.000","0.324","9.293","9.617"
"Greece","GRC","2000","9.549867","33796.730","64.227","11.082","0.000","0.842","6.908","7.750"
"Greece","GRC","2001","9.716853","33961.258","66.748","11.549","0.000","1.432","3.956","5.539"
"Greece","GRC","2002","9.641644","33917.586","64.078","13.086","0.000","1.205","5.190","6.636"
"Greece","GRC","2003","9.989182","35850.453","60.743","13.851","0.000","1.762","8.238","10.173"
"Greece","GRC","2004","10.0010195","35828.086","60.170","15.289","0.000","1.905","7.942","10.051"
"Greece","GRC","2005","10.371121","35956.984","59.801","13.747","0.000","2.137","8.447","10.786"
"Greece","GRC","2006","10.205","37034.242","53.615","17.633","0.000","2.825","9.739","12.747"
"Greece","GRC","2007","10.370105","37808.297","55.302","22.580","0.000","2.902","4.130","7.319"
"Greece","GRC","2008","10.028104","37168.062","53.020","21.933","0.016","3.560","5.261","9.139"
"Greece","GRC","2009","9.391326","35855.250","55.985","18.045","0.082","4.159","8.760","13.362"
"Greece","GRC","2010","8.751197","34298.055","53.677","17.166","0.279","4.723","13.018","18.351"
"Greece","GRC","2011","8.507211","33738.633","52.492","23.771","1.031","5.609","6.775","13.769"
"Greece","GRC","2012","8.272102","31860.057","51.210","22.189","2.782","6.337","7.226","16.675"
"Greece","GRC","2013","7.4504676","30079.553","46.218","19.048","6.390","7.248","11.117","25.140"
"Greece","GRC","2014","7.218808","28344.934","51.142","13.486","7.527","7.329","8.898","24.191"
"Greece","GRC","2015","6.924253","28845.504","42.659","17.538","7.525","8.914","11.769","28.651"
"Greece","GRC","2016","6.6223903","28556.062","34.700","27.513","7.223","9.465","10.182","27.366"
"Greece","GRC","2017","6.959737","30131.885","33.998","31.044","7.231","10.040","7.177","25.009"
"Greece","GRC","2018","6.6889496","30475.123","32.282","26.460","7.117","11.831","10.779","30.310"
"Greece","GRC","2019","6.132932","29966.309","24.949","29.848","9.119","14.965","8.234","33.141"
"Greece","GRC","2020","5.1944113","26343.523","13.725","39.929","9.240","19.331","6.935","36.441"
"Greece","GRC","2021","5.4376464","28961.367","9.735","41.153","9.607","19.177","10.796","40.494"
"Greece","GRC","2022","5.532692","30410.344","10.412","37.300","12.624","20.709","9.020","43.307"
"Greenland","GRL","2000","11.866045","52953.500","0.000","0.000","0.000","0.000","40.476","40.476"
"Greenland","GRL","2001","10.947549","49252.449","0.000","0.000","0.000","0.000","41.026","41.026"
"Greenland","GRL","2002","10.233693","47520.086","0.000","0.000","0.000","0.000","47.368","47.368"
"Greenland","GRL","2003","11.435216","51946.254","0.000","0.000","0.000","0.000","54.545","54.545"
"Greenland","GRL","2004","10.937041","49968.973","0.000","0.000","0.000","0.000","57.576","57.576"
"Greenland","GRL","2005","11.00072","60154.367","0.000","0.000","0.000","0.000","57.143","57.143"
"Greenland","GRL","2006","11.312631","55261.266","0.000","0.000","0.000","0.000","51.282","51.282"
"Greenland","GRL","2007","11.181738","62545.469","0.000","0.000","0.000","0.000","52.632","52.632"
"Greenland","GRL","2008","11.530847","55727.660","0.000","0.000","0.000","0.000","50.000","50.000"
"Greenland","GRL","2009","10.207438","61194.820","0.000","0.000","0.000","0.000","61.905","61.905"
"Greenland","GRL","2010","11.666225","77434.969","0.000","0.000","0.000","0.000","70.732","70.732"
"Greenland","GRL","2011","12.40216","76637.781","0.000","0.000","0.000","0.000","73.913","73.913"
"Greenland","GRL","2012","9.631143","64041.523","0.000","0.000","0.000","0.000","77.273","77.273"
"Greenland","GRL","2013","9.94481","64544.352","0.000","0.000","0.000","0.000","82.222","82.222"
"Greenland","GRL","2014","8.942201","60480.352","0.000","0.000","0.000","0.000","82.979","82.979"
"Greenland","GRL","2015","9.770197","64502.316","0.000","0.000","0.000","0.000","82.353","82.353"
"Greenland","GRL","2016","9.079561","63640.645","0.000","0.000","0.000","0.000","83.333","83.333"
"Greenland","GRL","2017","9.55366","63297.488","0.000","0.000","0.000","0.000","82.609","82.609"
"Greenland","GRL","2018","9.335829","64539.719","0.000","0.000","0.000","0.000","80.392","80.392"
"Greenland","GRL","2019","9.376927","62941.348","0.000","0.000","0.000","0.000","80.000","80.000"
"Greenland","GRL","2020","9.794296","63375.285","0.000","0.000","0.000","0.000","84.746","84.746"
"Greenland","GRL","2021","9.74501","63520.266","0.000","0.000","0.000","0.000","83.333","83.333"
"Grenada","GRD","2000","1.7388197","8030.945","0.000","0.000","0.000","0.000","0.000","0.000"
"Grenada","GRD","2001","1.7981074","8319.619","0.000","0.000","0.000","0.000","0.000","0.000"
"Grenada","GRD","2002","1.8588005","8525.037","0.000","0.000","0.000","0.000","0.000","0.000"
"Grenada","GRD","2003","1.9515313","8976.218","0.000","0.000","0.000","0.000","0.000","0.000"
"Grenada","GRD","2004","1.8766028","8654.664","0.000","0.000","0.000","0.000","0.000","0.000"
"Grenada","GRD","2005","1.9698206","9039.732","0.000","0.000","0.000","0.000","0.000","0.000"
"Grenada","GRD","2006","2.0291061","9290.929","0.000","0.000","0.000","0.000","0.000","0.000"
"Grenada","GRD","2007","2.1546702","9798.676","0.000","0.000","0.000","0.000","0.000","0.000"
"Grenada","GRD","2008","2.3455203","10349.056","0.000","0.000","0.000","0.000","0.000","0.000"
"Grenada","GRD","2009","2.2392466","9980.479","0.000","0.000","0.000","0.000","0.000","0.000"
"Grenada","GRD","2010","2.298208","10297.715","0.000","0.000","0.000","0.000","0.000","0.000"
"Grenada","GRD","2011","2.2227259","10196.201","0.000","0.000","0.000","0.000","0.000","0.000"
"Grenada","GRD","2012","2.371374","10296.617","0.000","0.000","0.000","0.000","0.000","0.000"
"Grenada","GRD","2013","2.6471422","11516.319","0.000","0.000","0.000","0.000","0.000","0.000"
"Grenada","GRD","2014","2.1185129","9650.670","0.000","0.000","0.000","0.000","0.000","0.000"
"Grenada","GRD","2015","2.2682164","9958.878","0.000","0.000","0.000","0.000","0.000","0.000"
"Grenada","GRD","2016","2.3865147","10175.044","0.000","0.000","0.000","0.000","0.000","0.000"
"Grenada","GRD","2017","2.5389786","10974.274","0.000","0.000","0.000","0.000","0.000","0.000"
"Grenada","GRD","2018","2.660052","10724.042","0.000","0.000","0.000","0.000","0.000","0.000"
"Grenada","GRD","2019","2.8744688","10655.754","0.000","0.000","0.000","0.000","0.000","0.000"
"Grenada","GRD","2020","2.4877398","8918.377","0.000","0.000","0.000","0.000","0.000","0.000"
"Grenada","GRD","2021","2.6688147","9432.062","0.000","0.000","0.000","0.000","0.000","0.000"
"Guadeloupe","GLP","2000","","20568.102","65.354","0.000","0.000","1.575","0.000","34.646"
"Guadeloupe","GLP","2001","","21598.848","65.079","0.000","0.000","1.587","0.000","34.921"
"Guadeloupe","GLP","2002","","22400.535","64.754","0.000","0.000","2.459","0.000","35.246"
"Guadeloupe","GLP","2003","","23487.152","60.305","0.000","0.000","3.817","0.000","39.695"
"Guadeloupe","GLP","2004","","23340.301","61.538","0.000","0.000","3.205","0.000","38.462"
"Guadeloupe","GLP","2005","","23387.596","61.783","0.000","0.000","3.185","0.000","38.217"
"Guadeloupe","GLP","2006","","24304.947","61.585","0.000","0.000","3.049","0.000","38.415"
"Guadeloupe","GLP","2007","","25231.457","61.988","0.000","0.000","2.924","0.000","38.012"
"Guadeloupe","GLP","2008","","23487.783","62.130","0.000","0.000","2.959","0.000","37.870"
"Guadeloupe","GLP","2009","","23222.686","61.905","0.000","0.000","2.976","0.000","38.095"
"Guadeloupe","GLP","2010","","24672.211","61.310","0.000","1.190","2.381","0.000","38.690"
"Guadeloupe","GLP","2011","","26967.006","68.824","0.000","1.765","2.941","0.000","31.176"
"Guam","GUM","2000","","87275.984","0.000","0.000","0.000","0.000","0.000","0.000"
"Guam","GUM","2001","","119841.039","0.000","0.000","0.000","0.000","0.000","0.000"
"Guam","GUM","2002","","82767.820","0.000","0.000","0.000","0.000","0.000","0.000"
"Guam","GUM","2003","","69718.664","0.000","0.000","0.000","0.000","0.000","0.000"
"Guam","GUM","2004","","80743.289","0.000","0.000","0.000","0.000","0.000","0.000"
"Guam","GUM","2005","","94305.461","0.000","0.000","0.000","0.000","0.000","0.000"
"Guam","GUM","2006","","99310.289","0.000","0.000","0.000","0.000","0.000","0.000"
"Guam","GUM","2007","","71704.367","0.000","0.000","0.000","0.000","0.000","0.000"
"Guam","GUM","2008","","45162.445","0.000","0.000","0.000","0.000","0.000","0.000"
"Guam","GUM","2009","","71809.609","0.000","0.000","0.000","0.000","0.000","0.000"
"Guam","GUM","2010","","63885.816","0.000","0.000","0.000","0.000","0.000","0.000"
"Guam","GUM","2011","","56198.336","0.000","0.000","0.000","0.000","0.000","0.000"
"Guam","GUM","2012","","59909.613","0.000","0.000","0.000","0.000","0.000","0.000"
"Guam","GUM","2013","","50317.520","0.000","0.000","0.000","0.000","0.000","0.000"
"Guam","GUM","2014","","48555.641","0.000","0.000","0.000","0.000","0.000","0.000"
"Guam","GUM","2015","","51455.406","0.000","0.000","1.818","0.000","0.000","1.818"
"Guam","GUM","2016","","48375.195","0.000","0.000","4.046","0.000","0.000","4.046"
"Guam","GUM","2017","","44338.289","0.000","0.000","3.409","0.000","0.000","3.409"
"Guam","GUM","2018","","44438.316","0.000","0.000","4.046","0.000","0.000","4.046"
"Guam","GUM","2019","","44431.332","0.000","0.000","3.955","0.000","0.000","3.955"
"Guam","GUM","2020","","42094.266","0.000","0.000","4.118","0.000","0.000","4.118"
"Guam","GUM","2021","","44185.305","0.000","0.000","4.396","0.000","0.000","4.396"
"Guatemala","GTM","2000","0.8328197","4058.544","6.965","0.000","0.000","0.000","41.459","52.902"
"Guatemala","GTM","2001","0.8477825","4133.946","7.376","0.000","0.000","0.000","37.393","51.458"
"Guatemala","GTM","2002","0.87316126","4082.936","8.143","0.000","0.000","0.000","31.433","45.440"
"Guatemala","GTM","2003","0.831194","4382.797","7.059","0.000","0.000","0.000","34.641","46.405"
"Guatemala","GTM","2004","0.8632435","4045.296","6.231","0.000","0.000","0.000","37.685","48.813"
"Guatemala","GTM","2005","0.9198268","4087.143","6.506","0.000","0.000","0.000","35.060","48.072"
"Guatemala","GTM","2006","0.9108661","4242.915","6.393","0.000","0.000","0.000","39.445","55.609"
"Guatemala","GTM","2007","0.8875601","4454.024","6.652","0.000","0.000","0.000","33.259","50.776"
"Guatemala","GTM","2008","0.7703355","4052.934","5.213","0.000","0.000","0.000","43.128","59.834"
"Guatemala","GTM","2009","0.82477576","4154.522","5.738","0.000","0.000","0.000","34.075","52.693"
"Guatemala","GTM","2010","0.74600375","4004.347","4.506","0.000","0.000","0.000","47.685","62.954"
"Guatemala","GTM","2011","0.7422373","4004.556","6.159","0.000","0.000","0.000","49.879","63.527"
"Guatemala","GTM","2012","0.7519584","4204.253","7.725","0.000","0.000","0.000","47.854","63.734"
"Guatemala","GTM","2013","0.81193084","4409.617","8.540","0.000","0.000","0.000","46.177","63.952"
"Guatemala","GTM","2014","0.8560798","4562.104","12.161","0.000","0.094","0.000","45.276","64.172"
"Guatemala","GTM","2015","0.9672817","5002.620","18.810","0.000","1.400","0.962","33.858","58.705"
"Guatemala","GTM","2016","1.0156711","5357.698","22.259","0.000","1.578","1.827","33.140","59.468"
"Guatemala","GTM","2017","1.0256746","5708.092","18.927","0.000","1.577","1.735","45.820","69.085"
"Guatemala","GTM","2018","1.088612","5774.417","21.884","0.000","1.416","2.266","37.606","64.023"
"Guatemala","GTM","2019","1.1259985","5851.735","24.258","0.000","1.665","2.390","32.368","60.101"
"Guatemala","GTM","2020","0.98845255","5734.478","19.970","0.000","1.639","2.310","43.070","67.139"
"Guatemala","GTM","2021","1.1355486","5712.118","20.983","0.000","1.593","2.216","40.997","65.512"
"Guinea","GIN","2000","0.17127107","933.223","0.000","0.000","0.000","0.000","54.667","54.667"
"Guinea","GIN","2001","0.17762326","1009.310","0.000","0.000","0.000","0.000","58.511","58.511"
"Guinea","GIN","2002","0.18205798","1035.372","0.000","0.000","0.000","0.000","59.596","59.596"
"Guinea","GIN","2003","0.18628149","983.643","0.000","0.000","0.000","0.000","45.977","45.977"
"Guinea","GIN","2004","0.19001792","1041.267","0.000","0.000","0.000","0.000","58.511","58.511"
"Guinea","GIN","2005","0.19299136","1031.740","0.000","0.000","0.000","0.000","55.682","55.682"
"Guinea","GIN","2006","0.19559601","1027.691","0.000","0.000","0.000","0.000","54.118","54.118"
"Guinea","GIN","2007","0.1994627","1066.262","0.000","0.000","0.000","0.000","56.383","56.383"
"Guinea","GIN","2008","0.19839679","1051.052","0.000","0.000","0.000","0.000","54.167","54.167"
"Guinea","GIN","2009","0.20625383","1076.703","0.000","0.000","0.000","0.000","54.167","54.167"
"Guinea","GIN","2010","0.23648737","1202.378","0.000","0.000","0.000","0.000","52.174","52.174"
"Guinea","GIN","2011","0.23998472","1194.914","0.000","0.000","0.000","0.000","48.235","48.235"
"Guinea","GIN","2012","0.21907014","1131.156","0.000","0.000","0.000","0.000","69.014","69.014"
"Guinea","GIN","2013","0.18562467","982.067","0.000","0.000","0.000","0.000","75.000","75.000"
"Guinea","GIN","2014","0.20662637","990.091","0.000","0.000","0.000","0.000","60.870","60.870"
"Guinea","GIN","2015","0.20858188","1171.232","0.000","0.000","1.754","0.000","77.193","78.947"
"Guinea","GIN","2016","0.22362354","1285.750","0.000","0.000","1.242","0.000","67.081","68.323"
"Guinea","GIN","2017","0.3913775","1261.208","0.000","0.000","1.130","0.000","68.362","69.492"
"Guinea","GIN","2018","0.29675895","1122.100","0.000","0.000","1.342","0.000","49.664","51.007"
"Guinea","GIN","2019","0.31487304","1201.790","0.000","0.000","0.971","0.000","62.621","63.592"
"Guinea","GIN","2020","0.331328","1356.659","0.000","0.000","0.625","0.000","77.188","77.812"
"Guinea","GIN","2021","0.29667225","1281.525","0.000","0.000","0.719","0.000","71.942","72.662"
"Guinea-Bissau","GNB","2000","0.041543733","809.855","0.000","0.000","0.000","0.000","0.000","0.000"
"Guinea-Bissau","GNB","2001","0.03776478","807.337","0.000","0.000","0.000","0.000","0.000","0.000"
"Guinea-Bissau","GNB","2002","0.04831085","806.625","0.000","0.000","0.000","0.000","0.000","0.000"
"Guinea-Bissau","GNB","2003","0.055565286","916.409","0.000","0.000","0.000","0.000","0.000","0.000"
"Guinea-Bissau","GNB","2004","0.03257929","926.119","0.000","0.000","0.000","0.000","0.000","0.000"
"Guinea-Bissau","GNB","2005","0.06630042","915.815","0.000","0.000","0.000","0.000","0.000","0.000"
"Guinea-Bissau","GNB","2006","0.082842335","913.918","0.000","0.000","0.000","0.000","0.000","0.000"
"Guinea-Bissau","GNB","2007","0.058079008","946.612","0.000","0.000","0.000","0.000","0.000","0.000"
"Guinea-Bissau","GNB","2008","0.07879257","898.468","0.000","0.000","0.000","0.000","0.000","0.000"
"Guinea-Bissau","GNB","2009","0.064812","907.230","0.000","0.000","0.000","0.000","0.000","0.000"
"Guinea-Bissau","GNB","2010","0.06549741","907.236","0.000","0.000","0.000","0.000","0.000","0.000"
"Guinea-Bissau","GNB","2011","0.06835464","896.623","0.000","0.000","0.000","0.000","0.000","0.000"
"Guinea-Bissau","GNB","2012","0.06877939","890.101","0.000","0.000","0.000","0.000","0.000","0.000"
"Guinea-Bissau","GNB","2013","0.08425571","886.973","0.000","0.000","0.000","0.000","0.000","0.000"
"Guinea-Bissau","GNB","2014","0.08207103","907.578","0.000","0.000","0.000","0.000","0.000","0.000"
"Guinea-Bissau","GNB","2015","0.08614126","914.877","0.000","0.000","0.000","0.000","0.000","0.000"
"Guinea-Bissau","GNB","2016","0.092005126","928.796","0.000","0.000","0.000","0.000","0.000","0.000"
"Guinea-Bissau","GNB","2017","0.09759871","733.632","0.000","0.000","0.000","0.000","0.000","0.000"
"Guinea-Bissau","GNB","2018","0.102933824","719.810","0.000","0.000","0.000","0.000","0.000","0.000"
"Guinea-Bissau","GNB","2019","0.13034482","703.127","0.000","0.000","0.000","0.000","0.000","0.000"
"Guinea-Bissau","GNB","2020","0.15469445","656.343","0.000","0.000","0.000","0.000","0.000","0.000"
"Guinea-Bissau","GNB","2021","0.1655067","677.328","0.000","0.000","0.000","0.000","0.000","0.000"
"Guyana","GUY","2000","2.2851017","9131.178","0.000","0.000","0.000","0.000","0.000","6.818"
"Guyana","GUY","2001","2.2765682","8915.736","0.000","0.000","0.000","0.000","0.000","6.593"
"Guyana","GUY","2002","2.24065","9012.365","0.000","0.000","0.000","0.000","0.000","6.593"
"Guyana","GUY","2003","2.4487262","9282.544","0.000","0.000","0.000","0.000","0.000","6.098"
"Guyana","GUY","2004","2.5278113","9064.288","0.000","0.000","0.000","0.000","0.000","6.977"
"Guyana","GUY","2005","2.123508","8189.165","0.000","0.000","0.000","0.000","0.000","7.692"
"Guyana","GUY","2006","1.9889536","7341.676","0.000","0.000","0.000","0.000","0.000","7.463"
"Guyana","GUY","2007","2.3527086","9106.513","0.000","0.000","0.000","0.000","0.000","7.143"
"Guyana","GUY","2008","2.25779","8685.301","0.000","0.000","0.000","0.000","0.000","7.042"
"Guyana","GUY","2009","2.5332901","8978.938","0.000","0.000","0.000","0.000","0.000","15.278"
"Guyana","GUY","2010","2.5135448","9713.229","0.000","0.000","0.000","0.000","0.000","15.116"
"Guyana","GUY","2011","2.62219","10153.407","0.000","0.000","0.000","0.000","0.000","15.385"
"Guyana","GUY","2012","2.6217158","11516.412","0.000","0.000","0.000","0.000","0.000","14.737"
"Guyana","GUY","2013","2.5354204","11227.718","0.000","0.000","0.000","0.000","0.000","14.141"
"Guyana","GUY","2014","2.6184232","11144.220","0.000","0.000","0.000","0.000","0.000","15.000"
"Guyana","GUY","2015","2.5882287","11248.948","0.000","0.000","0.000","0.000","0.000","15.385"
"Guyana","GUY","2016","2.893261","12634.438","0.000","0.000","0.000","0.000","0.000","13.636"
"Guyana","GUY","2017","2.8082547","12459.088","0.000","0.000","0.000","0.000","0.000","13.158"
"Guyana","GUY","2018","2.9300408","12371.177","0.000","0.000","0.862","0.000","0.000","13.793"
"Guyana","GUY","2019","3.2751155","14184.612","0.000","0.000","0.820","0.000","0.000","13.115"
"Guyana","GUY","2020","3.8394089","13816.492","0.000","0.000","0.862","0.000","0.000","12.931"
"Guyana","GUY","2021","3.596365","13690.034","0.000","0.000","0.813","0.000","0.000","11.382"
"Haiti","HTI","2000","0.1968101","836.080","0.000","0.000","0.000","0.000","52.830","52.830"
"Haiti","HTI","2001","0.1734194","893.391","0.000","0.000","0.000","0.000","49.123","49.123"
"Haiti","HTI","2002","0.20652866","961.624","0.000","0.000","0.000","0.000","49.057","49.057"
"Haiti","HTI","2003","0.19316219","874.446","0.000","0.000","0.000","0.000","49.020","49.020"
"Haiti","HTI","2004","0.18439661","990.221","0.000","0.000","0.000","0.000","49.057","49.057"
"Haiti","HTI","2005","0.18924116","1015.820","0.000","0.000","0.000","0.000","49.057","49.057"
"Haiti","HTI","2006","0.18941464","1022.490","0.000","0.000","0.000","0.000","49.091","49.091"
"Haiti","HTI","2007","0.18845646","1084.662","0.000","0.000","0.000","0.000","33.333","33.333"
"Haiti","HTI","2008","0.18400474","1075.174","0.000","0.000","0.000","0.000","38.298","38.298"
"Haiti","HTI","2009","0.19412234","1005.778","0.000","0.000","0.000","0.000","29.412","29.412"
"Haiti","HTI","2010","0.21721616","922.152","0.000","0.000","0.000","0.000","30.357","30.357"
"Haiti","HTI","2011","0.22911558","958.598","0.000","0.000","0.000","0.000","18.462","18.462"
"Haiti","HTI","2012","0.22465797","1037.840","0.000","0.000","0.000","0.000","20.952","20.952"
"Haiti","HTI","2013","0.26444125","1075.777","0.000","0.000","0.000","0.000","14.000","14.000"
"Haiti","HTI","2014","0.26013404","1142.445","0.000","0.000","0.000","0.000","9.184","9.184"
"Haiti","HTI","2015","0.25224766","1284.612","0.000","0.000","0.000","0.000","8.163","8.163"
"Haiti","HTI","2016","0.27895868","1314.938","0.000","0.000","0.000","0.000","6.863","6.863"
"Haiti","HTI","2017","0.28966093","1287.264","0.000","0.000","0.000","0.000","13.000","13.000"
"Haiti","HTI","2018","0.31023884","1325.532","0.000","0.000","0.000","0.000","20.000","20.000"
"Haiti","HTI","2019","0.28084463","1184.346","0.000","0.000","0.000","0.000","16.667","16.667"
"Haiti","HTI","2020","0.2904154","977.081","0.000","0.000","0.000","0.000","11.957","11.957"
"Haiti","HTI","2021","0.3083372","1030.881","0.000","0.000","0.000","0.000","13.131","13.131"
"Honduras","HND","2000","0.7649248","3657.385","0.000","0.000","0.000","0.000","63.277","63.277"
"Honduras","HND","2001","0.83825123","3886.625","0.000","0.000","0.000","0.000","50.133","50.400"
"Honduras","HND","2002","0.8568089","3824.135","0.000","0.000","0.000","0.000","40.712","41.476"
"Honduras","HND","2003","0.93925804","4087.409","0.000","0.000","0.000","0.000","39.540","41.609"
"Honduras","HND","2004","0.9856358","4235.931","0.000","0.000","0.000","0.000","29.828","33.047"
"Honduras","HND","2005","0.9139511","4243.708","0.000","0.000","0.000","0.000","31.481","35.556"
"Honduras","HND","2006","1.0054038","3989.089","0.000","0.000","0.000","0.000","35.714","39.373"
"Honduras","HND","2007","1.0487074","4827.849","0.000","0.000","0.000","0.000","36.198","40.331"
"Honduras","HND","2008","1.0649376","4677.777","0.000","0.000","0.000","0.000","36.146","40.924"
"Honduras","HND","2009","0.9805253","4338.667","0.000","0.000","0.000","0.000","43.417","48.119"
"Honduras","HND","2010","0.9689999","4439.492","0.000","0.000","0.000","0.000","46.779","51.227"
"Honduras","HND","2011","1.0370072","4406.682","0.000","0.000","0.000","1.714","39.857","48.571"
"Honduras","HND","2012","1.0451261","4707.272","0.000","0.000","0.134","4.539","36.849","47.397"
"Honduras","HND","2013","1.0493833","4629.147","0.000","0.000","0.130","4.016","35.104","46.244"
"Honduras","HND","2014","1.0485588","4979.008","0.000","0.000","0.119","4.779","30.824","43.130"
"Honduras","HND","2015","1.1797605","5439.805","4.047","0.000","4.579","7.135","24.707","45.580"
"Honduras","HND","2016","1.0559229","5242.269","3.452","0.000","9.310","6.067","24.372","50.105"
"Honduras","HND","2017","1.0635973","5456.188","2.917","0.000","9.688","6.042","30.937","56.354"
"Honduras","HND","2018","1.0113649","5896.753","3.633","0.000","10.091","9.384","31.786","61.655"
"Honduras","HND","2019","1.1024681","5640.568","4.496","0.000","10.072","7.374","21.853","51.529"
"Honduras","HND","2020","0.9858834","5048.450","4.509","0.000","9.284","6.278","23.873","51.724"
"Honduras","HND","2021","1.0748178","5086.934","4.511","0.000","10.693","6.683","22.556","51.963"
"Hong Kong","HKG","1990","4.882152","23868.459","","","0.000","0.000","0.000","0.000"
"Hong Kong","HKG","1991","5.0573225","24375.887","","","0.000","0.000","0.000","0.000"
"Hong Kong","HKG","1992","5.716088","28285.232","","","0.000","0.000","0.000","0.000"
"Hong Kong","HKG","1993","5.8920474","30461.104","","","0.000","0.000","0.000","0.000"
"Hong Kong","HKG","1994","5.1436543","27249.283","","","0.000","0.000","0.000","0.000"
"Hong Kong","HKG","1995","5.062341","28937.334","","","0.000","0.000","0.000","0.000"
"Hong Kong","HKG","1996","4.586858","28513.863","","","0.000","0.000","0.000","0.000"
"Hong Kong","HKG","1997","4.752771","28363.010","","","0.000","0.000","0.000","0.000"
"Hong Kong","HKG","1998","5.968871","28449.789","","","0.000","0.000","0.000","0.000"
"Hong Kong","HKG","1999","6.4307203","28398.510","","","0.000","0.000","0.000","0.000"
"Hong Kong","HKG","2000","5.931011","29337.334","68.251","3.226","0.000","0.000","0.000","0.000"
"Hong Kong","HKG","2001","5.504457","36671.148","68.230","3.246","0.000","0.000","0.000","0.000"
"Hong Kong","HKG","2002","5.717772","35543.574","67.979","6.975","0.000","0.000","0.000","0.000"
"Hong Kong","HKG","2003","6.2303214","36507.191","57.776","20.258","0.000","0.000","0.000","0.000"
"Hong Kong","HKG","2004","5.975141","40706.633","69.885","24.499","0.000","0.000","0.000","0.000"
"Hong Kong","HKG","2005","6.2725916","38935.480","55.546","22.324","0.000","0.000","0.000","0.000"
"Hong Kong","HKG","2006","6.0473623","41052.852","51.832","25.820","0.000","0.000","0.000","0.000"
"Hong Kong","HKG","2007","6.2502203","43421.625","50.546","25.191","0.000","0.000","0.000","0.000"
"Hong Kong","HKG","2008","6.0954485","40117.203","50.630","25.231","0.000","0.000","0.000","0.000"
"Hong Kong","HKG","2009","5.8862305","43534.281","50.549","25.192","0.000","0.000","0.000","0.000"
"Hong Kong","HKG","2010","5.6413803","45030.289","50.624","25.229","0.000","0.000","0.000","0.000"
"Hong Kong","HKG","2011","6.0408654","45897.434","50.613","25.238","0.000","0.000","0.000","0.000"
"Hong Kong","HKG","2012","5.935016","43749.898","50.617","25.226","0.000","0.000","0.000","0.000"
"Hong Kong","HKG","2013","6.099736","44547.461","50.612","25.224","0.000","0.000","0.000","0.000"
"Hong Kong","HKG","2014","6.215143","43148.523","50.614","25.227","0.000","0.000","0.000","0.000"
"Hong Kong","HKG","2015","5.756334","44121.883","50.616","25.224","0.000","0.000","0.000","0.000"
"Hong Kong","HKG","2016","5.8539157","45066.922","59.456","29.631","0.000","0.000","0.000","0.139"
"Hong Kong","HKG","2017","5.6993694","48179.898","58.795","29.297","0.029","0.000","0.000","0.430"
"Hong Kong","HKG","2018","5.7015047","48609.641","57.641","29.866","0.029","0.000","0.000","0.436"
"Hong Kong","HKG","2019","5.596796","45990.859","56.921","30.676","0.058","0.000","0.000","0.547"
"Hong Kong","HKG","2020","4.4742217","34418.750","55.582","38.443","0.060","0.000","0.000","0.543"
"Hong Kong","HKG","2021","4.4941583","32466.973","54.355","37.560","0.057","0.000","0.000","0.511"
"Hong Kong","HKG","2022","4.120568","29152.305","","","0.144","0.003","0.000","0.393"
"Hungary","HUN","1990","7.0730515","31154.180","30.063","15.717","0.000","0.000","0.633","0.703"
"Hungary","HUN","1991","6.728052","29099.613","26.836","16.789","0.000","0.000","0.634","0.701"
"Hungary","HUN","1992","6.0050035","27931.543","28.756","13.258","0.000","0.000","0.505","0.663"
"Hungary","HUN","1993","6.0820847","26921.881","27.408","12.397","0.000","0.000","0.517","0.638"
"Hungary","HUN","1994","5.9845986","27419.527","26.044","14.409","0.000","0.000","0.477","0.626"
"Hungary","HUN","1995","5.9542155","27771.453","26.690","15.315","0.000","0.000","0.470","0.647"
"Hungary","HUN","1996","6.1232386","28350.887","27.387","18.153","0.000","0.000","0.598","0.741"
"Hungary","HUN","1997","6.000424","27726.135","26.525","16.215","0.000","0.000","0.621","0.763"
"Hungary","HUN","1998","5.9751363","28211.484","25.699","19.677","0.000","0.000","0.430","0.591"
"Hungary","HUN","1999","6.0250854","28282.535","26.910","20.671","0.000","0.000","0.476","0.634"
"Hungary","HUN","2000","5.7155046","27524.092","27.252","18.755","0.000","0.000","0.512","0.682"
"Hungary","HUN","2001","5.884682","28261.502","24.272","24.327","0.000","0.000","0.522","0.714"
"Hungary","HUN","2002","5.8038373","27680.426","24.841","29.710","0.000","0.000","0.526","0.636"
"Hungary","HUN","2003","6.094711","28106.879","26.868","34.808","0.000","0.000","0.498","0.967"
"Hungary","HUN","2004","5.94747","28622.199","24.266","34.767","0.000","0.030","0.593","2.788"
"Hungary","HUN","2005","5.9749513","30582.840","19.636","34.629","0.000","0.028","0.559","5.231"
"Hungary","HUN","2006","5.923272","30034.668","19.526","36.709","0.000","0.112","0.530","4.156"
"Hungary","HUN","2007","5.8250046","29686.330","18.443","38.113","0.000","0.275","0.526","4.705"
"Hungary","HUN","2008","5.7089357","29320.721","17.691","37.931","0.000","0.500","0.525","5.872"
"Hungary","HUN","2009","5.1450424","27245.459","17.655","29.017","0.000","0.919","0.640","8.048"
"Hungary","HUN","2010","5.2101464","27819.338","16.671","31.041","0.000","1.418","0.508","8.081"
"Hungary","HUN","2011","5.04249","27072.971","17.990","29.817","0.000","1.749","0.611","7.524"
"Hungary","HUN","2012","4.7113004","25308.668","18.313","27.152","0.029","2.224","0.607","7.626"
"Hungary","HUN","2013","4.397312","24057.617","20.826","18.314","0.066","2.380","0.694","9.190"
"Hungary","HUN","2014","4.424574","24145.828","20.409","14.446","0.239","2.249","1.022","10.767"
"Hungary","HUN","2015","4.732789","25501.146","19.115","16.870","0.462","2.278","0.759","10.631"
"Hungary","HUN","2016","4.794759","26030.773","17.699","20.371","0.754","2.138","0.817","10.217"
"Hungary","HUN","2017","5.050634","27509.971","15.017","23.972","1.066","2.315","0.670","10.600"
"Hungary","HUN","2018","5.0505667","27740.646","14.626","22.800","1.973","1.910","0.689","11.807"
"Hungary","HUN","2019","5.0314445","28131.205","11.787","25.446","4.387","2.135","0.643","13.747"
"Hungary","HUN","2020","4.831583","27724.254","10.667","26.136","7.073","1.869","0.690","15.871"
"Hungary","HUN","2021","4.9780636","29247.697","8.370","26.835","10.567","1.835","0.584","19.216"
"Hungary","HUN","2022","4.674298","26660.490","8.164","24.944","12.584","1.717","0.535","21.199"
"Iceland","ISL","1990","8.719046","85042.648","0.000","0.000","0.000","0.000","93.126","99.778"
"Iceland","ISL","1991","8.157205","82124.383","0.000","0.000","0.000","0.000","93.541","99.777"
"Iceland","ISL","1992","8.61522","83950.500","0.000","0.000","0.000","0.000","94.725","99.780"
"Iceland","ISL","1993","9.099711","86327.312","0.000","0.000","0.000","0.000","94.503","100.000"
"Iceland","ISL","1994","8.829784","86541.711","0.000","0.000","0.000","0.000","94.549","100.000"
"Iceland","ISL","1995","9.22916","88842.273","0.000","0.000","0.000","0.000","93.976","99.799"
"Iceland","ISL","1996","9.380348","93512.523","0.000","0.000","0.000","0.000","93.164","100.000"
"Iceland","ISL","1997","9.655014","97298.727","0.000","0.000","0.000","0.000","93.202","100.000"
"Iceland","ISL","1998","9.624513","104159.297","0.000","0.000","0.000","0.000","89.633","100.000"
"Iceland","ISL","1999","10.239481","112739.609","0.000","0.000","0.000","0.000","84.145","100.000"
"Iceland","ISL","2000","10.42593","118057.812","0.000","0.000","0.000","0.000","82.654","100.000"
"Iceland","ISL","2001","10.050558","117792.883","0.000","0.000","0.000","0.000","81.784","100.000"
"Iceland","ISL","2002","10.402995","121304.664","0.000","0.000","0.000","0.000","82.754","99.880"
"Iceland","ISL","2003","10.30826","121068.531","0.000","0.000","0.000","0.000","83.175","99.882"
"Iceland","ISL","2004","10.634728","122384.422","0.000","0.000","0.000","0.000","82.573","99.883"
"Iceland","ISL","2005","10.02641","120874.469","0.000","0.000","0.000","0.000","80.626","99.884"
"Iceland","ISL","2006","10.380252","129510.242","0.000","0.000","0.000","0.000","73.225","99.899"
"Iceland","ISL","2007","11.21189","144361.562","0.000","0.000","0.000","0.000","69.891","100.000"
"Iceland","ISL","2008","12.003968","177673.469","0.000","0.000","0.000","0.000","75.275","100.000"
"Iceland","ISL","2009","11.708181","176767.391","0.000","0.000","0.000","0.000","72.771","100.000"
"Iceland","ISL","2010","11.398676","177121.828","0.000","0.000","0.000","0.000","74.731","100.000"
"Iceland","ISL","2011","10.977909","176561.359","0.000","0.000","0.000","0.000","73.472","100.000"
"Iceland","ISL","2012","10.90585","177259.344","0.000","0.000","0.000","0.000","70.619","100.000"
"Iceland","ISL","2013","10.771516","181204.219","0.000","0.000","0.000","0.000","70.873","100.000"
"Iceland","ISL","2014","10.519396","178940.125","0.000","0.000","0.000","0.056","70.506","100.000"
"Iceland","ISL","2015","10.699156","184878.391","0.000","0.000","0.000","0.054","72.992","100.000"
"Iceland","ISL","2016","10.411099","183038.078","0.000","0.000","0.000","0.055","72.042","100.000"
"Iceland","ISL","2017","10.511092","186955.547","0.000","0.000","0.000","0.053","73.726","100.000"
"Iceland","ISL","2018","10.387562","188294.000","0.000","0.000","0.000","0.000","70.407","100.000"
"Iceland","ISL","2019","9.849048","175527.734","0.000","0.000","0.000","0.052","69.718","100.000"
"Iceland","ISL","2020","9.107118","155754.594","0.000","0.000","0.000","0.053","68.797","100.000"
"Iceland","ISL","2021","9.367136","156923.656","0.000","0.000","0.000","0.052","70.457","100.000"
"Iceland","ISL","2022","9.458432","165870.875","","","0.000","0.029","70.496","99.986"
"India","IND","1985","0.51459557","2030.476","62.257","1.158","0.000","0.000","27.799","27.799"
"India","IND","1986","0.5391722","2125.122","64.093","1.817","0.000","0.000","25.937","25.937"
"India","IND","1987","0.562909","2210.148","68.315","1.893","0.000","0.000","21.891","21.891"
"India","IND","1988","0.59431225","2353.642","68.244","1.494","0.000","0.000","22.633","22.633"
"India","IND","1989","0.63905036","2515.706","67.894","2.670","0.000","0.000","23.260","23.260"
"India","IND","1990","0.668214","2643.110","66.594","3.460","0.000","0.011","23.074","23.097"
"India","IND","1991","0.69619745","2730.958","66.816","4.167","0.000","0.035","23.067","23.132"
"India","IND","1992","0.72586346","2812.742","68.044","4.822","0.000","0.026","20.780","20.842"
"India","IND","1993","0.7344633","2824.250","69.796","4.936","0.000","0.026","19.530","19.626"
"India","IND","1994","0.7586807","2916.780","68.204","5.640","0.000","0.049","20.675","20.822"
"India","IND","1995","0.7919185","3072.884","69.365","6.891","0.000","0.116","17.774","18.022"
"India","IND","1996","0.8406862","3134.029","70.449","7.226","0.001","0.198","15.581","15.952"
"India","IND","1997","0.8587196","3244.433","69.450","8.564","0.001","0.211","14.965","15.387"
"India","IND","1998","0.8597363","3377.110","66.620","9.934","0.001","0.214","16.558","17.029"
"India","IND","1999","0.92580426","3411.330","66.763","10.781","0.001","0.264","15.027","15.600"
"India","IND","2000","0.9330219","3518.682","68.295","9.794","0.002","0.277","13.474","14.048"
"India","IND","2001","0.92884284","3469.836","69.663","9.543","0.002","0.357","12.288","13.000"
"India","IND","2002","0.94091654","3519.717","69.992","10.314","0.002","0.343","11.243","11.938"
"India","IND","2003","0.95665747","3583.340","69.182","11.408","0.003","0.407","10.860","11.695"
"India","IND","2004","0.9987847","3826.205","66.303","10.966","0.003","0.749","14.412","15.638"
"India","IND","2005","1.0352627","3987.057","67.916","10.712","0.003","0.850","13.828","15.254"
"India","IND","2006","1.1026897","4136.667","67.899","10.035","0.001","1.255","15.128","17.135"
"India","IND","2007","1.1703311","4423.929","66.972","11.309","0.008","1.467","15.398","17.802"
"India","IND","2008","1.2338176","4616.339","69.183","10.367","0.007","1.736","13.903","16.768"
"India","IND","2009","1.3164382","4892.379","69.467","11.864","0.009","1.849","12.088","15.270"
"India","IND","2010","1.3498628","5033.775","68.586","12.590","0.012","2.076","11.599","15.212"
"India","IND","2011","1.3999841","5236.977","67.819","11.369","0.080","2.316","12.737","16.791"
"India","IND","2012","1.5070187","5447.341","72.092","8.815","0.192","2.512","10.604","15.135"
"India","IND","2013","1.5398146","5555.548","73.985","5.786","0.299","2.618","11.515","16.394"
"India","IND","2014","1.6368889","5857.284","75.271","5.072","0.389","2.651","11.014","16.009"
"India","IND","2015","1.6805544","5988.833","76.141","4.900","0.497","2.477","10.082","15.372"
"India","IND","2016","1.7504745","6184.250","76.597","5.181","0.825","3.100","9.159","14.855"
"India","IND","2017","1.7840685","6346.354","75.807","5.097","1.464","3.577","9.232","15.967"
"India","IND","2018","1.8879061","6633.665","75.926","4.513","2.301","3.820","8.851","16.695"
"India","IND","2019","1.8798543","6731.805","73.910","4.436","2.853","3.903","9.993","18.692"
"India","IND","2020","1.7272933","6317.096","72.040","4.765","3.755","3.867","10.476","20.206"
"India","IND","2021","1.8920738","6809.620","74.173","3.745","3.986","3.973","9.356","19.384"
"India","IND","2022","1.9861692","7143.406","74.164","2.712","5.178","3.811","9.500","20.476"
"Indonesia","IDN","1985","0.7288092","2490.985","31.840","11.086","0.000","0.000","16.901","16.901"
"Indonesia","IDN","1986","0.7175488","2607.531","29.047","10.114","0.000","0.000","24.191","24.191"
"Indonesia","IDN","1987","0.713572","2699.753","29.841","10.390","0.000","0.000","22.118","22.118"
"Indonesia","IDN","1988","0.75004494","2796.916","30.541","10.634","0.000","0.000","20.291","20.291"
"Indonesia","IDN","1989","0.73021567","3044.827","29.869","10.400","0.000","0.000","22.045","22.045"
"Indonesia","IDN","1990","0.84463084","3294.792","29.498","10.270","0.000","0.000","19.606","23.010"
"Indonesia","IDN","1991","0.9356241","3522.519","28.991","11.416","0.000","0.000","19.445","22.205"
"Indonesia","IDN","1992","1.0486954","3801.794","28.204","8.066","0.000","0.000","23.943","26.639"
"Indonesia","IDN","1993","1.1120389","3983.798","26.900","10.873","0.000","0.000","22.391","25.142"
"Indonesia","IDN","1994","1.1150004","4102.256","27.881","26.854","0.000","0.000","17.381","20.873"
"Indonesia","IDN","1995","1.1117487","4392.264","26.546","38.186","0.000","0.000","15.323","19.412"
"Indonesia","IDN","1996","1.2443422","4633.902","28.319","37.127","0.000","0.000","14.990","18.970"
"Indonesia","IDN","1997","1.3542215","4948.957","28.961","41.894","0.000","0.000","8.298","12.157"
"Indonesia","IDN","1998","1.1643667","4789.716","29.255","40.517","0.000","0.000","13.513","17.798"
"Indonesia","IDN","1999","1.3697853","5151.666","31.362","39.892","0.000","0.000","12.361","17.054"
"Indonesia","IDN","2000","1.3007095","5435.436","34.683","32.572","0.000","0.000","10.221","19.994"
"Indonesia","IDN","2001","1.4457434","5740.435","35.525","31.173","0.000","0.000","10.975","20.904"
"Indonesia","IDN","2002","1.387741","5815.386","37.981","29.010","0.000","0.000","8.785","18.579"
"Indonesia","IDN","2003","1.5064515","6224.941","39.577","28.742","0.000","0.000","7.752","16.884"
"Indonesia","IDN","2004","1.5035917","6087.679","38.639","29.679","0.000","0.000","7.750","16.807"
"Indonesia","IDN","2005","1.5045645","6186.437","39.005","30.923","0.000","0.000","8.075","17.053"
"Indonesia","IDN","2006","1.4805014","6211.292","42.521","29.265","0.000","0.000","6.972","15.350"
"Indonesia","IDN","2007","1.634917","6579.230","43.062","28.344","0.000","0.000","7.608","16.369"
"Indonesia","IDN","2008","1.5214325","6569.101","39.444","30.297","0.000","0.000","7.396","16.897"
"Indonesia","IDN","2009","1.6389457","6662.824","40.475","30.877","0.000","0.000","6.988","16.452"
"Indonesia","IDN","2010","1.8082032","7121.819","38.578","31.204","0.000","0.000","9.836","19.509"
"Indonesia","IDN","2011","2.0060833","7429.862","42.263","29.947","0.000","0.000","6.473","15.875"
"Indonesia","IDN","2012","2.041047","7574.457","48.899","25.883","0.000","0.000","6.126","14.889"
"Indonesia","IDN","2013","1.9285924","7225.183","49.409","25.782","0.004","0.000","7.515","15.767"
"Indonesia","IDN","2014","1.9238018","7235.558","50.324","25.488","0.004","0.000","6.383","14.487"
"Indonesia","IDN","2015","2.1052775","7266.895","51.243","22.255","0.004","0.000","5.648","13.795"
"Indonesia","IDN","2016","2.0707185","7212.070","52.565","23.991","0.008","0.004","7.253","15.368"
"Indonesia","IDN","2017","2.1355352","7388.523","55.664","21.004","0.011","0.000","7.009","16.241"
"Indonesia","IDN","2018","2.249951","8026.891","56.383","20.244","0.032","0.067","7.625","17.048"
"Indonesia","IDN","2019","2.440643","8474.479","59.063","21.095","0.041","0.162","7.162","16.261"
"Indonesia","IDN","2020","2.268087","7771.042","61.980","17.572","0.058","0.161","8.337","18.131"
"Indonesia","IDN","2021","2.2870014","7871.843","61.404","18.273","0.061","0.142","7.984","18.173"
"Indonesia","IDN","2022","2.7185707","9854.455","61.555","17.002","0.132","0.108","8.185","19.617"
"Iran","IRN","1990","3.6155233","14540.782","0.113","52.592","0.000","0.000","12.802","12.802"
"Iran","IRN","1991","3.7181766","15178.739","0.150","55.723","0.000","0.000","8.926","8.926"
"Iran","IRN","1992","3.7295725","16395.330","0.124","55.315","0.000","0.000","13.701","13.701"
"Iran","IRN","1993","3.85959","15073.914","0.129","53.937","0.000","0.000","14.103","14.103"
"Iran","IRN","1994","4.304606","16816.410","0.117","58.328","0.000","0.000","8.513","8.513"
"Iran","IRN","1995","4.354519","17401.883","0.108","55.244","0.000","0.000","9.867","9.867"
"Iran","IRN","1996","4.3990874","18683.662","0.103","54.707","0.000","0.000","9.822","9.822"
"Iran","IRN","1997","4.231056","18984.059","0.099","60.724","0.000","0.000","6.126","6.126"
"Iran","IRN","1998","4.7371707","19468.623","0.109","70.084","0.000","0.000","7.314","7.314"
"Iran","IRN","1999","5.7215986","20652.555","0.379","70.081","0.000","0.032","4.672","4.704"
"Iran","IRN","2000","5.5287676","21307.211","0.402","68.337","0.000","0.034","3.167","3.201"
"Iran","IRN","2001","5.78059","22379.375","0.368","70.147","0.000","0.024","3.229","3.253"
"Iran","IRN","2002","5.8377256","24156.205","0.376","70.925","0.000","0.022","5.795","5.816"
"Iran","IRN","2003","5.9760165","24372.035","0.310","72.437","0.000","0.020","6.324","6.344"
"Iran","IRN","2004","6.2929487","26526.404","0.295","70.417","0.000","0.031","7.330","7.361"
"Iran","IRN","2005","6.498752","27646.453","0.322","70.356","0.000","0.040","8.161","8.200"
"Iran","IRN","2006","6.826492","29747.424","0.290","64.685","0.000","0.067","9.569","9.637"
"Iran","IRN","2007","6.806341","31167.166","0.281","68.309","0.000","0.069","8.842","8.911"
"Iran","IRN","2008","6.999057","31688.732","0.185","64.165","0.000","0.095","3.535","3.630"
"Iran","IRN","2009","7.1072636","32012.967","0.171","67.359","0.000","0.104","3.030","3.133"
"Iran","IRN","2010","7.252517","32127.781","0.149","73.765","0.000","0.072","4.349","4.425"
"Iran","IRN","2011","7.3531413","33133.559","0.183","60.414","0.000","0.089","4.533","4.631"
"Iran","IRN","2012","7.5503836","33081.695","0.161","62.858","0.000","0.113","5.025","5.146"
"Iran","IRN","2013","7.5856357","33749.086","0.178","53.191","0.000","0.085","5.648","5.741"
"Iran","IRN","2014","7.9044347","34474.914","0.192","69.659","0.000","0.073","5.261","5.351"
"Iran","IRN","2015","7.770076","33567.574","0.164","73.726","0.000","0.050","4.728","4.785"
"Iran","IRN","2016","7.6919622","34556.773","0.171","78.744","0.000","0.056","5.389","5.452"
"Iran","IRN","2017","8.190451","35336.230","0.206","82.741","0.029","0.105","5.646","5.787"
"Iran","IRN","2018","7.7164273","36060.898","0.202","85.254","0.070","0.240","3.150","3.467"
"Iran","IRN","2019","8.354448","37636.082","0.201","76.675","0.160","0.226","10.621","11.010"
"Iran","IRN","2020","8.49939","38705.871","0.196","79.542","0.190","0.335","6.880","7.408"
"Iran","IRN","2021","8.812627","38225.703","0.184","80.564","0.187","0.316","4.158","4.664"
"Iran","IRN","2022","8.569505","38133.086","0.178","79.270","0.181","0.305","4.477","4.965"
"Iraq","IRQ","1990","2.8259327","13462.373","","","0.000","0.000","16.390","16.390"
"Iraq","IRQ","1991","2.561187","8406.837","","","0.000","0.000","16.058","16.058"
"Iraq","IRQ","1992","3.2249866","12949.507","","","0.000","0.000","23.818","23.818"
"Iraq","IRQ","1993","3.294748","16394.721","","","0.000","0.000","22.746","22.746"
"Iraq","IRQ","1994","3.8020515","17684.621","","","0.000","0.000","23.432","23.432"
"Iraq","IRQ","1995","3.8337562","17028.674","","","0.000","0.000","26.869","26.869"
"Iraq","IRQ","1996","3.4799242","16503.838","","","0.000","0.000","24.977","24.977"
"Iraq","IRQ","1997","3.4403985","18957.375","","","0.000","0.000","24.756","24.756"
"Iraq","IRQ","1998","3.5388265","13784.206","","","0.000","0.000","23.174","23.174"
"Iraq","IRQ","1999","3.4868164","9625.282","","","0.000","0.000","14.397","14.397"
"Iraq","IRQ","2000","3.4278352","13100.986","0.000","36.109","0.000","0.000","2.032","2.032"
"Iraq","IRQ","2001","3.8416781","14176.429","0.000","36.112","0.000","0.000","2.010","2.010"
"Iraq","IRQ","2002","3.733308","13048.608","0.000","40.063","0.000","0.000","1.601","1.601"
"Iraq","IRQ","2003","3.7841146","11233.329","0.000","40.060","0.000","0.000","1.613","1.613"
"Iraq","IRQ","2004","4.0980616","11703.380","0.000","40.059","0.000","0.000","1.613","1.613"
"Iraq","IRQ","2005","4.022954","10743.436","0.000","34.176","0.000","0.000","20.568","20.568"
"Iraq","IRQ","2006","3.4538834","10367.605","0.000","36.282","0.000","0.000","18.810","18.810"
"Iraq","IRQ","2007","2.1612523","10543.257","0.000","36.632","0.000","0.000","18.015","18.015"
"Iraq","IRQ","2008","3.2561963","11838.880","0.000","40.259","0.000","0.000","9.914","9.914"
"Iraq","IRQ","2009","3.5002573","11209.113","0.000","41.376","0.000","0.000","7.415","7.415"
"Iraq","IRQ","2010","3.671512","12167.795","0.000","41.528","0.000","0.000","10.214","10.214"
"Iraq","IRQ","2011","3.8408003","12087.509","0.000","44.945","0.000","0.000","6.609","6.609"
"Iraq","IRQ","2012","3.9827716","12609.800","0.000","52.484","0.000","0.000","10.005","10.005"
"Iraq","IRQ","2013","4.016338","13361.737","0.000","64.010","0.091","0.000","8.531","8.622"
"Iraq","IRQ","2014","3.7623115","12829.746","0.000","68.013","0.094","0.000","4.538","4.632"
"Iraq","IRQ","2015","3.7946744","12457.778","0.000","70.625","0.093","0.000","3.892","3.985"
"Iraq","IRQ","2016","3.9805984","13748.048","0.000","73.854","0.080","0.000","4.426","4.506"
"Iraq","IRQ","2017","4.257336","15090.169","0.000","77.103","0.073","0.000","2.613","2.686"
"Iraq","IRQ","2018","4.62321","14896.870","0.000","77.488","0.457","0.000","2.166","2.623"
"Iraq","IRQ","2019","4.655681","15430.376","0.000","74.896","0.426","0.000","5.561","5.987"
"Iraq","IRQ","2020","4.086228","12996.267","0.000","77.482","0.414","0.000","5.362","5.777"
"Iraq","IRQ","2021","4.483625","13267.278","0.000","78.367","0.391","0.000","5.038","5.429"
"Iraq","IRQ","2022","4.9385333","14392.053","","","0.360","0.000","2.809","3.169"
"Ireland","IRL","1990","9.3754015","33823.188","41.602","27.688","0.000","0.000","4.919","4.919"
"Ireland","IRL","1991","9.5282135","34941.062","39.183","25.117","0.000","0.000","5.023","5.023"
"Ireland","IRL","1992","9.413212","34865.602","42.205","23.131","0.000","0.000","5.196","5.196"
"Ireland","IRL","1993","9.428422","35430.539","41.016","28.067","0.000","0.062","4.709","4.771"
"Ireland","IRL","1994","9.704017","36785.879","39.691","26.500","0.000","0.119","5.466","5.585"
"Ireland","IRL","1995","9.929767","37329.590","39.864","29.302","0.000","0.114","4.032","4.145"
"Ireland","IRL","1996","10.298033","39103.801","36.965","33.263","0.000","0.053","3.808","4.019"
"Ireland","IRL","1997","10.566967","40034.047","34.485","33.367","0.000","0.254","3.454","4.114"
"Ireland","IRL","1998","10.969448","42625.582","32.264","30.780","0.000","0.814","4.404","5.649"
"Ireland","IRL","1999","11.3085575","44500.219","26.780","31.971","0.000","0.873","3.904","5.191"
"Ireland","IRL","2000","11.89966","45993.887","28.813","39.121","0.000","1.014","3.591","4.985"
"Ireland","IRL","2001","12.324086","47836.672","28.653","37.135","0.000","1.339","2.435","4.180"
"Ireland","IRL","2002","11.730197","46569.605","27.456","43.599","0.000","1.570","3.663","5.556"
"Ireland","IRL","2003","11.441199","44674.871","24.940","52.454","0.000","1.810","2.414","4.586"
"Ireland","IRL","2004","11.354153","44733.043","24.703","51.150","0.000","2.577","2.498","5.511"
"Ireland","IRL","2005","11.588379","45659.781","24.941","45.160","0.000","4.333","2.459","7.299"
"Ireland","IRL","2006","11.150127","45880.328","21.689","50.867","0.000","5.976","2.656","9.111"
"Ireland","IRL","2007","10.847387","45259.535","19.175","56.609","0.000","6.909","2.362","9.905"
"Ireland","IRL","2008","10.557548","44106.398","17.179","55.882","0.000","8.055","3.242","12.032"
"Ireland","IRL","2009","9.302911","39248.785","14.301","58.277","0.000","10.583","3.218","14.730"
"Ireland","IRL","2010","9.1665125","39407.059","12.607","64.311","0.000","9.979","2.131","13.210"
"Ireland","IRL","2011","8.309539","37465.398","14.507","56.811","0.000","16.127","2.614","19.993"
"Ireland","IRL","2012","8.309304","36688.957","18.504","52.119","0.000","14.781","2.949","19.351"
"Ireland","IRL","2013","8.060807","35956.301","16.738","51.349","0.000","17.755","2.346","22.018"
"Ireland","IRL","2014","7.910693","35600.855","15.343","48.973","0.000","19.915","2.751","24.758"
"Ireland","IRL","2015","8.2329445","37274.281","17.331","44.021","0.000","23.381","2.883","27.972"
"Ireland","IRL","2016","8.492474","38517.676","15.547","50.711","0.033","20.344","2.249","24.876"
"Ireland","IRL","2017","8.116082","38225.680","11.872","51.142","0.033","24.266","2.250","28.963"
"Ireland","IRL","2018","7.9880743","38573.797","6.958","51.845","0.065","27.961","2.233","33.010"
"Ireland","IRL","2019","7.540263","38270.875","1.660","51.790","0.130","32.617","2.897","38.411"
"Ireland","IRL","2020","7.0349927","35630.062","2.096","50.798","0.188","36.128","2.909","42.102"
"Ireland","IRL","2021","7.4523654","35991.977","8.608","47.975","0.285","30.949","2.373","36.772"
"Ireland","IRL","2022","7.177214","37761.402","7.349","49.182","0.268","33.323","2.083","38.619"
"Israel","ISR","1990","7.882156","26885.531","","","0.000","0.000","0.014","0.014"
"Israel","ISR","1991","7.562609","26559.719","","","0.000","0.000","0.028","0.028"
"Israel","ISR","1992","8.489098","30160.828","","","0.000","0.000","0.117","0.117"
"Israel","ISR","1993","8.697238","31914.094","","","0.000","0.000","0.100","0.100"
"Israel","ISR","1994","9.100507","32465.623","","","0.000","0.000","0.081","0.081"
"Israel","ISR","1995","9.312419","35630.555","","","0.000","0.000","0.082","0.082"
"Israel","ISR","1996","9.443628","36044.281","","","0.000","0.000","0.074","0.074"
"Israel","ISR","1997","9.7168045","38517.102","","","0.000","0.000","0.071","0.071"
"Israel","ISR","1998","9.673296","39661.711","","","0.000","0.000","0.066","0.066"
"Israel","ISR","1999","9.208766","40251.742","","","0.000","0.000","0.084","0.084"
"Israel","ISR","2000","9.739403","37170.773","63.766","36.160","0.000","0.000","0.075","0.075"
"Israel","ISR","2001","10.067699","36424.156","66.481","33.470","0.000","0.024","0.024","0.048"
"Israel","ISR","2002","9.284213","36462.848","61.001","38.929","0.000","0.023","0.047","0.070"
"Israel","ISR","2003","9.598092","36880.750","60.991","38.919","0.000","0.023","0.068","0.090"
"Israel","ISR","2004","8.87052","36929.898","60.990","38.920","0.000","0.022","0.067","0.090"
"Israel","ISR","2005","8.401589","36458.637","55.439","44.474","0.000","0.022","0.066","0.088"
"Israel","ISR","2006","9.080757","36028.926","55.450","44.508","0.000","0.021","0.021","0.042"
"Israel","ISR","2007","9.019775","36725.434","48.714","51.226","0.000","0.020","0.020","0.059"
"Israel","ISR","2008","9.598181","37139.566","44.979","54.946","0.000","0.019","0.037","0.075"
"Israel","ISR","2009","8.862073","35460.906","44.483","55.389","0.037","0.018","0.037","0.128"
"Israel","ISR","2010","9.307533","36229.891","41.127","58.634","0.120","0.017","0.051","0.239"
"Israel","ISR","2011","9.181438","36258.531","38.641","60.923","0.319","0.017","0.050","0.436"
"Israel","ISR","2012","9.829567","37267.684","38.359","60.943","0.587","0.016","0.048","0.698"
"Israel","ISR","2013","8.141993","34654.492","34.953","64.102","0.799","0.016","0.049","0.946"
"Israel","ISR","2014","7.6329613","33226.094","32.435","65.988","1.446","0.016","0.016","1.577"
"Israel","ISR","2015","7.815259","34426.469","30.137","67.917","1.743","0.016","0.031","1.946"
"Israel","ISR","2016","7.4499764","34475.207","29.703","67.776","2.297","0.075","0.000","2.521"
"Israel","ISR","2017","7.037854","34537.309","29.660","67.692","2.234","0.266","0.000","2.648"
"Israel","ISR","2018","7.04882","34493.293","28.968","68.346","2.280","0.261","0.000","2.686"
"Israel","ISR","2019","6.809169","35085.457","28.444","67.513","3.639","0.265","0.000","4.044"
"Israel","ISR","2020","6.7366834","32593.809","27.789","66.820","4.929","0.279","0.028","5.390"
"Israel","ISR","2021","6.5918126","32588.326","26.669","66.557","6.349","0.260","0.027","6.773"
"Israel","ISR","2022","6.8401985","33643.016","","","9.276","0.045","0.031","9.508"
"Italy","ITA","1985","6.489892","28897.641","16.164","13.305","0.000","0.000","22.123","23.650"
"Italy","ITA","1986","6.3856063","29679.285","16.120","13.971","0.000","0.000","21.367","22.940"
"Italy","ITA","1987","6.6810675","30560.299","16.405","15.758","0.000","0.000","19.618","21.228"
"Italy","ITA","1988","6.7797422","31298.941","16.652","15.926","0.000","0.000","19.982","21.623"
"Italy","ITA","1989","7.1036334","32179.424","15.121","16.326","0.001","0.001","16.160","17.743"
"Italy","ITA","1990","7.68362","32681.436","15.036","18.630","0.000","0.000","14.839","16.373"
"Italy","ITA","1991","7.6695366","33685.176","13.048","16.637","0.000","0.000","19.338","20.844"
"Italy","ITA","1992","7.6662855","33524.938","9.606","15.955","0.004","0.000","18.977","20.583"
"Italy","ITA","1993","7.526011","32795.352","7.594","18.214","0.005","0.000","18.880","20.612"
"Italy","ITA","1994","7.392994","32712.924","8.693","17.859","0.004","0.004","19.549","21.121"
"Italy","ITA","1995","7.8148036","34040.480","10.177","19.831","0.004","0.004","15.941","17.494"
"Italy","ITA","1996","7.7471423","34021.668","9.237","20.996","0.004","0.013","17.586","19.335"
"Italy","ITA","1997","7.8436203","34593.875","8.344","24.934","0.004","0.049","16.924","18.791"
"Italy","ITA","1998","8.054232","35381.559","9.216","28.024","0.008","0.091","16.297","18.377"
"Italy","ITA","1999","8.132449","36375.102","9.207","33.635","0.008","0.155","17.544","19.845"
"Italy","ITA","2000","8.19941","36851.285","9.764","37.659","0.007","0.208","16.422","18.900"
"Italy","ITA","2001","8.196022","36802.125","11.705","38.435","0.007","0.435","17.268","20.049"
"Italy","ITA","2002","8.309492","36481.184","12.809","35.919","0.007","0.506","14.280","17.456"
"Italy","ITA","2003","8.574582","37436.270","13.599","41.103","0.007","0.512","12.850","16.420"
"Italy","ITA","2004","8.606314","37979.512","15.439","44.039","0.010","0.627","14.361","18.275"
"Italy","ITA","2005","8.567466","37805.059","14.747","50.497","0.010","0.791","12.197","16.377"
"Italy","ITA","2006","8.443186","37481.961","14.416","51.567","0.013","0.968","12.062","16.513"
"Italy","ITA","2007","8.286317","36549.078","14.358","56.219","0.013","1.312","10.683","15.533"
"Italy","ITA","2008","8.027509","35659.477","13.782","55.286","0.061","1.555","13.318","18.611"
"Italy","ITA","2009","7.078524","33102.941","13.819","51.241","0.236","2.274","17.087","24.084"
"Italy","ITA","2010","7.2413816","34046.293","13.336","51.294","0.641","3.065","17.160","25.840"
"Italy","ITA","2011","7.0218983","33284.145","14.923","48.242","3.603","3.290","15.287","27.677"
"Italy","ITA","2012","6.665015","32295.604","16.574","43.558","6.361","4.523","14.122","31.105"
"Italy","ITA","2013","6.0912943","30816.119","15.710","37.938","7.521","5.190","18.382","39.015"
"Italy","ITA","2014","5.7593956","29214.832","15.661","33.759","8.041","5.471","21.104","43.498"
"Italy","ITA","2015","5.9635468","30129.141","15.376","39.466","8.165","5.282","16.209","38.758"
"Italy","ITA","2016","5.9216995","30305.607","12.399","43.931","7.695","6.159","14.774","37.608"
"Italy","ITA","2017","5.8397813","30716.617","11.124","47.851","8.311","6.048","12.341","35.417"
"Italy","ITA","2018","5.790691","30957.242","9.906","44.734","7.881","6.166","16.977","39.810"
"Italy","ITA","2019","5.6483817","30464.062","6.466","48.636","8.131","6.933","15.898","39.756"
"Italy","ITA","2020","5.0506783","27763.801","4.812","48.081","8.969","6.747","17.100","42.040"
"Italy","ITA","2021","5.6242104","29723.066","4.895","50.285","8.743","7.308","15.849","40.619"
"Italy","ITA","2022","5.704794","28910.201","7.599","50.685","9.944","7.140","10.737","36.438"
"Jamaica","JAM","2000","3.955013","16542.139","0.000","0.000","0.000","0.000","1.768","7.395"
"Jamaica","JAM","2001","4.030026","16699.781","0.000","0.000","0.000","0.000","0.958","6.550"
"Jamaica","JAM","2002","3.863762","16544.623","0.000","0.000","0.000","0.000","1.378","7.044"
"Jamaica","JAM","2003","4.0152617","17159.158","0.000","0.000","0.000","0.000","1.783","7.429"
"Jamaica","JAM","2004","3.9570825","16704.465","0.000","0.000","0.000","0.442","1.915","7.953"
"Jamaica","JAM","2005","3.875178","17141.955","0.000","0.000","0.000","0.715","2.146","8.441"
"Jamaica","JAM","2006","4.28499","19489.295","0.000","0.000","0.000","0.711","2.276","8.535"
"Jamaica","JAM","2007","3.9609401","19765.359","0.000","0.000","0.000","0.891","2.852","9.269"
"Jamaica","JAM","2008","3.9535663","16746.211","0.000","0.000","0.000","1.250","4.000","10.750"
"Jamaica","JAM","2009","2.9000545","13112.701","0.000","0.000","0.000","1.478","3.448","10.345"
"Jamaica","JAM","2010","2.793193","11996.119","0.000","0.000","0.000","1.263","3.788","10.354"
"Jamaica","JAM","2011","2.9800084","12652.353","0.000","0.000","0.000","2.244","3.741","11.222"
"Jamaica","JAM","2012","2.84486","11797.367","0.000","0.000","0.000","2.799","3.817","11.959"
"Jamaica","JAM","2013","3.0415494","12772.726","0.000","0.000","0.000","3.053","3.053","10.941"
"Jamaica","JAM","2014","2.747366","12533.961","0.000","0.000","0.256","3.069","3.581","11.765"
"Jamaica","JAM","2015","2.8425038","12881.866","0.000","0.000","0.256","3.325","3.325","11.765"
"Jamaica","JAM","2016","2.894788","13296.951","0.000","14.770","0.242","5.085","2.906","12.107"
"Jamaica","JAM","2017","2.758836","11942.507","0.000","14.146","0.976","6.098","3.659","14.634"
"Jamaica","JAM","2018","2.858282","12335.036","0.000","13.909","1.199","7.194","4.317","16.547"
"Jamaica","JAM","2019","3.3434515","15387.241","0.000","29.176","2.118","6.353","3.765","15.294"
"Jamaica","JAM","2020","2.4254513","12098.731","0.000","36.855","2.948","6.880","3.440","15.725"
"Jamaica","JAM","2021","2.5769415","12235.784","0.000","36.552","3.448","6.897","3.218","16.092"
"Japan","JPN","1985","7.574773","36996.742","14.783","19.055","0.000","0.000","12.333","14.223"
"Japan","JPN","1986","7.5312967","36868.168","14.604","19.344","0.000","0.000","11.949","13.989"
"Japan","JPN","1987","7.3985643","37437.762","14.926","18.779","0.000","0.000","10.400","12.457"
"Japan","JPN","1988","8.039867","39642.121","14.886","18.831","0.000","0.000","11.979","14.100"
"Japan","JPN","1989","8.306787","40848.023","14.613","18.704","0.000","0.000","11.471","13.602"
"Japan","JPN","1990","9.358634","42192.621","13.532","19.618","0.000","0.000","9.858","11.144"
"Japan","JPN","1991","9.416044","43008.555","13.779","20.229","0.000","0.000","10.361","11.639"
"Japan","JPN","1992","9.450228","43327.996","14.395","20.087","0.001","0.000","8.731","10.025"
"Japan","JPN","1993","9.366616","43862.707","15.142","19.687","0.002","0.000","9.997","11.247"
"Japan","JPN","1994","9.762861","45380.562","15.932","20.226","0.003","0.000","6.548","7.919"
"Japan","JPN","1995","9.834065","47580.195","16.679","19.900","0.004","0.000","7.794","9.213"
"Japan","JPN","1996","9.912181","48386.641","17.327","20.674","0.005","0.000","7.494","8.980"
"Japan","JPN","1997","9.828307","49199.973","17.835","20.825","0.009","0.000","8.194","9.762"
"Japan","JPN","1998","9.493024","48110.820","18.141","21.714","0.014","0.001","8.406","9.947"
"Japan","JPN","1999","9.76424","48803.297","19.609","22.674","0.020","0.003","7.765","9.316"
"Japan","JPN","2000","9.920687","49229.383","20.513","22.257","0.035","0.011","8.739","10.538"
"Japan","JPN","2001","9.790459","48662.785","22.258","22.487","0.048","0.026","8.588","10.448"
"Japan","JPN","2002","10.004505","48643.801","23.500","22.463","0.068","0.042","8.266","10.248"
"Japan","JPN","2003","10.055865","48392.922","25.275","23.634","0.092","0.085","9.597","11.699"
"Japan","JPN","2004","10.007541","48887.336","25.282","22.070","0.118","0.129","9.269","11.420"
"Japan","JPN","2005","10.056906","49007.164","26.330","20.877","0.147","0.172","7.458","9.907"
"Japan","JPN","2006","9.87084","48855.340","25.432","22.875","0.173","0.210","8.393","10.855"
"Japan","JPN","2007","10.141284","48292.938","26.084","24.401","0.188","0.243","6.825","9.390"
"Japan","JPN","2008","9.587431","47418.410","26.535","25.829","0.224","0.292","7.523","10.020"
"Japan","JPN","2009","9.050865","43254.305","26.332","27.399","0.282","0.369","7.791","10.467"
"Japan","JPN","2010","9.447968","46114.938","27.097","27.887","0.327","0.371","7.710","10.527"
"Japan","JPN","2011","9.845555","43712.980","25.561","34.058","0.462","0.447","8.076","11.127"
"Japan","JPN","2012","10.178457","43428.844","30.074","39.176","0.632","0.462","7.279","10.614"
"Japan","JPN","2013","10.271204","43171.461","33.183","38.770","1.251","0.504","7.675","11.797"
"Japan","JPN","2014","9.885529","42146.168","33.204","42.100","2.231","0.507","8.084","13.272"
"Japan","JPN","2015","9.58534","41622.672","33.705","40.246","3.463","0.555","8.633","15.659"
"Japan","JPN","2016","9.436406","41172.285","33.034","40.363","4.553","0.614","7.875","15.692"
"Japan","JPN","2017","9.321171","41783.035","32.371","40.494","5.458","0.643","8.268","17.356"
"Japan","JPN","2018","8.971074","41694.160","31.811","39.206","6.192","0.709","7.967","18.144"
"Japan","JPN","2019","8.698248","40868.688","32.153","38.060","6.992","0.764","8.044","19.422"
"Japan","JPN","2020","8.212569","38029.270","32.183","38.189","8.203","0.880","8.174","21.325"
"Japan","JPN","2021","8.422242","39995.086","32.510","35.119","9.254","0.935","8.256","22.611"
"Japan","JPN","2022","8.237319","39984.914","32.926","34.172","10.209","0.946","7.626","23.631"
"Jordan","JOR","2000","2.8589284","13120.570","0.000","70.749","0.000","0.000","0.576","0.720"
"Jordan","JOR","2001","2.883838","12340.564","0.000","70.804","0.000","0.000","0.564","0.705"
"Jordan","JOR","2002","2.974868","12667.007","0.000","70.719","0.000","0.000","0.654","0.784"
"Jordan","JOR","2003","3.0083313","13522.985","0.000","70.745","0.000","0.000","0.532","0.665"
"Jordan","JOR","2004","3.2307155","14329.478","0.000","70.700","0.000","0.000","0.593","0.712"
"Jordan","JOR","2005","3.4480503","15157.300","0.000","70.705","0.000","0.000","0.661","0.771"
"Jordan","JOR","2006","3.2407455","14647.871","0.000","76.077","0.000","0.000","0.478","0.670"
"Jordan","JOR","2007","3.1784663","13221.179","0.000","75.961","0.000","0.000","0.491","0.736"
"Jordan","JOR","2008","3.0025284","12430.374","0.000","76.018","0.000","0.000","0.461","0.692"
"Jordan","JOR","2009","3.0167632","12645.595","0.000","80.686","0.000","0.000","0.447","0.597"
"Jordan","JOR","2010","2.855723","12875.821","0.000","83.081","0.000","0.000","0.432","0.576"
"Jordan","JOR","2011","2.8620572","13144.025","0.000","83.152","0.000","0.000","0.363","0.508"
"Jordan","JOR","2012","3.1723576","13750.912","0.000","85.449","0.000","0.000","0.385","0.513"
"Jordan","JOR","2013","3.010706","12796.636","0.000","85.512","0.000","0.000","0.308","0.432"
"Jordan","JOR","2014","2.97608","11669.372","0.000","85.448","0.000","0.000","0.349","0.466"
"Jordan","JOR","2015","2.7029984","11497.137","0.000","86.384","0.279","0.670","0.279","1.618"
"Jordan","JOR","2016","2.493358","11675.889","0.000","83.387","2.319","2.104","0.216","5.016"
"Jordan","JOR","2017","2.548305","11783.324","0.000","81.154","4.648","2.298","0.204","7.559"
"Jordan","JOR","2018","2.429594","11233.428","0.000","79.647","7.425","3.686","0.104","11.526"
"Jordan","JOR","2019","2.3022892","11258.242","0.000","76.016","10.602","4.529","0.103","15.543"
"Jordan","JOR","2020","1.8979398","9838.043","0.000","70.609","14.321","6.886","0.100","21.557"
"Jordan","JOR","2021","1.9148241","9183.148","0.000","68.830","15.996","7.176","0.091","23.537"
"Kazakhstan","KAZ","1990","15.588459","50954.352","71.120","10.458","0.000","0.000","8.430","8.430"
"Kazakhstan","KAZ","1991","15.071848","50520.637","72.231","10.049","0.000","0.000","8.373","8.373"
"Kazakhstan","KAZ","1992","13.473055","49724.492","71.908","10.504","0.000","0.000","8.256","8.256"
"Kazakhstan","KAZ","1993","12.015333","44061.652","71.024","9.963","0.000","0.000","9.795","9.795"
"Kazakhstan","KAZ","1994","10.248383","39793.102","70.539","8.012","0.000","0.000","13.746","13.746"
"Kazakhstan","KAZ","1995","10.069489","36430.828","71.950","8.173","0.000","0.000","12.483","12.483"
"Kazakhstan","KAZ","1996","9.424668","32284.078","72.040","8.110","0.000","0.000","12.479","12.479"
"Kazakhstan","KAZ","1997","9.181003","29049.662","71.550","8.126","0.000","0.000","12.498","12.498"
"Kazakhstan","KAZ","1998","9.306227","27982.146","72.019","8.179","0.000","0.000","12.331","12.331"
"Kazakhstan","KAZ","1999","7.6839137","26675.014","71.999","8.664","0.000","0.000","12.964","12.964"
"Kazakhstan","KAZ","2000","9.173343","24267.602","69.520","10.689","0.000","0.000","14.582","14.582"
"Kazakhstan","KAZ","2001","8.862384","27235.379","70.567","10.636","0.000","0.000","14.590","14.590"
"Kazakhstan","KAZ","2002","10.012865","27638.352","68.815","10.681","0.000","0.000","15.241","15.241"
"Kazakhstan","KAZ","2003","11.114357","30142.020","71.766","10.680","0.000","0.000","13.498","13.498"
"Kazakhstan","KAZ","2004","11.701824","31813.240","75.519","10.680","0.000","0.000","12.039","12.039"
"Kazakhstan","KAZ","2005","12.427798","32415.734","73.866","10.689","0.000","0.000","11.572","11.572"
"Kazakhstan","KAZ","2006","13.638661","34517.496","68.825","11.164","0.000","0.000","10.843","10.843"
"Kazakhstan","KAZ","2007","13.883832","37807.301","73.414","6.591","0.000","0.000","10.663","10.663"
"Kazakhstan","KAZ","2008","13.764466","39400.227","76.665","10.218","0.000","0.000","9.284","9.284"
"Kazakhstan","KAZ","2009","13.429075","34913.500","73.809","16.334","0.000","0.000","8.739","8.739"
"Kazakhstan","KAZ","2010","14.735143","36949.332","80.653","8.893","0.000","0.000","9.704","9.704"
"Kazakhstan","KAZ","2011","13.955058","41342.988","81.104","9.171","0.000","0.000","9.101","9.101"
"Kazakhstan","KAZ","2012","14.172037","42868.230","74.630","16.144","0.000","0.000","8.431","8.431"
"Kazakhstan","KAZ","2013","14.44096","42457.910","74.506","16.564","0.000","0.000","8.347","8.347"
"Kazakhstan","KAZ","2014","16.790108","43947.973","70.964","19.220","0.000","0.011","8.728","8.738"
"Kazakhstan","KAZ","2015","16.757872","36005.641","69.122","19.214","0.055","0.142","10.115","10.311"
"Kazakhstan","KAZ","2016","16.431355","39906.781","64.694","20.617","0.095","0.285","12.279","12.660"
"Kazakhstan","KAZ","2017","17.034184","42406.988","66.854","21.102","0.087","0.330","10.871","11.288"
"Kazakhstan","KAZ","2018","17.407537","43320.578","69.759","20.015","0.131","0.364","9.677","10.171"
"Kazakhstan","KAZ","2019","15.411059","43404.289","69.328","20.201","0.366","0.667","9.382","10.415"
"Kazakhstan","KAZ","2020","14.463993","39590.598","63.853","25.092","1.141","0.948","8.892","10.990"
"Kazakhstan","KAZ","2021","12.404203","42442.488","60.595","28.789","1.128","1.460","7.949","10.538"
"Kazakhstan","KAZ","2022","13.693581","44701.980","60.055","28.525","1.250","2.022","8.069","11.341"
"Kenya","KEN","2000","0.3389006","1478.989","0.000","0.000","0.000","0.000","32.346","50.123"
"Kenya","KEN","2001","0.29170913","1460.378","0.000","0.000","0.000","0.000","51.739","66.957"
"Kenya","KEN","2002","0.23963098","1429.812","0.000","0.000","0.000","0.000","65.053","76.842"
"Kenya","KEN","2003","0.1995752","1321.463","0.000","0.000","0.000","0.000","63.333","80.588"
"Kenya","KEN","2004","0.2195501","1380.108","0.000","0.000","0.000","0.000","52.110","73.395"
"Kenya","KEN","2005","0.23617308","1454.524","0.000","0.000","0.000","0.000","51.107","71.210"
"Kenya","KEN","2006","0.25923568","1549.111","0.000","0.000","0.000","0.000","51.266","70.886"
"Kenya","KEN","2007","0.25591367","1513.085","0.000","0.000","0.000","0.000","52.914","71.319"
"Kenya","KEN","2008","0.25757587","1449.554","0.000","0.000","0.000","0.000","44.062","65.312"
"Kenya","KEN","2009","0.30153793","1537.141","0.000","0.000","0.000","0.152","32.725","58.447"
"Kenya","KEN","2010","0.28502947","1622.724","0.000","0.000","0.000","0.277","46.953","70.637"
"Kenya","KEN","2011","0.28573626","1633.508","0.000","0.000","0.132","0.264","45.119","68.338"
"Kenya","KEN","2012","0.25623727","1575.042","0.000","0.000","0.124","0.124","52.658","74.907"
"Kenya","KEN","2013","0.27036667","1620.447","0.000","0.000","0.345","0.115","44.994","70.311"
"Kenya","KEN","2014","0.2869488","1655.022","0.000","0.000","0.597","0.239","39.188","80.048"
"Kenya","KEN","2015","0.3230555","1911.903","0.000","0.000","0.507","0.608","37.994","85.512"
"Kenya","KEN","2016","0.33836323","1966.588","0.000","0.000","0.619","0.619","34.159","85.243"
"Kenya","KEN","2017","0.3288992","1939.658","0.000","0.000","0.654","0.561","29.626","78.598"
"Kenya","KEN","2018","0.3386544","2047.272","0.000","0.000","0.800","3.378","35.467","87.022"
"Kenya","KEN","2019","0.35464606","1946.341","0.000","0.000","0.783","13.577","27.937","89.121"
"Kenya","KEN","2020","0.3828149","1902.118","0.000","0.000","0.766","11.319","36.000","92.170"
"Kenya","KEN","2021","0.38688725","1952.694","0.000","0.000","0.845","12.764","33.812","91.801"
"Kenya","KEN","2022","0.37868083","","0.000","0.000","2.433","13.625","27.088","89.781"
"Kiribati","KIR","2000","0.41339472","1636.981","0.000","0.000","0.000","0.000","0.000","0.000"
"Kiribati","KIR","2001","0.36498064","1370.542","0.000","0.000","0.000","0.000","0.000","0.000"
"Kiribati","KIR","2002","0.43675297","1968.148","0.000","0.000","0.000","0.000","0.000","0.000"
"Kiribati","KIR","2003","0.4279056","2004.797","0.000","0.000","0.000","0.000","0.000","0.000"
"Kiribati","KIR","2004","0.45754245","2104.417","0.000","0.000","0.000","0.000","0.000","0.000"
"Kiribati","KIR","2005","0.48581773","2702.974","0.000","0.000","0.000","0.000","0.000","0.000"
"Kiribati","KIR","2006","0.5128164","2949.214","0.000","0.000","0.000","0.000","0.000","0.000"
"Kiribati","KIR","2007","0.5025029","2641.913","0.000","0.000","0.000","0.000","0.000","0.000"
"Kiribati","KIR","2008","0.45696744","2903.160","0.000","0.000","0.000","0.000","0.000","0.000"
"Kiribati","KIR","2009","0.44733703","2485.870","0.000","0.000","0.000","0.000","0.000","0.000"
"Kiribati","KIR","2010","0.5392349","2429.893","0.000","0.000","0.000","0.000","0.000","0.000"
"Kiribati","KIR","2011","0.49665642","2205.633","0.000","0.000","0.000","0.000","0.000","0.000"
"Kiribati","KIR","2012","0.48943388","2144.771","0.000","0.000","0.000","0.000","0.000","0.000"
"Kiribati","KIR","2013","0.48275316","2137.157","0.000","0.000","0.000","0.000","0.000","0.000"
"Kiribati","KIR","2014","0.47650838","2120.318","0.000","0.000","0.000","0.000","0.000","0.000"
"Kiribati","KIR","2015","0.5018061","2253.544","0.000","0.000","0.000","0.000","0.000","0.000"
"Kiribati","KIR","2016","0.46384445","2381.142","0.000","0.000","0.000","0.000","0.000","0.000"
"Kiribati","KIR","2017","0.57874435","2644.316","0.000","0.000","0.000","0.000","0.000","0.000"
"Kiribati","KIR","2018","0.5701696","2619.893","0.000","0.000","0.000","0.000","0.000","0.000"
"Kiribati","KIR","2019","0.5617455","2592.433","0.000","0.000","0.000","0.000","0.000","0.000"
"Kiribati","KIR","2020","0.55202603","2417.654","0.000","0.000","0.000","0.000","0.000","0.000"
"Kiribati","KIR","2021","0.5422356","2446.698","0.000","0.000","0.000","0.000","0.000","0.000"
"Kuwait","KWT","1990","22.473087","54624.383","","","0.000","0.000","0.000","0.000"
"Kuwait","KWT","1991","364.79083","34431.148","","","0.000","0.000","0.000","0.000"
"Kuwait","KWT","1992","18.155218","50396.949","","","0.000","0.000","0.000","0.000"
"Kuwait","KWT","1993","29.400784","60576.812","","","0.000","0.000","0.000","0.000"
"Kuwait","KWT","1994","34.40616","71253.172","","","0.000","0.000","0.000","0.000"
"Kuwait","KWT","1995","33.45957","90954.094","","","0.000","0.000","0.000","0.000"
"Kuwait","KWT","1996","29.919403","87488.125","","","0.000","0.000","0.000","0.000"
"Kuwait","KWT","1997","31.753155","88023.633","","","0.000","0.000","0.000","0.000"
"Kuwait","KWT","1998","28.688478","104961.875","","","0.000","0.000","0.000","0.000"
"Kuwait","KWT","1999","28.99168","105604.359","","","0.000","0.000","0.000","0.000"
"Kuwait","KWT","2000","28.12683","109536.430","0.000","100.000","0.000","0.000","0.000","0.000"
"Kuwait","KWT","2001","29.44005","107600.500","0.000","100.000","0.000","0.000","0.000","0.000"
"Kuwait","KWT","2002","29.181572","110790.812","0.000","100.000","0.000","0.000","0.000","0.000"
"Kuwait","KWT","2003","29.618095","128997.930","0.000","100.000","0.000","0.000","0.000","0.000"
"Kuwait","KWT","2004","30.526264","140627.266","0.000","100.000","0.000","0.000","0.000","0.000"
"Kuwait","KWT","2005","33.35809","149455.016","0.000","100.000","0.000","0.000","0.000","0.000"
"Kuwait","KWT","2006","32.232666","135875.578","0.000","100.000","0.000","0.000","0.000","0.000"
"Kuwait","KWT","2007","30.820711","124446.914","0.000","100.000","0.000","0.000","0.000","0.000"
"Kuwait","KWT","2008","31.847826","127302.031","0.000","100.000","0.000","0.000","0.000","0.000"
"Kuwait","KWT","2009","31.776943","124978.219","0.000","100.000","0.000","0.000","0.000","0.000"
"Kuwait","KWT","2010","30.482365","133508.609","0.000","100.000","0.000","0.000","0.000","0.000"
"Kuwait","KWT","2011","27.81871","128367.727","0.000","100.000","0.000","0.000","0.000","0.000"
"Kuwait","KWT","2012","30.326586","122214.484","0.000","100.000","0.000","0.000","0.000","0.000"
"Kuwait","KWT","2013","23.675167","116451.430","0.000","99.983","0.000","0.017","0.000","0.017"
"Kuwait","KWT","2014","20.457846","114804.984","0.000","99.984","0.000","0.016","0.000","0.016"
"Kuwait","KWT","2015","24.336504","114809.117","0.000","99.984","0.000","0.016","0.000","0.016"
"Kuwait","KWT","2016","25.978886","109505.656","0.000","99.970","0.015","0.015","0.000","0.030"
"Kuwait","KWT","2017","24.071701","109312.469","0.000","99.942","0.015","0.044","0.000","0.058"
"Kuwait","KWT","2018","23.697384","106945.273","0.000","99.914","0.029","0.057","0.000","0.086"
"Kuwait","KWT","2019","23.559092","94612.555","0.000","99.915","0.028","0.057","0.000","0.085"
"Kuwait","KWT","2020","20.477186","91131.367","0.000","99.925","0.030","0.045","0.000","0.075"
"Kuwait","KWT","2021","20.149948","98065.500","0.000","99.930","0.028","0.042","0.000","0.070"
"Kuwait","KWT","2022","25.242083","103882.750","","","0.252","0.006","","0.258"
"Kyrgyzstan","KGZ","2000","0.9104719","14177.031","13.749","0.000","0.000","0.000","86.251","86.251"
"Kyrgyzstan","KGZ","2001","0.7604043","13327.090","16.087","0.000","0.000","0.000","83.913","83.913"
"Kyrgyzstan","KGZ","2002","0.9611034","11277.386","16.822","0.000","0.000","0.000","83.178","83.178"
"Kyrgyzstan","KGZ","2003","1.0418855","11796.489","12.663","0.000","0.000","0.000","87.337","87.337"
"Kyrgyzstan","KGZ","2004","1.1162995","11902.486","12.976","0.000","0.000","0.000","87.024","87.024"
"Kyrgyzstan","KGZ","2005","1.0519857","11085.900","13.525","0.000","0.000","0.000","86.475","86.475"
"Kyrgyzstan","KGZ","2006","1.0330939","11181.869","13.515","0.000","0.000","0.000","86.485","86.485"
"Kyrgyzstan","KGZ","2007","1.2275218","12160.274","13.512","0.000","0.000","0.000","86.488","86.488"
"Kyrgyzstan","KGZ","2008","1.4002517","11500.209","13.546","0.000","0.000","0.000","86.454","86.454"
"Kyrgyzstan","KGZ","2009","1.2429179","11463.955","7.418","0.000","0.000","0.000","92.582","92.582"
"Kyrgyzstan","KGZ","2010","1.157307","10836.261","7.795","0.000","0.000","0.000","92.205","92.205"
"Kyrgyzstan","KGZ","2011","1.3620738","12183.774","6.417","0.000","0.000","0.000","93.583","93.583"
"Kyrgyzstan","KGZ","2012","1.7706753","13588.381","6.212","0.000","0.000","0.000","93.788","93.788"
"Kyrgyzstan","KGZ","2013","1.679027","12564.967","6.205","0.000","0.000","0.000","93.795","93.795"
"Kyrgyzstan","KGZ","2014","1.7354746","12576.968","8.357","0.000","0.000","0.000","91.643","91.643"
"Kyrgyzstan","KGZ","2015","1.7102621","11097.164","14.141","0.000","0.000","0.000","85.859","85.859"
"Kyrgyzstan","KGZ","2016","1.5751394","11131.658","12.730","0.000","0.000","0.000","87.270","87.270"
"Kyrgyzstan","KGZ","2017","1.5054495","11335.210","8.044","0.000","0.000","0.000","91.956","91.956"
"Kyrgyzstan","KGZ","2018","1.7621223","11778.976","7.386","0.000","0.000","0.000","92.614","92.614"
"Kyrgyzstan","KGZ","2019","1.3930722","10582.124","7.615","0.000","0.000","0.000","92.385","92.385"
"Kyrgyzstan","KGZ","2020","1.2527478","10439.837","8.472","0.000","0.000","0.000","91.528","91.528"
"Kyrgyzstan","KGZ","2021","1.5157713","9274.610","10.097","0.000","0.000","0.000","89.903","89.903"
"Laos","LAO","2000","0.17682974","2086.755","0.000","0.000","0.000","0.000","90.358","90.358"
"Laos","LAO","2001","0.19182697","2181.866","0.000","0.000","0.000","0.000","90.411","90.411"
"Laos","LAO","2002","0.2077689","2136.590","0.000","0.000","0.000","0.000","90.423","90.423"
"Laos","LAO","2003","0.2142815","2052.788","0.000","0.000","0.000","0.000","90.415","90.415"
"Laos","LAO","2004","0.22182061","2100.121","0.000","0.000","0.000","0.000","100.000","100.000"
"Laos","LAO","2005","0.22778855","2393.181","0.000","0.000","0.000","0.000","100.000","100.000"
"Laos","LAO","2006","0.2946967","2667.142","0.000","0.000","0.000","0.000","100.000","100.000"
"Laos","LAO","2007","0.30311298","2575.560","0.000","0.000","0.000","0.000","100.000","100.000"
"Laos","LAO","2008","0.34661734","2873.281","0.000","0.000","0.000","0.000","100.000","100.000"
"Laos","LAO","2009","0.427364","2970.468","0.000","0.000","0.000","0.000","100.000","100.000"
"Laos","LAO","2010","0.47375357","4625.693","0.000","0.000","0.000","0.000","100.000","100.000"
"Laos","LAO","2011","0.48187655","5997.188","0.000","0.000","0.000","0.000","100.000","100.000"
"Laos","LAO","2012","0.5105654","6164.582","0.000","0.000","0.000","0.000","100.000","100.000"
"Laos","LAO","2013","0.6350123","7166.971","0.000","0.000","0.000","0.000","99.935","100.000"
"Laos","LAO","2014","0.65387225","7185.512","0.000","0.000","0.000","0.000","99.934","100.000"
"Laos","LAO","2015","1.3503778","10405.498","12.851","0.000","0.000","0.000","86.712","87.149"
"Laos","LAO","2016","2.374729","17431.762","29.297","0.000","0.000","0.000","70.064","70.703"
"Laos","LAO","2017","2.7963116","17422.662","33.158","0.000","0.033","0.000","66.118","66.842"
"Laos","LAO","2018","2.873369","17858.320","31.879","0.000","0.059","0.000","66.281","68.121"
"Laos","LAO","2019","2.5339587","18251.771","33.388","0.000","0.131","0.000","64.615","66.612"
"Laos","LAO","2020","2.4900937","19671.400","25.866","0.000","0.102","0.000","72.581","74.134"
"Laos","LAO","2021","2.929837","18847.086","27.045","0.000","0.100","0.000","71.328","72.955"
"Latvia","LVA","1990","7.3912163","32150.785","0.000","26.015","0.000","0.000","67.669","67.669"
"Latvia","LVA","1991","6.7648315","29742.604","0.000","32.035","0.000","0.000","58.053","58.053"
"Latvia","LVA","1992","5.428084","21418.381","0.000","29.948","0.000","0.000","65.625","65.625"
"Latvia","LVA","1993","4.6499653","18627.367","0.000","14.249","0.000","0.000","73.282","73.282"
"Latvia","LVA","1994","4.1131306","18271.137","0.000","6.982","0.000","0.000","74.550","74.550"
"Latvia","LVA","1995","3.6742284","17340.705","0.000","13.283","0.000","0.000","73.684","73.684"
"Latvia","LVA","1996","3.7477655","16361.679","0.000","16.667","0.000","0.000","59.615","59.615"
"Latvia","LVA","1997","3.5672417","16716.400","0.000","27.716","0.000","0.000","65.410","65.410"
"Latvia","LVA","1998","3.446172","18462.982","0.000","18.621","0.000","0.000","74.483","74.483"
"Latvia","LVA","1999","3.2281199","15906.265","0.000","23.114","0.000","0.000","67.153","67.153"
"Latvia","LVA","2000","2.990149","15779.984","0.000","27.295","0.000","0.000","68.116","68.116"
"Latvia","LVA","2001","3.2059655","17236.137","0.000","30.445","0.000","0.000","66.276","66.276"
"Latvia","LVA","2002","3.2536795","17635.336","0.000","32.997","0.000","0.252","61.965","62.469"
"Latvia","LVA","2003","3.3753157","17660.322","0.000","38.539","0.000","1.259","57.179","58.942"
"Latvia","LVA","2004","3.41457","20126.611","0.000","30.490","0.000","1.066","66.311","68.230"
"Latvia","LVA","2005","3.48728","21027.428","0.000","30.285","0.000","1.016","67.683","69.512"
"Latvia","LVA","2006","3.7449162","20211.020","0.000","42.945","0.000","1.022","55.215","57.055"
"Latvia","LVA","2007","3.9246342","21105.199","0.000","40.336","0.000","1.050","57.353","59.244"
"Latvia","LVA","2008","3.7645316","21504.193","0.000","39.089","0.000","1.139","59.013","60.911"
"Latvia","LVA","2009","3.480879","20609.242","0.000","36.086","0.000","0.898","62.118","63.914"
"Latvia","LVA","2010","4.0777874","23635.057","0.000","45.098","0.000","0.754","53.092","54.902"
"Latvia","LVA","2011","3.7906103","21346.463","0.000","49.425","0.000","1.149","47.455","50.575"
"Latvia","LVA","2012","3.6958487","22381.162","0.000","33.387","0.000","1.783","60.130","66.613"
"Latvia","LVA","2013","3.660572","21775.469","0.000","43.065","0.000","1.935","46.935","56.935"
"Latvia","LVA","2014","3.5966146","20261.896","0.000","45.525","0.000","2.724","38.716","54.475"
"Latvia","LVA","2015","3.671832","20957.162","0.000","49.819","0.000","2.708","33.574","50.181"
"Latvia","LVA","2016","3.6791766","22548.604","0.000","45.794","0.000","2.025","39.408","54.206"
"Latvia","LVA","2017","3.714261","25054.545","0.000","27.490","0.000","1.992","58.167","72.510"
"Latvia","LVA","2018","4.0689178","22506.594","0.000","47.917","0.000","1.786","36.161","51.935"
"Latvia","LVA","2019","3.9876633","23394.699","0.000","50.466","0.000","2.329","32.764","49.534"
"Latvia","LVA","2020","3.681657","21535.734","0.000","36.364","0.000","3.147","45.455","63.636"
"Latvia","LVA","2021","3.8281586","22625.613","0.000","36.410","0.171","2.393","46.325","63.590"
"Latvia","LVA","2022","3.5129132","21435.611","0.000","27.866","0.198","3.755","54.743","72.134"
"Lebanon","LBN","2000","3.5724258","14027.069","0.000","0.000","0.000","0.000","4.788","4.788"
"Lebanon","LBN","2001","3.7271454","14693.647","0.000","14.420","0.000","0.000","3.448","3.448"
"Lebanon","LBN","2002","3.639235","14617.907","0.000","24.434","0.000","0.000","6.063","6.063"
"Lebanon","LBN","2003","4.0943484","14599.101","0.000","22.352","0.000","0.000","11.259","11.259"
"Lebanon","LBN","2004","3.7415411","14306.836","0.000","22.816","0.000","0.000","9.415","9.415"
"Lebanon","LBN","2005","3.5645077","13477.188","0.000","25.128","0.000","0.000","8.859","8.859"
"Lebanon","LBN","2006","3.1134334","12290.246","0.000","25.114","0.000","0.000","6.301","6.301"
"Lebanon","LBN","2007","2.8376856","10675.190","0.000","25.483","0.000","0.000","5.097","5.097"
"Lebanon","LBN","2008","3.5363462","13562.222","0.000","25.696","0.000","0.000","2.944","2.944"
"Lebanon","LBN","2009","4.1979804","16556.137","0.000","24.884","0.000","0.000","4.777","4.777"
"Lebanon","LBN","2010","3.9665632","15851.824","0.000","22.687","0.000","0.000","5.604","5.604"
"Lebanon","LBN","2011","3.976463","15852.878","0.000","22.511","0.000","0.000","5.205","5.205"
"Lebanon","LBN","2012","4.265304","17291.496","0.000","22.186","0.000","0.000","6.431","6.495"
"Lebanon","LBN","2013","3.8589656","15720.306","0.000","26.971","0.000","0.000","7.095","7.151"
"Lebanon","LBN","2014","3.7800622","14662.743","0.000","28.664","0.059","0.059","1.123","1.300"
"Lebanon","LBN","2015","3.9754894","15864.785","0.000","27.604","0.114","0.057","2.675","2.903"
"Lebanon","LBN","2016","4.1811824","16684.846","0.000","27.735","0.219","0.055","2.079","2.516"
"Lebanon","LBN","2017","4.516256","18256.084","0.000","31.188","0.299","0.050","2.046","2.595"
"Lebanon","LBN","2018","4.313433","17677.684","0.000","31.287","0.449","0.050","1.697","2.345"
"Lebanon","LBN","2019","4.3387065","18447.385","0.000","30.894","0.540","0.049","4.764","5.501"
"Lebanon","LBN","2020","4.1550837","18341.434","0.000","30.067","0.616","0.051","5.387","6.208"
"Lebanon","LBN","2021","3.405726","18831.662","0.000","32.702","0.583","0.049","4.713","5.491"
"Lesotho","LSO","2000","0.9233507","1235.516","0.000","0.000","0.000","0.000","100.000","100.000"
"Lesotho","LSO","2001","0.93575007","1251.148","0.000","0.000","0.000","0.000","100.000","100.000"
"Lesotho","LSO","2002","0.9551779","1287.350","0.000","0.000","0.000","0.000","100.000","100.000"
"Lesotho","LSO","2003","0.9727303","1312.488","0.000","0.000","0.000","0.000","100.000","100.000"
"Lesotho","LSO","2004","1.0037694","1322.357","0.000","0.000","0.000","0.000","100.000","100.000"
"Lesotho","LSO","2005","1.0299301","1564.156","0.000","0.000","0.000","0.000","100.000","100.000"
"Lesotho","LSO","2006","1.0454761","1662.715","0.000","0.000","0.000","0.000","100.000","100.000"
"Lesotho","LSO","2007","1.0617174","2002.339","0.000","0.000","0.000","0.000","100.000","100.000"
"Lesotho","LSO","2008","1.0787721","1805.361","0.000","0.000","0.000","0.000","100.000","100.000"
"Lesotho","LSO","2009","1.119056","2048.805","0.000","0.000","0.000","0.000","100.000","100.000"
"Lesotho","LSO","2010","1.1398057","2175.061","0.000","0.000","0.000","0.000","100.000","100.000"
"Lesotho","LSO","2011","1.3698964","1932.633","0.000","0.000","0.000","0.000","100.000","100.000"
"Lesotho","LSO","2012","1.3724041","2021.036","0.000","0.000","0.000","0.000","100.000","100.000"
"Lesotho","LSO","2013","1.0333629","2043.126","0.000","0.000","0.000","0.000","100.000","100.000"
"Lesotho","LSO","2014","1.0780144","2074.063","0.000","0.000","0.000","0.000","100.000","100.000"
"Lesotho","LSO","2015","0.97144276","2002.840","0.000","0.000","0.000","0.000","100.000","100.000"
"Lesotho","LSO","2016","0.95107454","2142.459","0.000","0.000","0.000","0.000","100.000","100.000"
"Lesotho","LSO","2017","1.0599036","2253.617","0.000","0.000","0.000","0.000","100.000","100.000"
"Lesotho","LSO","2018","0.99167114","2182.018","0.000","0.000","0.000","0.000","100.000","100.000"
"Lesotho","LSO","2019","0.9900399","2188.859","0.000","0.000","0.000","0.000","100.000","100.000"
"Lesotho","LSO","2020","0.88825154","2092.531","0.000","0.000","0.000","0.000","100.000","100.000"
"Lesotho","LSO","2021","1.3690085","2132.814","0.000","0.000","0.000","0.000","100.000","100.000"
"Liberia","LBR","2000","0.13743748","653.120","0.000","0.000","0.000","0.000","0.000","0.000"
"Liberia","LBR","2001","0.13721623","676.398","0.000","0.000","0.000","0.000","0.000","0.000"
"Liberia","LBR","2002","0.13959803","650.026","0.000","0.000","0.000","0.000","0.000","0.000"
"Liberia","LBR","2003","0.14766917","706.213","0.000","0.000","0.000","0.000","0.000","0.000"
"Liberia","LBR","2004","0.17194374","756.933","0.000","0.000","0.000","0.000","0.000","0.000"
"Liberia","LBR","2005","0.19708236","846.993","0.000","0.000","0.000","0.000","0.000","0.000"
"Liberia","LBR","2006","0.19166711","820.099","0.000","0.000","0.000","0.000","0.000","0.000"
"Liberia","LBR","2007","0.17137542","728.079","0.000","0.000","0.000","0.000","0.000","0.000"
"Liberia","LBR","2008","0.13891526","619.287","0.000","0.000","0.000","0.000","0.000","0.000"
"Liberia","LBR","2009","0.13238102","547.746","0.000","0.000","0.000","0.000","0.000","0.000"
"Liberia","LBR","2010","0.17474402","837.750","0.000","0.000","0.000","0.000","0.000","0.000"
"Liberia","LBR","2011","0.19482812","896.828","0.000","0.000","0.000","0.000","0.000","0.000"
"Liberia","LBR","2012","0.20923974","960.112","0.000","0.000","0.000","0.000","0.000","0.000"
"Liberia","LBR","2013","0.19557425","830.952","0.000","0.000","0.000","0.000","0.000","0.000"
"Liberia","LBR","2014","0.16070946","1071.928","0.000","0.000","0.000","0.000","0.000","0.000"
"Liberia","LBR","2015","0.14995185","1054.184","0.000","0.000","0.000","0.000","0.000","0.000"
"Liberia","LBR","2016","0.13597633","1187.845","0.000","0.000","0.000","0.000","0.000","0.000"
"Liberia","LBR","2017","0.13763127","1007.256","0.000","0.000","0.000","0.000","0.000","0.000"
"Liberia","LBR","2018","0.123087056","1122.469","0.000","0.000","0.000","0.000","0.000","0.000"
"Liberia","LBR","2019","0.18471727","1100.831","0.000","0.000","0.000","0.000","0.000","0.000"
"Liberia","LBR","2020","0.15084057","1030.046","0.000","0.000","0.000","0.000","59.551","59.551"
"Liberia","LBR","2021","0.14879413","1064.616","0.000","0.000","0.000","0.000","57.609","57.609"
"Libya","LBY","2000","10.035502","41310.375","0.000","34.959","0.000","0.000","0.000","0.000"
"Libya","LBY","2001","9.829229","40686.832","0.000","34.983","0.000","0.000","0.000","0.000"
"Libya","LBY","2002","9.535416","40937.988","0.000","34.951","0.000","0.000","0.000","0.000"
"Libya","LBY","2003","9.873042","39334.309","0.000","34.980","0.000","0.000","0.000","0.000"
"Libya","LBY","2004","9.910548","39269.441","0.000","34.966","0.000","0.000","0.000","0.000"
"Libya","LBY","2005","9.555808","39565.172","0.000","38.714","0.000","0.000","0.000","0.000"
"Libya","LBY","2006","8.603376","35456.922","0.000","42.046","0.000","0.000","0.000","0.000"
"Libya","LBY","2007","7.2721353","34507.516","0.000","55.799","0.000","0.000","0.000","0.000"
"Libya","LBY","2008","7.970455","35070.414","0.000","55.817","0.000","0.000","0.000","0.000"
"Libya","LBY","2009","8.108886","39304.934","0.000","59.390","0.000","0.000","0.000","0.000"
"Libya","LBY","2010","9.10271","40607.305","0.000","63.345","0.033","0.000","0.000","0.033"
"Libya","LBY","2011","8.440869","27959.967","0.000","63.339","0.041","0.000","0.000","0.041"
"Libya","LBY","2012","9.969773","36727.043","0.000","67.349","0.031","0.000","0.000","0.031"
"Libya","LBY","2013","8.143835","38740.535","0.000","71.857","0.028","0.000","0.000","0.028"
"Libya","LBY","2014","10.634143","37137.059","0.000","72.061","0.028","0.000","0.000","0.028"
"Libya","LBY","2015","9.318403","29102.475","0.000","72.044","0.028","0.000","0.000","0.028"
"Libya","LBY","2016","8.651652","28077.625","0.000","72.096","0.034","0.000","0.000","0.034"
"Libya","LBY","2017","9.956155","31206.035","0.000","72.602","0.032","0.000","0.000","0.032"
"Libya","LBY","2018","9.146443","31662.736","0.000","71.264","0.031","0.000","0.000","0.031"
"Libya","LBY","2019","10.6139965","32421.873","0.000","71.568","0.032","0.000","0.000","0.032"
"Libya","LBY","2020","5.1254168","28032.594","0.000","71.561","0.033","0.000","0.000","0.033"
"Libya","LBY","2021","7.8922286","28270.334","0.000","71.058","0.031","0.000","0.000","0.031"
"Lithuania","LTU","1990","9.67186","53332.770","0.000","23.872","0.000","0.000","1.446","1.446"
"Lithuania","LTU","1991","10.217834","56268.625","0.000","21.446","0.000","0.000","1.159","1.159"
"Lithuania","LTU","1992","5.7249885","34450.766","0.000","6.800","0.000","0.000","1.673","1.673"
"Lithuania","LTU","1993","4.4344625","26994.422","0.000","1.869","0.000","0.000","2.804","2.804"
"Lithuania","LTU","1994","4.3139544","23406.480","0.000","3.392","0.000","0.000","4.625","4.625"
"Lithuania","LTU","1995","4.151416","26322.539","0.000","1.705","0.000","0.000","2.743","2.743"
"Lithuania","LTU","1996","4.372551","28842.996","0.000","4.012","0.000","0.000","2.037","2.037"
"Lithuania","LTU","1997","4.243233","26790.721","0.000","3.415","0.000","0.000","2.091","2.091"
"Lithuania","LTU","1998","4.509047","28961.152","0.000","1.637","0.000","0.000","2.456","2.456"
"Lithuania","LTU","1999","3.8177571","24166.148","0.000","7.680","0.000","0.000","3.149","3.149"
"Lithuania","LTU","2000","3.383328","21678.389","0.000","14.687","0.000","0.000","3.083","3.083"
"Lithuania","LTU","2001","3.6261756","25635.498","0.000","13.156","0.000","0.000","2.309","2.309"
"Lithuania","LTU","2002","3.6776543","27703.938","0.000","12.303","0.000","0.000","2.041","2.041"
"Lithuania","LTU","2003","3.706708","29436.242","0.000","13.505","0.000","0.000","1.715","1.768"
"Lithuania","LTU","2004","3.9251728","30054.080","0.000","14.478","0.000","0.000","2.260","2.314"
"Lithuania","LTU","2005","4.17262","27817.504","0.000","21.238","0.000","0.000","3.165","3.235"
"Lithuania","LTU","2006","4.3413134","26969.346","0.000","20.725","0.000","0.084","3.370","3.623"
"Lithuania","LTU","2007","4.7885156","29979.059","0.000","18.141","0.000","0.831","3.175","4.384"
"Lithuania","LTU","2008","4.664335","30124.529","0.000","15.508","0.000","0.993","3.056","4.584"
"Lithuania","LTU","2009","4.055672","28308.246","0.000","14.614","0.000","1.113","2.923","4.732"
"Lithuania","LTU","2010","4.4554987","20948.318","0.000","67.158","0.000","4.632","11.368","19.158"
"Lithuania","LTU","2011","4.6092105","22097.504","0.000","66.917","0.000","11.779","12.030","27.820"
"Lithuania","LTU","2012","4.7030005","22394.059","0.000","66.977","0.000","12.558","9.767","27.442"
"Lithuania","LTU","2013","4.4444146","20938.490","0.000","55.779","1.256","15.075","13.065","38.442"
"Lithuania","LTU","2014","4.379493","20422.297","0.000","50.578","2.023","18.497","11.561","43.642"
"Lithuania","LTU","2015","4.4894176","21569.006","0.000","49.500","1.750","20.250","8.750","42.000"
"Lithuania","LTU","2016","4.5664067","22207.523","0.000","29.032","2.053","33.431","13.196","61.584"
"Lithuania","LTU","2017","4.6927924","23635.178","0.000","17.910","2.090","40.597","17.910","75.522"
"Lithuania","LTU","2018","4.7866178","24616.006","0.000","12.000","3.273","41.455","15.636","80.000"
"Lithuania","LTU","2019","4.8826694","24873.117","0.000","16.561","2.866","47.771","11.146","78.662"
"Lithuania","LTU","2020","4.8285885","24924.742","0.000","37.528","2.870","34.216","6.623","56.733"
"Lithuania","LTU","2021","4.9304504","25173.395","0.000","29.257","4.556","32.614","9.113","62.830"
"Lithuania","LTU","2022","4.5777125","23151.053","0.000","14.628","10.312","38.129","10.791","74.820"
"Luxembourg","LUX","1990","30.93778","97439.531","0.000","4.839","0.000","0.000","11.290","12.903"
"Luxembourg","LUX","1991","32.109104","103333.906","0.000","4.286","0.000","0.000","11.429","12.857"
"Luxembourg","LUX","1992","31.097712","102274.273","0.000","4.545","0.000","0.000","10.606","12.121"
"Luxembourg","LUX","1993","31.062395","102264.531","0.000","2.985","0.000","0.000","10.448","11.940"
"Luxembourg","LUX","1994","28.624136","97028.688","0.000","8.475","0.000","0.000","15.254","18.644"
"Luxembourg","LUX","1995","22.37544","83246.695","0.000","30.612","0.000","0.000","18.367","22.449"
"Luxembourg","LUX","1996","22.199514","84460.578","0.000","42.222","0.000","0.000","13.333","17.778"
"Luxembourg","LUX","1997","20.402363","81638.430","0.000","43.902","0.000","0.000","19.512","24.390"
"Luxembourg","LUX","1998","18.051826","77878.609","0.000","51.351","0.000","2.703","32.432","40.541"
"Luxembourg","LUX","1999","18.886122","81191.305","0.000","55.556","0.000","5.556","25.000","36.111"
"Luxembourg","LUX","2000","19.95295","85402.430","0.000","52.500","0.000","5.000","30.000","40.000"
"Luxembourg","LUX","2001","20.838215","90348.625","0.000","77.011","0.000","2.299","13.793","19.540"
"Luxembourg","LUX","2002","22.353651","97735.352","0.000","93.571","0.000","0.714","3.571","5.357"
"Luxembourg","LUX","2003","23.129478","101260.219","0.000","93.907","0.000","1.075","2.867","5.018"
"Luxembourg","LUX","2004","25.781944","113106.172","0.000","93.472","0.297","1.187","2.967","5.638"
"Luxembourg","LUX","2005","25.949068","113049.227","0.000","92.836","0.597","1.493","2.687","6.269"
"Luxembourg","LUX","2006","25.177423","109285.398","0.000","91.808","0.565","1.695","3.107","7.062"
"Luxembourg","LUX","2007","23.532677","104455.211","0.000","90.596","0.627","1.881","3.762","8.150"
"Luxembourg","LUX","2008","22.83615","101834.570","0.000","88.235","0.735","2.206","4.779","10.294"
"Luxembourg","LUX","2009","21.316484","95591.977","0.000","90.159","0.635","1.905","3.492","8.571"
"Luxembourg","LUX","2010","22.053823","98832.992","0.000","90.123","0.617","1.852","3.395","8.333"
"Luxembourg","LUX","2011","21.38425","94211.609","0.000","88.636","1.136","2.273","2.273","9.091"
"Luxembourg","LUX","2012","20.450043","90375.617","0.000","86.594","1.449","2.899","3.623","11.232"
"Luxembourg","LUX","2013","18.999275","84137.461","0.000","77.174","3.804","4.348","6.522","19.565"
"Luxembourg","LUX","2014","17.62919","79619.141","0.000","75.916","4.712","4.188","5.759","20.942"
"Luxembourg","LUX","2015","16.388624","75576.625","0.000","62.687","7.463","7.463","7.463","32.090"
"Luxembourg","LUX","2016","15.556185","72784.555","0.000","32.911","12.658","12.658","15.190","58.228"
"Luxembourg","LUX","2017","15.508656","74384.773","0.000","24.444","12.222","25.556","10.000","66.667"
"Luxembourg","LUX","2018","15.714555","76376.742","0.000","20.833","12.500","26.042","9.375","70.833"
"Luxembourg","LUX","2019","15.721521","76273.703","0.000","17.757","12.150","26.168","10.280","74.766"
"Luxembourg","LUX","2020","12.795942","64241.789","0.000","14.754","13.115","28.689","7.377","79.508"
"Luxembourg","LUX","2021","13.134188","67687.906","0.000","13.821","14.634","25.203","8.943","80.488"
"Luxembourg","LUX","2022","11.134566","60334.328","0.000","7.965","19.469","28.319","5.310","85.841"
"Macao","MAC","2000","3.493785","15977.812","0.000","100.000","0.000","0.000","0.000","0.000"
"Macao","MAC","2001","3.506606","16188.216","0.000","100.000","0.000","0.000","0.000","0.000"
"Macao","MAC","2002","3.0451245","17029.461","0.000","100.000","0.000","0.000","0.000","0.000"
"Macao","MAC","2003","3.0307977","16996.396","0.000","100.000","0.000","0.000","0.000","0.000"
"Macao","MAC","2004","3.2824936","19637.254","0.000","100.000","0.000","0.000","0.000","0.000"
"Macao","MAC","2005","3.3946743","19636.117","0.000","100.000","0.000","0.000","0.000","0.000"
"Macao","MAC","2006","2.859169","20359.129","0.000","100.000","0.000","0.000","0.000","0.000"
"Macao","MAC","2007","2.6097217","20300.041","0.000","100.000","0.000","0.000","0.000","0.000"
"Macao","MAC","2008","2.105688","17604.602","0.000","100.000","0.000","0.000","0.000","0.000"
"Macao","MAC","2009","3.447344","18303.113","0.000","100.000","0.000","0.000","0.000","0.000"
"Macao","MAC","2010","2.193938","18400.900","0.000","100.000","0.000","0.000","0.000","0.000"
"Macao","MAC","2011","2.246861","18063.021","0.000","100.000","0.000","0.000","0.000","0.000"
"Macao","MAC","2012","1.9272721","17832.598","0.000","100.000","0.000","0.000","0.000","0.000"
"Macao","MAC","2013","1.6522367","17761.412","0.000","100.000","0.000","0.000","0.000","0.000"
"Macao","MAC","2014","2.1192448","18849.732","0.000","100.000","0.000","0.000","0.000","0.000"
"Macao","MAC","2015","2.850239","21063.752","0.000","100.000","0.000","0.000","0.000","0.000"
"Macao","MAC","2016","2.8072777","20401.303","0.000","100.000","0.000","0.000","0.000","0.000"
"Macao","MAC","2017","2.980806","24657.230","0.000","100.000","0.000","0.000","0.000","0.000"
"Macao","MAC","2018","1.8854574","22952.039","0.000","100.000","0.000","0.000","0.000","0.000"
"Macao","MAC","2019","1.8074762","23023.588","0.000","100.000","0.000","0.000","0.000","0.000"
"Macao","MAC","2020","1.5126553","20649.154","0.000","100.000","0.000","0.000","0.000","0.000"
"Macao","MAC","2021","1.4826874","21399.566","0.000","100.000","0.000","0.000","0.000","0.000"
"Madagascar","MDG","2000","0.118377954","591.201","0.000","0.000","0.000","0.000","69.231","69.231"
"Madagascar","MDG","2001","0.10254746","563.039","0.000","0.000","0.000","0.000","59.551","59.551"
"Madagascar","MDG","2002","0.070208035","422.233","0.000","0.000","0.000","0.000","62.069","62.069"
"Madagascar","MDG","2003","0.094034925","524.767","0.000","0.000","0.000","0.000","60.606","60.606"
"Madagascar","MDG","2004","0.09697502","554.304","0.000","0.000","0.000","0.000","57.273","57.273"
"Madagascar","MDG","2005","0.090879135","520.999","0.000","0.000","0.000","0.000","57.658","57.658"
"Madagascar","MDG","2006","0.084877506","498.275","0.000","0.000","0.000","0.000","55.752","55.752"
"Madagascar","MDG","2007","0.085030064","516.442","0.000","0.000","0.000","0.000","60.169","60.169"
"Madagascar","MDG","2008","0.085418634","531.468","0.000","0.000","0.000","0.000","56.098","56.098"
"Madagascar","MDG","2009","0.078852236","455.507","0.000","0.000","0.000","0.000","59.350","59.350"
"Madagascar","MDG","2010","0.08437475","469.251","0.000","0.000","0.000","0.000","53.030","53.030"
"Madagascar","MDG","2011","0.10208666","511.370","11.940","0.000","0.000","0.000","50.746","50.746"
"Madagascar","MDG","2012","0.1133812","587.695","13.529","0.000","0.000","0.000","44.118","44.118"
"Madagascar","MDG","2013","0.12696019","600.290","13.514","0.000","0.541","0.000","43.243","43.784"
"Madagascar","MDG","2014","0.11997098","635.025","12.690","0.000","0.508","0.000","44.670","45.178"
"Madagascar","MDG","2015","0.12275394","676.742","12.621","0.000","0.971","0.000","45.146","46.117"
"Madagascar","MDG","2016","0.1247817","691.369","12.871","0.000","0.990","0.000","43.564","44.554"
"Madagascar","MDG","2017","0.14199392","617.702","13.182","0.000","0.909","0.000","35.455","36.364"
"Madagascar","MDG","2018","0.13109523","579.600","11.013","0.000","0.881","0.000","42.291","43.172"
"Madagascar","MDG","2019","0.14693762","678.704","10.448","0.000","0.995","0.000","44.279","45.274"
"Madagascar","MDG","2020","0.13083282","447.504","12.690","0.000","1.015","0.000","33.503","34.518"
"Madagascar","MDG","2021","0.14300844","507.644","12.440","0.000","0.957","0.000","33.493","34.450"
"Malawi","MWI","2000","0.075467125","606.253","0.000","0.000","0.000","0.000","82.258","87.903"
"Malawi","MWI","2001","0.067047715","581.449","0.000","0.000","0.000","0.000","82.540","88.095"
"Malawi","MWI","2002","0.07207096","560.577","0.000","0.000","0.000","0.000","81.955","87.970"
"Malawi","MWI","2003","0.07509989","574.144","0.000","0.000","0.000","0.000","84.444","91.111"
"Malawi","MWI","2004","0.072129995","596.341","0.000","0.000","0.000","0.000","84.564","89.933"
"Malawi","MWI","2005","0.06583464","564.417","0.000","0.000","0.000","0.000","85.621","90.850"
"Malawi","MWI","2006","0.064500906","566.844","0.000","0.000","0.000","0.000","85.897","91.026"
"Malawi","MWI","2007","0.067704454","548.934","0.000","0.000","0.000","0.000","86.164","91.195"
"Malawi","MWI","2008","0.07145645","607.970","0.000","0.000","0.000","0.000","87.861","93.642"
"Malawi","MWI","2009","0.07068769","549.878","0.000","0.000","0.000","0.000","87.134","92.398"
"Malawi","MWI","2010","0.06556937","640.529","0.000","0.000","0.000","0.000","88.776","93.367"
"Malawi","MWI","2011","0.067726314","626.806","0.000","0.000","0.000","0.000","89.055","93.532"
"Malawi","MWI","2012","0.06624946","611.753","0.000","0.000","0.478","0.000","88.995","93.780"
"Malawi","MWI","2013","0.06931331","604.720","0.000","0.000","0.478","0.000","88.995","93.780"
"Malawi","MWI","2014","0.06107204","605.315","0.000","0.000","0.905","0.000","89.140","94.118"
"Malawi","MWI","2015","0.061449982","567.385","0.000","0.000","1.357","0.000","88.688","94.118"
"Malawi","MWI","2016","0.066776246","581.612","0.000","0.000","1.364","0.000","88.182","93.182"
"Malawi","MWI","2017","0.0661337","583.406","0.000","0.000","1.914","0.000","87.081","90.909"
"Malawi","MWI","2018","0.09121552","542.385","0.000","0.000","3.049","0.000","82.927","87.805"
"Malawi","MWI","2019","0.0891084","537.820","0.000","0.000","10.000","0.000","76.471","88.235"
"Malawi","MWI","2020","0.09563126","503.257","0.000","0.000","9.942","0.000","76.023","87.719"
"Malawi","MWI","2021","0.08392642","464.983","0.000","0.000","11.972","0.000","70.423","84.507"
"Malaysia","MYS","1985","2.3819265","11376.896","0.000","14.681","0.000","0.000","25.217","25.217"
"Malaysia","MYS","1986","2.5444674","12125.577","0.000","17.742","0.000","0.000","25.545","25.545"
"Malaysia","MYS","1987","2.5114179","12132.969","0.000","19.115","0.000","0.000","28.505","28.505"
"Malaysia","MYS","1988","2.552253","12381.688","1.328","20.825","0.000","0.000","29.604","29.604"
"Malaysia","MYS","1989","2.8925128","13454.194","10.091","18.996","0.000","0.000","24.609","24.609"
"Malaysia","MYS","1990","3.0431683","13757.189","12.739","24.070","0.000","0.000","17.495","17.495"
"Malaysia","MYS","1991","3.5864918","16754.076","13.080","29.098","0.000","0.000","16.757","16.757"
"Malaysia","MYS","1992","3.8737822","18381.809","12.227","40.381","0.000","0.000","13.658","13.658"
"Malaysia","MYS","1993","4.482424","17979.701","11.125","44.325","0.000","0.000","13.914","13.914"
"Malaysia","MYS","1994","4.4145036","18568.719","10.266","48.916","0.000","0.000","16.308","16.308"
"Malaysia","MYS","1995","5.390652","19762.299","8.533","54.636","0.000","0.000","13.351","13.351"
"Malaysia","MYS","1996","5.2809606","21473.818","7.821","61.701","0.000","0.000","9.706","9.706"
"Malaysia","MYS","1997","5.5424604","24257.473","4.104","69.369","0.000","0.000","6.963","6.963"
"Malaysia","MYS","1998","5.0113263","22715.672","5.698","69.720","0.000","0.000","6.949","6.949"
"Malaysia","MYS","1999","4.634905","23668.324","6.633","75.002","0.000","0.000","11.078","11.078"
"Malaysia","MYS","2000","5.3501554","26639.928","5.733","79.381","0.000","0.000","9.919","10.728"
"Malaysia","MYS","2001","5.563507","26582.326","8.173","78.730","0.000","0.000","7.950","8.697"
"Malaysia","MYS","2002","5.4780774","27303.566","11.863","74.463","0.000","0.000","6.713","7.209"
"Malaysia","MYS","2003","6.215024","28867.148","16.240","72.970","0.000","0.000","6.150","6.658"
"Malaysia","MYS","2004","6.717976","30459.574","23.709","66.925","0.000","0.000","5.836","6.443"
"Malaysia","MYS","2005","6.5791078","32213.139","25.643","64.935","0.000","0.000","6.108","6.708"
"Malaysia","MYS","2006","6.441329","31831.441","25.792","65.269","0.000","0.000","6.121","6.722"
"Malaysia","MYS","2007","6.498702","33221.488","28.511","62.777","0.000","0.000","5.506","6.208"
"Malaysia","MYS","2008","6.994802","33712.133","27.310","62.911","0.000","0.000","6.874","7.578"
"Malaysia","MYS","2009","6.8310843","32003.473","32.465","58.090","0.000","0.000","5.943","7.142"
"Malaysia","MYS","2010","6.956588","32487.746","39.590","52.268","0.000","0.000","5.097","6.107"
"Malaysia","MYS","2011","6.9766316","32524.594","41.171","43.872","0.000","0.000","6.345","7.557"
"Malaysia","MYS","2012","7.180488","35010.121","41.511","45.518","0.007","0.000","6.904","8.030"
"Malaysia","MYS","2013","8.009178","36062.543","38.084","50.511","0.099","0.000","8.375","9.255"
"Malaysia","MYS","2014","7.9832","35862.223","37.859","50.071","0.156","0.000","9.080","9.704"
"Malaysia","MYS","2015","7.554295","35878.008","42.282","46.606","0.180","0.000","9.273","9.953"
"Malaysia","MYS","2016","7.4644914","37199.578","44.143","41.641","0.198","0.000","12.780","13.463"
"Malaysia","MYS","2017","7.5553155","37162.887","42.872","38.677","0.205","0.000","16.714","17.393"
"Malaysia","MYS","2018","7.9805346","37333.031","45.310","37.548","0.369","0.000","15.436","16.596"
"Malaysia","MYS","2019","8.303469","37823.500","42.816","40.502","0.527","0.000","14.681","16.116"
"Malaysia","MYS","2020","7.735682","35997.363","49.743","31.664","0.691","0.000","16.384","18.038"
"Malaysia","MYS","2021","7.9729576","37897.133","43.989","36.060","0.854","0.000","17.526","19.314"
"Malaysia","MYS","2022","8.124508","39586.996","41.809","38.064","1.114","0.000","17.018","19.040"
"Maldives","MDV","2000","1.597986","10129.736","0.000","0.000","0.000","0.000","0.000","0.000"
"Maldives","MDV","2001","1.6098306","8351.583","0.000","0.000","0.000","0.000","0.000","0.000"
"Maldives","MDV","2002","2.0227754","9816.173","0.000","0.000","0.000","0.000","0.000","0.000"
"Maldives","MDV","2003","1.7177105","8392.205","0.000","0.000","0.000","0.000","0.000","0.000"
"Maldives","MDV","2004","2.2002282","10799.323","0.000","0.000","0.000","0.000","0.000","0.000"
"Maldives","MDV","2005","1.9609632","9621.824","0.000","0.000","0.000","0.000","0.000","0.000"
"Maldives","MDV","2006","2.3697755","11906.826","0.000","0.000","0.000","0.000","0.000","0.000"
"Maldives","MDV","2007","2.4051108","11930.126","0.000","0.000","0.000","0.000","0.000","0.000"
"Maldives","MDV","2008","2.4958682","12517.400","0.000","0.000","0.000","0.000","0.000","0.000"
"Maldives","MDV","2009","2.5353708","12835.753","0.000","0.000","0.000","0.000","0.000","0.000"
"Maldives","MDV","2010","2.5794091","12524.812","0.000","0.000","0.000","0.000","0.000","0.000"
"Maldives","MDV","2011","2.6375725","13070.632","0.000","0.000","0.000","0.000","0.000","0.000"
"Maldives","MDV","2012","2.8700407","16088.853","0.000","0.000","0.000","0.000","0.000","0.000"
"Maldives","MDV","2013","2.738313","16413.824","0.000","0.000","0.000","0.000","0.000","0.000"
"Maldives","MDV","2014","3.1889908","21157.406","0.000","0.000","1.961","0.000","0.000","1.961"
"Maldives","MDV","2015","2.995107","15149.077","0.000","0.000","1.754","0.000","0.000","1.754"
"Maldives","MDV","2016","3.231609","15410.746","0.000","0.000","1.639","0.000","0.000","1.639"
"Maldives","MDV","2017","3.301859","15375.788","0.000","0.000","3.226","0.000","0.000","3.226"
"Maldives","MDV","2018","3.6709237","17020.910","0.000","0.000","4.688","0.000","0.000","4.688"
"Maldives","MDV","2019","4.0866613","18567.896","0.000","0.000","4.688","0.000","0.000","4.688"
"Maldives","MDV","2020","3.3420072","17308.588","0.000","0.000","6.557","0.000","0.000","6.557"
"Maldives","MDV","2021","3.8687005","17669.365","0.000","0.000","7.576","0.000","0.000","7.576"
"Mali","MLI","2000","0.092239566","391.754","0.000","0.000","0.000","0.000","58.974","64.103"
"Mali","MLI","2001","0.097504385","384.580","0.000","0.000","0.000","0.000","57.500","62.500"
"Mali","MLI","2002","0.09839803","360.909","0.000","0.000","0.000","0.000","58.537","63.415"
"Mali","MLI","2003","0.09820771","350.713","0.000","0.000","0.000","0.000","53.488","60.465"
"Mali","MLI","2004","0.10794224","353.036","0.000","0.000","0.000","0.000","54.348","60.870"
"Mali","MLI","2005","0.10771179","378.320","0.000","0.000","0.000","0.000","57.692","62.821"
"Mali","MLI","2006","0.10973555","429.560","0.000","0.000","0.000","0.000","57.143","63.095"
"Mali","MLI","2007","0.12341926","489.214","0.000","0.000","0.000","0.000","56.627","62.651"
"Mali","MLI","2008","0.13095535","565.225","0.000","0.000","0.000","0.000","57.000","63.000"
"Mali","MLI","2009","0.12224778","691.583","0.000","0.000","0.000","0.000","59.821","65.179"
"Mali","MLI","2010","0.1309786","757.354","0.000","0.000","0.585","0.000","64.327","69.006"
"Mali","MLI","2011","0.13838123","804.067","0.000","0.000","1.053","0.000","60.526","65.263"
"Mali","MLI","2012","0.14369018","830.399","0.000","0.000","1.327","0.000","54.867","60.619"
"Mali","MLI","2013","0.15712795","830.251","0.000","0.000","1.316","0.000","48.684","54.386"
"Mali","MLI","2014","0.17421013","899.235","0.000","0.000","1.271","0.000","58.475","63.983"
"Mali","MLI","2015","0.18281606","952.776","0.000","0.000","1.293","0.000","48.276","54.741"
"Mali","MLI","2016","0.22333899","1172.190","0.000","0.000","1.083","0.000","53.430","58.484"
"Mali","MLI","2017","0.24057674","1234.193","0.000","0.000","0.912","0.000","44.985","50.152"
"Mali","MLI","2018","0.25429592","1243.768","0.000","0.000","0.850","0.000","38.527","44.193"
"Mali","MLI","2019","0.26551783","1231.715","0.000","0.000","0.904","0.000","28.614","35.241"
"Mali","MLI","2020","0.29152176","1142.883","0.000","0.000","0.938","0.000","29.688","36.250"
"Mali","MLI","2021","0.33021975","1168.567","0.000","0.000","0.885","0.000","29.499","35.988"
"Malta","MLT","1990","6.5977826","22185.451","55.856","0.000","0.000","0.000","0.000","0.000"
"Malta","MLT","1991","6.118082","23163.854","41.549","0.000","0.000","0.000","0.000","0.000"
"Malta","MLT","1992","6.119478","24135.170","37.584","0.000","0.000","0.000","0.000","0.000"
"Malta","MLT","1993","7.629392","25248.361","40.000","0.000","0.000","0.000","0.000","0.000"
"Malta","MLT","1994","6.9687915","26794.076","23.377","0.000","0.000","0.000","0.000","0.000"
"Malta","MLT","1995","6.376517","25775.016","5.521","0.000","0.000","0.000","0.000","0.000"
"Malta","MLT","1996","6.5371246","26498.742","0.000","0.000","0.000","0.000","0.000","0.000"
"Malta","MLT","1997","6.5430026","28006.824","0.000","0.000","0.000","0.000","0.000","0.000"
"Malta","MLT","1998","6.4120502","29060.490","0.000","0.000","0.000","0.000","0.000","0.000"
"Malta","MLT","1999","6.4824777","31934.371","0.000","0.000","0.000","0.000","0.000","0.000"
"Malta","MLT","2000","6.1718907","46378.051","0.000","0.000","0.000","0.000","0.000","0.000"
"Malta","MLT","2001","6.7940903","50713.891","0.000","0.000","0.000","0.000","0.000","0.000"
"Malta","MLT","2002","6.773783","49170.387","0.000","0.000","0.000","0.000","0.000","0.000"
"Malta","MLT","2003","7.2528267","56833.484","0.000","0.000","0.000","0.000","0.000","0.000"
"Malta","MLT","2004","6.935497","59390.211","0.000","0.000","0.000","0.000","0.000","0.000"
"Malta","MLT","2005","6.4109755","50493.625","0.000","0.000","0.000","0.000","0.000","0.000"
"Malta","MLT","2006","6.3913054","51478.543","0.000","0.000","0.000","0.000","0.000","0.000"
"Malta","MLT","2007","6.5383353","55957.789","0.000","0.000","0.000","0.000","0.000","0.000"
"Malta","MLT","2008","6.4951987","57768.109","0.000","0.000","0.000","0.000","0.000","0.000"
"Malta","MLT","2009","6.0857034","61248.996","0.000","0.000","0.000","0.000","0.000","0.000"
"Malta","MLT","2010","6.1971707","72549.078","0.000","0.000","0.000","0.000","0.000","0.000"
"Malta","MLT","2011","6.1422067","68190.570","0.000","0.000","0.000","0.000","0.000","0.000"
"Malta","MLT","2012","6.4438725","64067.148","0.000","0.000","0.870","0.000","0.000","1.304"
"Malta","MLT","2013","5.6706905","59756.480","0.000","0.000","1.327","0.000","0.000","1.770"
"Malta","MLT","2014","5.563529","59933.559","0.000","0.000","3.111","0.000","0.000","3.556"
"Malta","MLT","2015","3.8147235","64130.957","0.000","0.000","6.923","0.000","0.000","7.692"
"Malta","MLT","2016","3.0220766","69591.945","0.000","0.000","15.116","0.000","0.000","16.279"
"Malta","MLT","2017","3.2853162","77316.094","0.000","78.182","9.697","0.000","0.000","10.303"
"Malta","MLT","2018","3.194038","78729.375","0.000","88.832","9.645","0.000","0.000","10.152"
"Malta","MLT","2019","3.272104","80081.508","0.000","88.406","9.662","0.000","0.000","10.145"
"Malta","MLT","2020","3.089255","72065.461","0.000","85.581","11.163","0.000","0.000","11.628"
"Malta","MLT","2021","3.072962","74324.461","0.000","86.036","11.712","0.000","0.000","12.162"
"Malta","MLT","2022","3.3590784","","0.000","97.000","","0.000","0.000","0.500"
"Martinique","MTQ","2000","","21751.891","0.000","0.000","0.000","0.000","0.000","0.000"
"Martinique","MTQ","2001","","21994.830","0.000","0.000","0.000","0.000","0.000","0.000"
"Martinique","MTQ","2002","","23145.516","0.000","0.000","0.000","0.000","0.000","0.000"
"Martinique","MTQ","2003","","23159.686","0.000","0.000","0.000","0.000","0.000","0.000"
"Martinique","MTQ","2004","","23747.654","0.000","0.000","0.000","0.000","0.000","0.000"
"Martinique","MTQ","2005","","23872.316","0.000","0.000","0.000","0.000","0.000","0.000"
"Martinique","MTQ","2006","","24167.125","0.000","0.000","0.000","0.000","0.000","0.000"
"Martinique","MTQ","2007","","25089.396","0.000","0.000","0.000","0.000","0.000","0.000"
"Martinique","MTQ","2008","","25226.029","0.000","0.000","0.000","0.000","0.000","0.000"
"Martinique","MTQ","2009","","25264.980","0.000","0.000","0.000","0.000","0.000","0.000"
"Martinique","MTQ","2010","","25326.725","0.000","0.000","0.000","0.000","0.000","0.000"
"Martinique","MTQ","2011","","26499.410","0.000","0.000","0.000","0.000","0.000","0.000"
"Mauritania","MRT","2000","0.42620137","1872.364","0.000","0.000","0.000","0.000","13.043","13.043"
"Mauritania","MRT","2001","0.43769407","1906.994","0.000","0.000","0.000","0.000","11.111","11.111"
"Mauritania","MRT","2002","0.45621744","2004.115","0.000","0.000","0.000","0.000","6.000","6.000"
"Mauritania","MRT","2003","0.45897254","2054.249","0.000","0.000","0.000","0.000","8.511","8.511"
"Mauritania","MRT","2004","0.48279917","2161.621","0.000","0.000","0.000","0.000","7.843","7.843"
"Mauritania","MRT","2005","0.48780018","2206.716","0.000","0.000","0.000","0.000","10.000","10.000"
"Mauritania","MRT","2006","0.51435083","2100.965","0.000","0.000","0.000","0.000","11.111","11.111"
"Mauritania","MRT","2007","0.56823957","2318.157","0.000","0.000","0.000","0.000","10.638","10.638"
"Mauritania","MRT","2008","0.575122","2781.530","0.000","0.000","0.000","0.000","10.909","10.909"
"Mauritania","MRT","2009","0.6126736","2688.011","0.000","0.000","0.000","0.000","18.966","18.966"
"Mauritania","MRT","2010","0.6173812","2594.655","0.000","0.000","0.000","0.000","18.750","18.750"
"Mauritania","MRT","2011","0.635654","2710.173","0.000","0.000","0.000","0.000","15.663","15.663"
"Mauritania","MRT","2012","0.6763049","2906.240","0.000","0.000","0.000","0.000","15.385","15.385"
"Mauritania","MRT","2013","0.5807892","2568.119","0.000","0.000","3.191","1.064","18.085","22.340"
"Mauritania","MRT","2014","0.66590583","2994.487","0.000","0.000","3.061","1.020","18.367","22.449"
"Mauritania","MRT","2015","0.7570643","2955.335","0.000","0.000","2.632","8.772","16.667","28.070"
"Mauritania","MRT","2016","0.6420559","2687.668","0.000","0.000","4.959","8.264","10.744","23.967"
"Mauritania","MRT","2017","0.8505046","3923.376","0.000","0.000","3.974","6.623","11.258","21.854"
"Mauritania","MRT","2018","1.0246092","4074.366","0.000","0.000","8.284","5.917","11.243","25.444"
"Mauritania","MRT","2019","1.0325818","4149.229","0.000","0.000","7.692","6.593","10.989","25.275"
"Mauritania","MRT","2020","1.0394301","3884.775","0.000","0.000","7.910","7.345","11.864","27.119"
"Mauritania","MRT","2021","0.95032835","3988.532","0.000","0.000","7.447","7.979","11.170","26.596"
"Mauritius","MUS","2000","2.210509","13215.600","15.476","0.000","0.000","0.000","5.357","16.667"
"Mauritius","MUS","2001","2.334449","13385.311","15.000","0.000","0.000","0.000","3.889","17.222"
"Mauritius","MUS","2002","2.3365946","13056.474","15.135","0.000","0.000","0.000","4.865","17.838"
"Mauritius","MUS","2003","2.4631307","13249.851","14.646","0.000","0.000","0.000","6.061","18.687"
"Mauritius","MUS","2004","2.471399","13567.276","14.634","0.000","0.000","0.000","5.854","18.049"
"Mauritius","MUS","2005","2.620026","14451.097","17.290","0.000","0.000","0.000","5.140","28.972"
"Mauritius","MUS","2006","2.870235","15004.636","18.919","0.000","0.000","0.000","3.604","15.766"
"Mauritius","MUS","2007","2.9034424","15502.124","29.741","0.000","0.000","0.000","3.448","15.086"
"Mauritius","MUS","2008","2.9550357","15889.464","29.630","0.000","0.000","0.000","4.527","15.226"
"Mauritius","MUS","2009","2.8991694","15279.018","28.049","0.000","0.000","0.000","4.878","19.919"
"Mauritius","MUS","2010","3.0506911","16415.438","27.237","0.000","0.000","0.000","3.891","18.288"
"Mauritius","MUS","2011","3.0450964","16788.395","28.077","0.000","0.000","0.000","1.923","15.385"
"Mauritius","MUS","2012","3.0751846","16868.873","26.136","0.000","0.000","0.000","2.652","13.258"
"Mauritius","MUS","2013","3.1503313","17104.646","26.007","0.000","0.000","0.000","3.297","13.919"
"Mauritius","MUS","2014","3.2556133","17609.402","26.071","0.000","1.071","0.000","3.214","15.000"
"Mauritius","MUS","2015","3.2577507","18247.520","25.524","0.000","1.049","0.000","4.196","17.133"
"Mauritius","MUS","2016","3.3610594","18958.602","24.828","0.000","1.034","0.690","3.448","16.552"
"Mauritius","MUS","2017","3.517361","20786.770","22.896","0.000","1.347","0.337","3.030","15.152"
"Mauritius","MUS","2018","3.4569364","21929.627","24.579","0.000","1.684","0.337","4.040","17.508"
"Mauritius","MUS","2019","3.5179577","22800.158","24.272","0.000","4.207","0.324","3.236","19.094"
"Mauritius","MUS","2020","2.9609385","19245.180","23.723","0.000","5.474","0.730","3.650","20.803"
"Mauritius","MUS","2021","3.1009886","19724.719","23.611","0.000","5.556","0.694","3.472","20.833"
"Mexico","MEX","1985","3.826866","15151.138","4.017","7.497","0.000","0.000","29.548","31.254"
"Mexico","MEX","1986","3.8286471","14439.929","6.383","7.683","0.000","0.000","21.385","24.793"
"Mexico","MEX","1987","3.9135306","14659.548","6.888","8.439","0.000","0.000","18.165","22.327"
"Mexico","MEX","1988","3.832314","14519.399","7.182","7.398","0.000","0.000","19.456","23.585"
"Mexico","MEX","1989","3.9781811","15078.810","6.593","8.130","0.000","0.000","21.120","25.014"
"Mexico","MEX","1990","3.8245006","16141.271","6.632","11.233","0.001","0.001","20.819","25.178"
"Mexico","MEX","1991","3.9065359","16288.587","7.189","14.725","0.002","0.001","17.597","22.136"
"Mexico","MEX","1992","3.8637242","16284.947","7.219","14.195","0.002","0.001","20.271","25.086"
"Mexico","MEX","1993","3.852906","15988.583","8.585","14.161","0.003","0.001","19.797","24.628"
"Mexico","MEX","1994","3.9383492","16584.426","9.775","14.631","0.003","0.003","13.872","18.135"
"Mexico","MEX","1995","3.6418269","15998.047","10.297","14.896","0.003","0.005","18.356","22.630"
"Mexico","MEX","1996","3.694254","16125.593","11.836","13.518","0.004","0.004","20.012","23.969"
"Mexico","MEX","1997","3.8551505","16233.624","11.030","13.866","0.004","0.007","15.810","19.349"
"Mexico","MEX","1998","3.987453","16610.916","10.321","16.582","0.004","0.008","13.583","16.985"
"Mexico","MEX","1999","3.9750144","16578.275","9.795","17.320","0.004","0.009","17.219","20.421"
"Mexico","MEX","2000","3.968903","17300.662","8.927","18.880","0.005","0.010","16.897","22.929"
"Mexico","MEX","2001","4.0708127","16898.289","10.588","23.244","0.005","0.010","14.028","19.665"
"Mexico","MEX","2002","4.040439","17044.275","11.639","31.039","0.005","0.010","12.064","17.422"
"Mexico","MEX","2003","4.2335887","16996.574","13.429","35.020","0.005","0.010","9.717","15.854"
"Mexico","MEX","2004","4.201275","17731.264","9.856","38.254","0.005","0.009","11.311","17.313"
"Mexico","MEX","2005","4.379822","19153.719","13.204","34.806","0.004","0.009","11.834","18.278"
"Mexico","MEX","2006","4.4243016","19171.469","12.150","44.423","0.004","0.025","12.707","18.426"
"Mexico","MEX","2007","4.353924","19098.814","11.717","47.798","0.004","0.107","11.069","17.276"
"Mexico","MEX","2008","4.2852488","19633.797","7.754","47.703","0.004","0.109","15.699","21.539"
"Mexico","MEX","2009","4.109744","19065.637","10.796","50.662","0.004","0.244","10.776","16.537"
"Mexico","MEX","2010","4.0168395","18870.824","11.550","51.273","0.011","0.469","13.914","19.428"
"Mexico","MEX","2011","4.1937428","19447.846","11.312","50.799","0.014","0.582","12.821","18.092"
"Mexico","MEX","2012","4.292929","19349.783","11.308","50.753","0.025","1.289","11.094","16.576"
"Mexico","MEX","2013","4.1862144","19108.689","10.429","54.389","0.038","1.452","9.649","15.549"
"Mexico","MEX","2014","4.040969","18757.031","10.824","55.760","0.076","2.188","13.284","19.801"
"Mexico","MEX","2015","3.9598958","18335.252","10.568","58.309","0.081","2.837","10.276","17.598"
"Mexico","MEX","2016","3.9167483","18538.975","10.488","58.438","0.152","3.277","9.815","17.481"
"Mexico","MEX","2017","3.7634232","18689.648","9.232","57.647","0.346","3.206","10.267","18.076"
"Mexico","MEX","2018","3.760188","18269.648","8.575","59.168","0.410","3.774","9.728","17.704"
"Mexico","MEX","2019","3.7231612","17903.295","9.164","59.108","2.191","5.275","7.401","18.549"
"Mexico","MEX","2020","3.382808","16382.680","5.671","60.002","3.453","6.073","8.215","21.255"
"Mexico","MEX","2021","3.500541","17515.205","3.944","59.181","4.202","6.223","10.230","23.935"
"Mexico","MEX","2022","3.5284045","19009.186","5.980","54.592","3.831","5.788","10.100","22.938"
"Moldova","MDA","2000","0.8436784","7750.128","53.484","39.171","0.000","0.000","7.345","7.345"
"Moldova","MDA","2001","0.9037703","7673.852","54.078","39.539","0.000","0.000","6.383","6.383"
"Moldova","MDA","2002","0.9779864","8558.681","54.246","39.688","0.000","0.000","6.066","6.066"
"Moldova","MDA","2003","1.0754136","9629.671","54.286","39.664","0.000","0.000","6.050","6.050"
"Moldova","MDA","2004","1.1400539","9094.614","54.310","39.655","0.000","0.000","6.034","6.034"
"Moldova","MDA","2005","1.2378939","10069.241","54.271","39.698","0.000","0.000","6.030","6.030"
"Moldova","MDA","2006","1.2826668","10814.542","54.276","39.638","0.000","0.000","6.086","6.086"
"Moldova","MDA","2007","1.2926619","9570.557","54.252","39.796","0.000","0.000","5.952","5.952"
"Moldova","MDA","2008","1.373297","10052.481","54.077","39.601","0.000","0.000","6.323","6.323"
"Moldova","MDA","2009","1.2248387","9210.980","54.443","39.903","0.000","0.000","5.654","5.654"
"Moldova","MDA","2010","1.3300986","9287.713","54.010","39.444","0.000","0.000","6.547","6.547"
"Moldova","MDA","2011","1.3901005","9207.143","54.231","39.724","0.000","0.000","6.045","6.045"
"Moldova","MDA","2012","1.3684151","12907.230","55.000","40.345","0.000","0.000","4.655","4.655"
"Moldova","MDA","2013","1.4372926","13035.350","53.778","39.333","0.000","0.000","6.889","6.889"
"Moldova","MDA","2014","1.4225419","12760.212","54.174","39.703","0.000","0.000","5.937","6.122"
"Moldova","MDA","2015","1.4556859","11617.373","55.132","40.397","0.000","0.000","4.305","4.470"
"Moldova","MDA","2016","1.5156391","11798.200","55.385","40.513","0.000","0.000","3.932","4.103"
"Moldova","MDA","2017","1.593989","12164.262","54.234","39.718","0.000","0.202","5.645","6.048"
"Moldova","MDA","2018","1.6967708","13129.505","54.461","39.963","0.000","0.372","5.019","5.576"
"Moldova","MDA","2019","1.727951","13488.875","54.130","39.719","0.000","0.703","5.272","6.151"
"Moldova","MDA","2020","1.6659853","13070.765","54.531","39.968","0.000","0.809","4.531","5.502"
"Moldova","MDA","2021","1.9049147","16006.373","54.054","39.640","0.150","1.201","4.805","6.306"
"Moldova","MDA","2022","1.7018101","","66.914","26.208","0.186","1.487","5.019","6.877"
"Mongolia","MNG","2000","3.0270114","17691.607","100.000","0.000","0.000","0.000","0.000","0.000"
"Mongolia","MNG","2001","3.1496732","17502.184","100.000","0.000","0.000","0.000","0.000","0.000"
"Mongolia","MNG","2002","3.27853","18501.777","100.000","0.000","0.000","0.000","0.000","0.000"
"Mongolia","MNG","2003","3.1463904","17411.361","100.000","0.000","0.000","0.000","0.000","0.000"
"Mongolia","MNG","2004","3.343203","16947.145","100.000","0.000","0.000","0.000","0.000","0.000"
"Mongolia","MNG","2005","3.321716","17428.029","100.000","0.000","0.000","0.000","0.000","0.000"
"Mongolia","MNG","2006","3.590729","18611.670","100.000","0.000","0.000","0.000","0.000","0.000"
"Mongolia","MNG","2007","4.5851007","19353.180","100.000","0.000","0.000","0.000","0.000","0.000"
"Mongolia","MNG","2008","4.5238576","18919.375","99.744","0.000","0.256","0.000","0.000","0.256"
"Mongolia","MNG","2009","4.8887124","18920.904","99.746","0.000","0.254","0.000","0.000","0.254"
"Mongolia","MNG","2010","5.097588","18202.299","98.768","0.000","0.246","0.000","0.985","1.232"
"Mongolia","MNG","2011","7.7837563","18659.320","98.595","0.000","0.234","0.000","1.171","1.405"
"Mongolia","MNG","2012","12.5189295","19704.566","98.675","0.000","0.221","0.000","1.104","1.325"
"Mongolia","MNG","2013","15.24536","20521.990","97.458","0.000","0.212","1.059","1.271","2.542"
"Mongolia","MNG","2014","10.171428","19699.537","95.858","0.000","0.197","2.564","1.381","4.142"
"Mongolia","MNG","2015","7.820735","19182.596","95.761","0.000","0.193","2.890","1.156","4.239"
"Mongolia","MNG","2016","8.42837","19692.092","95.318","0.000","0.187","2.809","1.685","4.682"
"Mongolia","MNG","2017","10.997071","21043.662","95.471","0.000","0.543","2.536","1.449","4.529"
"Mongolia","MNG","2018","14.306628","22486.172","92.846","0.000","0.976","4.878","1.301","7.154"
"Mongolia","MNG","2019","14.578362","24279.391","90.046","0.000","1.225","7.351","1.378","9.954"
"Mongolia","MNG","2020","12.9080105","20376.916","89.881","0.000","1.786","7.143","1.190","10.119"
"Mongolia","MNG","2021","10.771015","22407.674","90.169","0.000","1.966","6.742","1.124","9.831"
"Mongolia","MNG","2022","11.944179","","91.197","0.000","1.926","5.777","1.100","8.803"
"Montenegro","MNE","2005","3.0504684","","34.843","0.000","0.000","0.000","65.157","65.157"
"Montenegro","MNE","2006","3.254315","24270.525","40.678","0.000","0.000","0.000","59.322","59.322"
"Montenegro","MNE","2007","3.2452526","21851.393","40.187","0.000","0.000","0.000","59.813","59.813"
"Montenegro","MNE","2008","4.116431","24712.115","45.583","0.000","0.000","0.000","54.417","54.417"
"Montenegro","MNE","2009","2.6591656","21325.205","25.000","0.000","0.000","0.000","75.000","75.000"
"Montenegro","MNE","2010","3.831593","26631.988","31.592","0.000","0.000","0.000","68.408","68.408"
"Montenegro","MNE","2011","3.8047888","21941.479","54.717","0.000","0.000","0.000","45.283","45.283"
"Montenegro","MNE","2012","3.493126","21276.305","48.070","0.000","0.000","0.000","51.930","51.930"
"Montenegro","MNE","2013","3.3966699","22880.111","36.548","0.000","0.000","0.000","63.452","63.452"
"Montenegro","MNE","2014","3.3368337","20434.420","44.795","0.000","0.000","0.000","55.205","55.205"
"Montenegro","MNE","2015","3.5639925","21034.895","50.333","0.000","0.000","0.000","49.667","49.667"
"Montenegro","MNE","2016","3.2282143","21028.148","41.401","0.000","0.000","0.000","58.599","58.599"
"Montenegro","MNE","2017","3.3915422","19660.412","54.839","0.000","0.000","4.032","41.129","45.161"
"Montenegro","MNE","2018","3.903202","21852.676","40.789","0.000","0.000","3.684","55.526","59.211"
"Montenegro","MNE","2019","4.0493402","20460.551","43.732","0.000","0.000","8.746","47.522","56.268"
"Montenegro","MNE","2020","3.9536924","17942.342","47.788","0.000","0.000","9.440","42.773","52.212"
"Montenegro","MNE","2021","3.9925413","18940.291","38.196","0.000","0.000","8.488","53.316","61.804"
"Montenegro","MNE","2022","4.0595264","","47.678","0.000","0.000","9.907","42.415","52.322"
"Montserrat","MSR","2000","5.0757966","22515.271","0.000","0.000","0.000","0.000","0.000","0.000"
"Montserrat","MSR","2001","5.556326","24606.283","0.000","0.000","0.000","0.000","0.000","0.000"
"Montserrat","MSR","2002","9.770667","36233.332","0.000","0.000","0.000","0.000","0.000","0.000"
"Montserrat","MSR","2003","8.115171","36038.613","0.000","0.000","0.000","0.000","0.000","0.000"
"Montserrat","MSR","2004","10.48932","35807.695","0.000","0.000","0.000","0.000","0.000","0.000"
"Montserrat","MSR","2005","8.811543","35542.004","0.000","0.000","0.000","0.000","0.000","0.000"
"Montserrat","MSR","2006","8.750325","35250.551","0.000","0.000","0.000","0.000","0.000","0.000"
"Montserrat","MSR","2007","8.669392","38881.137","0.000","0.000","0.000","0.000","0.000","0.000"
"Montserrat","MSR","2008","9.354894","49473.754","0.000","0.000","0.000","0.000","0.000","0.000"
"Montserrat","MSR","2009","9.238915","41319.547","0.000","0.000","0.000","0.000","0.000","0.000"
"Montserrat","MSR","2010","12.165179","54497.844","0.000","0.000","0.000","0.000","0.000","0.000"
"Montserrat","MSR","2011","7.560875","37454.199","0.000","0.000","0.000","0.000","0.000","0.000"
"Montserrat","MSR","2012","8.358357","36263.168","0.000","0.000","0.000","0.000","0.000","0.000"
"Montserrat","MSR","2013","10.744868","45365.406","0.000","0.000","0.000","0.000","0.000","0.000"
"Montserrat","MSR","2014","9.279865","42027.945","0.000","0.000","0.000","0.000","0.000","0.000"
"Montserrat","MSR","2015","10.930322","47224.633","0.000","0.000","0.000","0.000","0.000","0.000"
"Montserrat","MSR","2016","6.2833867","26808.178","0.000","0.000","0.000","0.000","0.000","0.000"
"Montserrat","MSR","2017","5.546713","26044.170","0.000","0.000","0.000","0.000","0.000","0.000"
"Montserrat","MSR","2018","6.379108","31185.535","0.000","0.000","0.000","0.000","0.000","0.000"
"Montserrat","MSR","2019","5.619632","30173.104","0.000","0.000","0.000","0.000","0.000","0.000"
"Montserrat","MSR","2020","4.8508387","25413.510","0.000","0.000","0.000","0.000","0.000","0.000"
"Montserrat","MSR","2021","4.8799114","27584.430","0.000","0.000","0.000","0.000","0.000","0.000"
"Morocco","MAR","1985","0.79957557","2923.776","","","0.000","0.000","6.617","6.617"
"Morocco","MAR","1986","0.8266941","2958.895","","","0.000","0.000","8.282","8.282"
"Morocco","MAR","1987","0.863388","2988.198","","","0.000","0.000","10.311","10.311"
"Morocco","MAR","1988","0.89065266","3098.018","","","0.000","0.000","10.419","10.419"
"Morocco","MAR","1989","0.9465839","3347.967","","","0.000","0.000","12.821","12.821"
"Morocco","MAR","1990","0.9147687","3368.051","","","0.000","0.000","12.671","12.671"
"Morocco","MAR","1991","0.9552058","3353.750","","","0.000","0.000","13.319","13.319"
"Morocco","MAR","1992","0.9811329","3692.001","","","0.000","0.000","9.919","9.919"
"Morocco","MAR","1993","1.0455822","3672.131","","","0.000","0.000","4.470","4.470"
"Morocco","MAR","1994","1.0816504","3986.573","","","0.000","0.000","7.323","7.323"
"Morocco","MAR","1995","1.0890489","3851.710","","","0.000","0.000","5.053","5.053"
"Morocco","MAR","1996","1.101328","3967.302","","","0.000","0.000","15.609","15.609"
"Morocco","MAR","1997","1.1015766","4064.434","","","0.000","0.000","15.324","15.324"
"Morocco","MAR","1998","1.118006","4109.542","","","0.000","0.000","13.703","13.703"
"Morocco","MAR","1999","1.1413679","4205.276","","","0.000","0.000","6.398","6.398"
"Morocco","MAR","2000","1.1680162","4113.667","65.375","0.000","0.000","0.495","5.853","6.348"
"Morocco","MAR","2001","1.2774382","4386.623","68.521","0.000","0.000","1.479","6.056","7.535"
"Morocco","MAR","2002","1.2778043","4439.724","68.404","0.000","0.000","1.253","5.541","6.794"
"Morocco","MAR","2003","1.2366714","4397.996","66.080","0.000","0.000","1.214","8.738","9.951"
"Morocco","MAR","2004","1.4097261","4946.639","65.886","0.000","0.000","1.143","9.086","10.229"
"Morocco","MAR","2005","1.4711298","5301.474","59.243","12.999","0.000","1.119","5.168","6.287"
"Morocco","MAR","2006","1.5030109","5340.532","59.367","13.025","0.000","0.934","5.138","6.072"
"Morocco","MAR","2007","1.5683955","5226.211","59.307","13.030","0.000","1.448","4.705","6.153"
"Morocco","MAR","2008","1.6253583","5694.036","59.267","13.035","0.000","1.527","4.684","6.212"
"Morocco","MAR","2009","1.5878394","5486.076","51.848","11.389","0.000","1.948","12.687","14.635"
"Morocco","MAR","2010","1.6744752","6005.150","43.401","20.728","0.000","2.792","14.509","17.343"
"Morocco","MAR","2011","1.6670716","6222.626","46.859","22.369","0.000","2.761","7.963","10.764"
"Morocco","MAR","2012","1.7074838","6249.124","47.864","22.855","0.219","2.665","5.915","8.835"
"Morocco","MAR","2013","1.6753621","6330.083","44.287","21.173","0.224","5.078","10.306","15.646"
"Morocco","MAR","2014","1.6715473","6336.756","52.596","18.169","0.216","6.921","5.840","13.014"
"Morocco","MAR","2015","1.6903471","6368.394","51.354","17.739","0.102","8.531","6.330","15.064"
"Morocco","MAR","2016","1.6690949","6361.196","51.083","17.618","1.411","9.908","4.068","15.551"
"Morocco","MAR","2017","1.7238358","6580.724","54.105","16.387","1.395","9.635","3.708","14.865"
"Morocco","MAR","2018","1.7387096","6730.607","58.370","11.919","2.775","11.277","4.908","19.048"
"Morocco","MAR","2019","1.8984194","7267.464","58.404","11.931","3.952","11.806","3.152","19.010"
"Morocco","MAR","2020","1.764199","6551.416","58.911","12.038","3.960","11.959","2.267","18.291"
"Morocco","MAR","2021","1.9016743","7236.710","57.821","11.816","4.407","12.373","2.930","19.806"
"Morocco","MAR","2022","1.8693061","6855.110","","","3.518","13.014","0.851","17.382"
"Mozambique","MOZ","2000","0.07291618","1646.661","0.000","0.000","0.000","0.000","99.480","99.688"
"Mozambique","MOZ","2001","0.08382869","2058.794","0.000","0.000","0.000","0.000","99.491","99.660"
"Mozambique","MOZ","2002","0.08107551","2031.781","0.000","0.000","0.000","0.000","99.524","99.683"
"Mozambique","MOZ","2003","0.09568231","2005.184","0.000","0.000","0.000","0.000","99.354","99.538"
"Mozambique","MOZ","2004","0.093948774","2047.423","0.000","0.000","0.000","0.000","99.312","99.570"
"Mozambique","MOZ","2005","0.08715759","2189.541","0.000","0.000","0.000","0.000","99.545","99.697"
"Mozambique","MOZ","2006","0.09215442","2325.486","0.000","0.000","0.000","0.000","99.590","99.727"
"Mozambique","MOZ","2007","0.10282695","2517.889","0.000","0.000","0.000","0.000","99.624","99.749"
"Mozambique","MOZ","2008","0.09990597","2311.345","0.000","0.000","0.000","0.000","99.601","99.734"
"Mozambique","MOZ","2009","0.10892431","2432.587","0.000","0.000","0.000","0.000","99.644","99.762"
"Mozambique","MOZ","2010","0.114683606","2355.594","0.000","0.000","0.000","0.000","99.577","99.698"
"Mozambique","MOZ","2011","0.13136378","2590.460","0.000","0.000","0.000","0.000","99.522","99.641"
"Mozambique","MOZ","2012","0.12539078","2700.616","0.000","0.000","0.000","0.000","99.469","99.602"
"Mozambique","MOZ","2013","0.14285164","2775.278","0.000","0.000","0.000","0.000","97.363","98.107"
"Mozambique","MOZ","2014","0.31480834","2987.178","0.000","0.000","0.000","0.000","91.121","93.227"
"Mozambique","MOZ","2015","0.25352782","3077.791","0.000","0.000","0.000","0.000","86.491","89.487"
"Mozambique","MOZ","2016","0.31267935","3067.182","0.000","0.000","0.000","0.000","83.378","84.781"
"Mozambique","MOZ","2017","0.24516313","2985.232","0.000","0.000","0.000","0.000","82.906","84.336"
"Mozambique","MOZ","2018","0.24157281","2383.024","0.000","10.820","0.000","0.000","81.926","82.521"
"Mozambique","MOZ","2019","0.2374965","2446.911","0.000","12.079","0.000","0.000","79.797","80.492"
"Mozambique","MOZ","2020","0.20596471","2248.653","0.000","11.169","0.155","0.000","81.179","81.954"
"Mozambique","MOZ","2021","0.24353753","2241.226","0.000","11.508","0.352","0.000","80.402","81.407"
"Myanmar","MMR","2000","0.22563869","1055.134","0.000","45.621","0.000","0.000","38.086","42.974"
"Myanmar","MMR","2001","0.1934779","963.841","0.000","43.556","0.000","0.000","40.000","45.556"
"Myanmar","MMR","2002","0.2017636","1107.380","0.000","40.800","0.000","0.000","44.200","49.000"
"Myanmar","MMR","2003","0.21422155","1236.488","0.000","42.565","0.000","0.000","41.450","46.840"
"Myanmar","MMR","2004","0.26696014","1285.359","7.421","36.735","0.000","0.000","44.156","48.237"
"Myanmar","MMR","2005","0.24342664","1642.795","11.512","28.351","0.000","0.000","51.031","54.296"
"Myanmar","MMR","2006","0.26822394","1538.981","10.403","25.671","0.000","0.000","55.201","58.557"
"Myanmar","MMR","2007","0.26690307","1648.792","9.677","23.871","0.000","0.000","57.742","61.452"
"Myanmar","MMR","2008","0.20194042","1504.837","8.554","21.151","0.000","0.000","62.675","65.941"
"Myanmar","MMR","2009","0.20983903","1377.901","5.433","13.363","0.000","0.000","76.358","78.414"
"Myanmar","MMR","2010","0.26772776","1386.882","7.221","17.711","0.000","0.000","68.801","71.390"
"Myanmar","MMR","2011","0.3059909","1505.196","5.285","12.953","0.000","0.000","77.098","79.067"
"Myanmar","MMR","2012","0.23728523","1779.603","6.279","15.558","0.000","0.000","72.071","74.414"
"Myanmar","MMR","2013","0.25296757","2042.981","5.012","17.584","0.082","0.000","71.734","73.870"
"Myanmar","MMR","2014","0.31272367","2368.495","3.934","29.041","0.072","0.000","62.518","64.306"
"Myanmar","MMR","2015","0.42826813","2192.525","4.198","30.916","0.191","0.000","59.224","61.069"
"Myanmar","MMR","2016","0.41059896","2501.596","4.387","34.473","0.285","0.000","54.986","57.094"
"Myanmar","MMR","2017","0.45540875","3203.901","4.254","24.939","0.293","0.000","53.447","55.110"
"Myanmar","MMR","2018","0.65076286","3270.801","4.064","27.021","0.313","0.000","54.801","56.320"
"Myanmar","MMR","2019","0.63861066","3197.220","4.720","34.471","0.379","0.000","44.332","46.144"
"Myanmar","MMR","2020","0.65239656","3183.105","3.226","34.083","0.340","0.000","46.689","48.005"
"Myanmar","MMR","2021","0.54853755","3064.848","3.578","38.148","0.447","0.000","40.250","41.816"
"Namibia","NAM","2000","0.9448855","6971.662","2.128","0.000","0.000","0.000","97.163","97.163"
"Namibia","NAM","2001","1.2015644","7906.876","0.000","0.000","0.000","0.000","100.000","100.000"
"Namibia","NAM","2002","1.0429932","7473.249","0.000","0.000","0.000","0.000","100.000","100.000"
"Namibia","NAM","2003","1.0910966","7768.259","0.662","0.000","0.000","0.000","99.338","99.338"
"Namibia","NAM","2004","1.1527311","7998.042","0.000","0.000","0.000","0.000","100.000","100.000"
"Namibia","NAM","2005","1.2874242","8329.664","1.786","0.000","0.000","0.000","97.619","97.619"
"Namibia","NAM","2006","1.2673873","8203.538","4.167","0.000","0.000","0.000","94.643","94.643"
"Namibia","NAM","2007","1.1525968","8337.066","1.875","0.000","0.000","0.000","97.500","97.500"
"Namibia","NAM","2008","1.3961102","8670.396","8.485","0.000","0.000","0.000","89.697","89.697"
"Namibia","NAM","2009","1.2804775","8711.895","4.082","0.000","0.000","0.000","94.558","94.558"
"Namibia","NAM","2010","1.321587","8834.805","3.077","0.000","0.769","0.000","95.385","96.154"
"Namibia","NAM","2011","1.2978189","9036.284","1.399","0.000","0.699","0.000","97.203","97.902"
"Namibia","NAM","2012","1.4553826","9158.613","1.227","0.000","0.613","0.000","97.546","98.160"
"Namibia","NAM","2013","1.3335127","9313.876","2.985","0.000","1.493","0.000","94.030","95.522"
"Namibia","NAM","2014","1.3403752","9735.818","0.658","0.000","1.974","0.000","96.711","98.684"
"Namibia","NAM","2015","1.4293277","10013.897","1.282","0.000","2.564","0.000","95.513","98.077"
"Namibia","NAM","2016","1.4685864","9860.743","2.721","0.000","4.082","0.000","91.837","95.918"
"Namibia","NAM","2017","1.4319179","9969.967","2.299","0.000","5.747","0.000","90.805","96.552"
"Namibia","NAM","2018","1.4103903","9675.655","0.709","0.000","17.021","1.418","80.142","98.582"
"Namibia","NAM","2019","1.4073112","9254.443","2.206","0.000","25.735","1.471","69.853","97.059"
"Namibia","NAM","2020","1.2608001","8960.352","2.051","0.000","18.974","1.026","76.923","96.923"
"Namibia","NAM","2021","1.2836621","8748.273","3.185","0.000","24.204","1.274","70.064","95.541"
"Nauru","NRU","2000","8.632178","44017.281","0.000","0.000","0.000","0.000","0.000","0.000"
"Nauru","NRU","2001","7.9440227","39953.254","0.000","0.000","0.000","0.000","0.000","0.000"
"Nauru","NRU","2002","7.614448","37538.883","0.000","0.000","0.000","0.000","0.000","0.000"
"Nauru","NRU","2003","6.5389647","33686.039","0.000","0.000","0.000","0.000","0.000","0.000"
"Nauru","NRU","2004","6.1769137","31641.859","0.000","0.000","0.000","0.000","0.000","0.000"
"Nauru","NRU","2005","6.1848874","31064.385","0.000","0.000","0.000","0.000","0.000","0.000"
"Nauru","NRU","2006","4.370142","22659.775","0.000","0.000","0.000","0.000","0.000","0.000"
"Nauru","NRU","2007","4.013543","22131.348","0.000","0.000","0.000","0.000","0.000","0.000"
"Nauru","NRU","2008","4.017544","22558.277","0.000","0.000","0.000","0.000","0.000","0.000"
"Nauru","NRU","2009","4.0139427","21952.797","0.000","0.000","0.000","0.000","0.000","0.000"
"Nauru","NRU","2010","4.3675375","23124.062","0.000","0.000","0.000","0.000","0.000","0.000"
"Nauru","NRU","2011","3.9841835","22639.811","0.000","0.000","0.000","0.000","0.000","0.000"
"Nauru","NRU","2012","3.9171932","23654.348","0.000","0.000","0.000","0.000","0.000","0.000"
"Nauru","NRU","2013","4.5195937","26976.270","0.000","0.000","0.000","0.000","0.000","0.000"
"Nauru","NRU","2014","4.7646294","28475.137","0.000","0.000","0.000","0.000","0.000","0.000"
"Nauru","NRU","2015","5.007745","29667.088","0.000","0.000","0.000","0.000","0.000","0.000"
"Nauru","NRU","2016","4.591068","31831.389","0.000","0.000","0.000","0.000","0.000","0.000"
"Nauru","NRU","2017","4.841864","24506.256","0.000","0.000","0.000","0.000","0.000","0.000"
"Nauru","NRU","2018","4.7795463","28203.953","0.000","0.000","0.000","0.000","0.000","0.000"
"Nauru","NRU","2019","4.4186406","22405.490","0.000","0.000","0.000","0.000","0.000","0.000"
"Nauru","NRU","2020","4.71153","21142.482","0.000","0.000","0.000","0.000","0.000","0.000"
"Nauru","NRU","2021","4.6866207","21609.617","0.000","0.000","0.000","0.000","0.000","0.000"
"Nepal","NPL","2000","0.12374187","599.056","0.000","0.000","0.000","0.000","95.858","96.450"
"Nepal","NPL","2001","0.12971939","622.079","0.000","0.000","0.000","0.000","98.919","98.919"
"Nepal","NPL","2002","0.102506384","645.291","0.000","0.000","0.000","0.000","99.057","99.057"
"Nepal","NPL","2003","0.10940126","669.501","0.000","0.000","0.000","0.000","100.000","100.000"
"Nepal","NPL","2004","0.09925989","660.466","0.000","0.000","0.000","0.000","99.582","99.582"
"Nepal","NPL","2005","0.11352463","678.475","0.000","0.000","0.000","0.000","99.600","99.600"
"Nepal","NPL","2006","0.092468634","663.455","0.000","0.000","0.000","0.000","99.632","99.632"
"Nepal","NPL","2007","0.09594943","653.868","0.000","0.000","0.360","0.000","99.281","99.640"
"Nepal","NPL","2008","0.12431684","719.461","0.000","0.000","0.357","0.000","99.286","99.643"
"Nepal","NPL","2009","0.15184647","818.675","0.000","0.000","0.324","0.000","99.353","99.676"
"Nepal","NPL","2010","0.17657728","868.669","0.000","0.000","0.314","0.000","99.686","100.000"
"Nepal","NPL","2011","0.18994576","922.143","0.000","0.000","0.289","0.000","99.711","100.000"
"Nepal","NPL","2012","0.19866605","967.206","0.000","0.000","0.283","0.000","99.150","99.433"
"Nepal","NPL","2013","0.22536574","1020.580","0.000","0.000","0.571","0.000","99.143","99.714"
"Nepal","NPL","2014","0.27419657","1099.445","0.000","0.000","0.529","0.265","99.206","100.000"
"Nepal","NPL","2015","0.2481578","979.096","0.000","0.000","0.580","0.290","99.130","100.000"
"Nepal","NPL","2016","0.3608613","1426.130","0.000","0.000","0.473","0.236","99.291","100.000"
"Nepal","NPL","2017","0.44344956","1614.757","0.000","0.000","1.695","0.212","98.093","100.000"
"Nepal","NPL","2018","0.49996966","1753.601","0.000","0.000","1.603","0.200","98.196","100.000"
"Nepal","NPL","2019","0.44873866","1700.583","0.000","0.000","1.118","0.160","98.722","100.000"
"Nepal","NPL","2020","0.539615","1677.797","0.000","0.000","1.580","0.158","98.262","100.000"
"Nepal","NPL","2021","0.52540195","1607.635","0.000","0.000","1.797","0.163","98.039","100.000"
"Netherlands","NLD","1985","10.10939","56686.754","23.554","60.680","0.000","0.000","0.005","0.705"
"Netherlands","NLD","1986","9.846135","59183.734","22.537","61.787","0.000","0.001","0.004","0.829"
"Netherlands","NLD","1987","10.287577","60062.426","24.760","60.326","0.000","0.003","0.001","1.030"
"Netherlands","NLD","1988","9.820829","59907.266","31.951","52.299","0.000","0.023","0.003","1.225"
"Netherlands","NLD","1989","10.834598","59827.883","30.317","54.638","0.000","0.031","0.051","1.314"
"Netherlands","NLD","1990","10.846517","60940.926","34.833","50.877","0.000","0.084","0.125","1.142"
"Netherlands","NLD","1991","11.314292","61679.359","30.519","55.232","0.000","0.121","0.135","1.253"
"Netherlands","NLD","1992","11.211611","61985.129","29.371","56.405","0.000","0.195","0.156","1.298"
"Netherlands","NLD","1993","11.123338","62091.711","27.827","57.343","0.000","0.221","0.117","1.430"
"Netherlands","NLD","1994","11.104094","61031.957","30.266","54.657","0.000","0.301","0.126","1.582"
"Netherlands","NLD","1995","11.145648","63117.930","33.877","51.941","0.000","0.396","0.111","1.743"
"Netherlands","NLD","1996","11.671497","65456.961","30.305","55.258","0.000","0.516","0.094","2.136"
"Netherlands","NLD","1997","11.159401","63906.344","28.326","58.716","0.000","0.545","0.104","2.330"
"Netherlands","NLD","1998","11.145193","63980.645","29.082","56.184","0.000","0.704","0.121","2.553"
"Netherlands","NLD","1999","10.73093","62847.582","25.332","59.112","0.012","0.740","0.104","2.901"
"Netherlands","NLD","2000","10.72025","63325.410","27.162","57.635","0.011","0.929","0.157","3.323"
"Netherlands","NLD","2001","10.9662895","65422.441","27.272","57.551","0.011","0.888","0.128","3.543"
"Netherlands","NLD","2002","10.850785","65146.559","27.144","57.734","0.021","0.992","0.115","4.157"
"Netherlands","NLD","2003","11.008101","65296.625","27.505","56.957","0.031","1.366","0.072","4.099"
"Netherlands","NLD","2004","11.085795","67222.883","24.701","59.390","0.030","1.851","0.089","5.247"
"Netherlands","NLD","2005","10.818227","68395.852","23.575","57.785","0.040","2.077","0.090","7.484"
"Netherlands","NLD","2006","10.505694","66740.000","24.055","57.898","0.041","2.766","0.111","8.157"
"Netherlands","NLD","2007","10.466663","67568.078","23.733","58.105","0.038","3.276","0.105","7.229"
"Netherlands","NLD","2008","10.598356","66484.648","21.862","58.994","0.037","3.966","0.093","8.873"
"Netherlands","NLD","2009","10.21529","65268.383","21.381","60.646","0.035","4.033","0.088","9.537"
"Netherlands","NLD","2010","10.880462","70448.461","18.966","63.244","0.050","3.350","0.084","9.395"
"Netherlands","NLD","2011","10.049582","66766.094","18.794","61.040","0.088","4.481","0.053","10.825"
"Netherlands","NLD","2012","9.798995","65277.332","23.489","54.875","0.184","4.832","0.097","12.099"
"Netherlands","NLD","2013","9.720324","63014.336","24.246","55.241","0.404","5.547","0.108","11.921"
"Netherlands","NLD","2014","9.248505","59946.082","28.570","49.913","0.707","5.619","0.107","11.287"
"Netherlands","NLD","2015","9.584029","60683.023","36.204","42.059","1.020","6.939","0.083","12.583"
"Netherlands","NLD","2016","9.579465","60943.148","32.267","46.130","1.406","7.177","0.088","12.984"
"Netherlands","NLD","2017","9.372927","61101.004","27.049","49.957","1.902","9.140","0.052","15.073"
"Netherlands","NLD","2018","9.084534","59348.102","24.164","50.607","3.264","9.280","0.062","16.634"
"Netherlands","NLD","2019","8.708599","58836.934","14.662","58.490","4.471","9.529","0.058","18.867"
"Netherlands","NLD","2020","7.7664127","56705.539","6.198","59.085","6.979","12.444","0.041","26.672"
"Netherlands","NLD","2021","7.889522","58009.895","11.997","46.567","9.456","14.801","0.074","33.279"
"Netherlands","NLD","2022","7.1213217","56000.762","12.077","39.623","13.922","17.876","0.050","39.871"
"New Caledonia","NCL","2000","9.968356","45268.094","0.000","0.000","0.000","0.637","28.025","28.662"
"New Caledonia","NCL","2001","8.241223","42436.500","0.000","0.000","0.000","0.610","21.951","22.561"
"New Caledonia","NCL","2002","10.300759","45016.352","0.000","0.000","0.000","0.599","19.162","19.760"
"New Caledonia","NCL","2003","11.5155945","47813.309","0.000","0.000","0.000","0.000","19.277","19.277"
"New Caledonia","NCL","2004","10.441173","45600.543","0.000","0.000","0.000","0.629","20.126","20.755"
"New Caledonia","NCL","2005","11.482018","49324.578","0.000","0.000","0.000","1.117","18.994","20.112"
"New Caledonia","NCL","2006","10.94821","47853.824","0.000","0.000","0.000","1.695","15.819","17.514"
"New Caledonia","NCL","2007","11.673067","50583.902","0.000","0.000","0.000","2.174","21.196","23.370"
"New Caledonia","NCL","2008","11.219902","50031.602","0.000","0.000","0.000","1.685","25.281","26.966"
"New Caledonia","NCL","2009","11.800498","49562.727","0.000","0.000","0.000","1.639","21.858","23.497"
"New Caledonia","NCL","2010","13.982816","56732.922","0.000","0.000","0.000","2.488","12.935","15.423"
"New Caledonia","NCL","2011","13.860168","55054.582","0.000","0.000","0.000","2.326","17.209","19.535"
"New Caledonia","NCL","2012","13.641444","57458.293","0.000","0.000","0.000","2.752","18.349","21.101"
"New Caledonia","NCL","2013","14.341293","60432.473","0.000","0.000","0.000","2.101","19.328","21.429"
"New Caledonia","NCL","2014","17.811096","68428.609","0.000","0.000","0.000","2.105","10.175","12.281"
"New Caledonia","NCL","2015","17.222","69502.609","0.000","0.000","0.364","2.182","12.364","14.909"
"New Caledonia","NCL","2016","19.340572","73955.188","0.000","0.000","0.338","1.689","7.770","9.797"
"New Caledonia","NCL","2017","19.69207","71473.977","0.000","0.000","0.980","1.634","11.765","14.379"
"New Caledonia","NCL","2018","20.85342","79704.047","0.000","0.000","1.667","1.667","10.667","14.000"
"New Caledonia","NCL","2019","20.001928","79064.883","0.000","0.000","3.822","1.911","11.465","17.197"
"New Caledonia","NCL","2020","17.978209","74262.352","0.000","0.000","4.762","1.587","6.984","13.333"
"New Caledonia","NCL","2021","15.905857","70000.125","0.000","0.000","5.357","1.786","6.548","13.690"
"New Zealand","NZL","1985","6.688419","47245.512","","","0.000","0.000","69.235","76.297"
"New Zealand","NZL","1986","6.992507","50707.871","","","0.000","0.000","75.303","82.401"
"New Zealand","NZL","1987","7.3240423","50990.121","","","0.000","0.000","73.703","80.687"
"New Zealand","NZL","1988","7.673562","52845.629","","","0.000","0.000","73.868","80.582"
"New Zealand","NZL","1989","7.6348424","53766.461","","","0.000","0.000","71.940","80.161"
"New Zealand","NZL","1990","7.503754","54876.000","","","0.000","0.000","71.089","80.143"
"New Zealand","NZL","1991","7.5180583","54626.305","","","0.000","0.000","68.059","77.339"
"New Zealand","NZL","1992","7.9705563","53927.176","","","0.000","0.002","63.511","72.755"
"New Zealand","NZL","1993","7.7641287","54913.426","","","0.000","0.003","67.868","77.167"
"New Zealand","NZL","1994","7.7008963","57206.188","","","0.000","0.003","73.410","82.149"
"New Zealand","NZL","1995","7.617349","58495.258","","","0.000","0.003","75.625","83.934"
"New Zealand","NZL","1996","7.853252","58465.910","","","0.000","0.023","71.141","79.183"
"New Zealand","NZL","1997","8.276897","57741.027","","","0.000","0.036","62.115","70.288"
"New Zealand","NZL","1998","7.8284817","57223.055","","","0.000","0.058","67.025","75.840"
"New Zealand","NZL","1999","8.197648","57371.336","","","0.000","0.103","60.378","69.849"
"New Zealand","NZL","2000","8.352687","59543.809","13.586","14.398","0.000","0.314","63.325","72.016"
"New Zealand","NZL","2001","8.827948","58485.121","17.106","18.123","0.000","0.365","55.958","64.772"
"New Zealand","NZL","2002","8.736571","59589.078","14.014","14.850","0.000","0.380","62.392","71.135"
"New Zealand","NZL","2003","9.004052","56734.852","15.511","16.422","0.000","0.380","59.185","68.067"
"New Zealand","NZL","2004","8.767515","57499.695","12.452","13.825","0.000","0.867","64.957","73.724"
"New Zealand","NZL","2005","9.045037","55352.246","15.892","17.650","0.000","1.469","55.598","66.458"
"New Zealand","NZL","2006","8.920358","55087.375","15.759","17.495","0.000","1.474","55.479","66.746"
"New Zealand","NZL","2007","8.614808","54356.551","13.087","19.807","0.000","2.169","55.176","67.107"
"New Zealand","NZL","2008","8.795646","54010.570","13.541","20.477","0.000","2.477","52.182","65.983"
"New Zealand","NZL","2009","8.037123","53337.418","10.837","16.410","0.000","3.462","56.865","72.753"
"New Zealand","NZL","2010","8.001102","54097.281","10.282","15.584","0.000","3.718","56.185","74.134"
"New Zealand","NZL","2011","7.8127985","53886.934","8.092","13.942","0.000","4.486","57.480","76.717"
"New Zealand","NZL","2012","8.141623","53929.512","9.458","16.296","0.000","4.775","52.550","72.786"
"New Zealand","NZL","2013","7.9075756","53825.684","6.844","16.639","0.024","4.720","53.812","75.100"
"New Zealand","NZL","2014","7.8265586","55530.688","4.102","14.932","0.047","5.134","56.423","79.700"
"New Zealand","NZL","2015","7.76004","54939.430","3.922","14.282","0.092","5.399","56.022","80.572"
"New Zealand","NZL","2016","7.2400074","54612.461","3.168","11.530","0.140","5.404","59.818","84.323"
"New Zealand","NZL","2017","7.4097495","54745.461","3.717","13.553","0.185","4.779","57.539","81.575"
"New Zealand","NZL","2018","7.281771","53424.102","3.316","12.065","0.230","4.720","59.843","83.583"
"New Zealand","NZL","2019","7.357706","53259.336","3.606","13.171","0.297","5.090","57.841","82.105"
"New Zealand","NZL","2020","6.727745","47384.516","3.774","14.540","0.370","5.279","55.638","80.505"
"New Zealand","NZL","2021","6.773412","45906.223","3.731","14.302","0.461","6.034","55.228","80.815"
"New Zealand","NZL","2022","6.229061","44939.270","0.068","13.265","0.454","7.256","58.776","85.556"
"Nicaragua","NIC","2000","0.7386014","3180.879","0.000","0.000","0.000","0.000","9.859","20.657"
"Nicaragua","NIC","2001","0.7683972","3331.275","0.000","0.000","0.000","0.000","8.155","19.742"
"Nicaragua","NIC","2002","0.77197194","3352.596","0.000","0.000","0.000","0.000","11.111","25.556"
"Nicaragua","NIC","2003","0.82718307","3514.274","0.000","0.000","0.000","0.000","11.154","31.538"
"Nicaragua","NIC","2004","0.8272959","3614.387","0.000","0.000","0.000","0.000","11.896","37.918"
"Nicaragua","NIC","2005","0.79616284","3627.218","0.000","0.000","0.000","0.000","14.286","39.535"
"Nicaragua","NIC","2006","0.81319416","3595.257","0.000","0.000","0.000","0.000","10.000","37.097"
"Nicaragua","NIC","2007","0.82583445","3692.557","0.000","0.000","0.000","0.000","10.274","33.904"
"Nicaragua","NIC","2008","0.78063035","3683.910","0.000","0.000","0.000","0.000","16.460","39.130"
"Nicaragua","NIC","2009","0.7835324","3631.891","0.000","0.000","0.000","3.099","8.169","32.676"
"Nicaragua","NIC","2010","0.7761396","3699.920","0.000","0.000","0.000","4.558","14.245","38.177"
"Nicaragua","NIC","2011","0.8229098","3835.275","0.000","0.000","0.000","5.738","12.022","35.792"
"Nicaragua","NIC","2012","0.7682788","3815.543","0.000","0.000","0.257","8.483","10.540","42.931"
"Nicaragua","NIC","2013","0.7663428","3991.635","0.000","0.000","0.000","13.861","11.139","50.743"
"Nicaragua","NIC","2014","0.7780093","4173.799","0.000","0.000","0.000","19.540","8.966","52.414"
"Nicaragua","NIC","2015","0.8794708","4501.891","0.000","0.000","0.000","19.595","6.532","50.450"
"Nicaragua","NIC","2016","0.8629591","4451.653","0.000","0.000","0.000","16.331","9.396","53.244"
"Nicaragua","NIC","2017","0.8614027","4376.178","0.000","0.000","0.228","14.384","10.502","52.511"
"Nicaragua","NIC","2018","0.8090502","4282.387","0.000","0.000","0.442","17.660","9.051","54.746"
"Nicaragua","NIC","2019","0.8032668","4225.437","0.000","0.000","0.670","16.295","5.134","51.562"
"Nicaragua","NIC","2020","0.7069047","4237.677","0.000","0.000","0.679","12.443","12.896","54.751"
"Nicaragua","NIC","2021","0.772426","4265.271","0.000","0.000","0.648","13.607","12.311","54.644"
"Niger","NER","2000","0.059384946","285.430","0.000","0.000","0.000","0.000","0.000","0.000"
"Niger","NER","2001","0.054205693","270.002","0.000","0.000","0.000","0.000","0.000","0.000"
"Niger","NER","2002","0.055441953","277.330","0.000","0.000","0.000","0.000","0.000","0.000"
"Niger","NER","2003","0.05811559","294.453","0.000","0.000","0.000","0.000","0.000","0.000"
"Niger","NER","2004","0.05995699","311.803","0.000","0.000","0.000","0.000","0.000","0.000"
"Niger","NER","2005","0.050255112","283.513","0.000","0.000","0.000","0.000","0.000","0.000"
"Niger","NER","2006","0.04702387","275.114","0.000","0.000","0.000","0.000","0.000","0.000"
"Niger","NER","2007","0.04768312","285.466","0.000","0.000","0.000","0.000","0.000","0.000"
"Niger","NER","2008","0.051559046","305.838","0.000","0.000","0.000","0.000","0.000","0.000"
"Niger","NER","2009","0.059721623","346.995","0.000","0.000","0.000","0.000","0.000","0.000"
"Niger","NER","2010","0.07009443","413.755","0.000","0.000","0.000","0.000","0.000","0.000"
"Niger","NER","2011","0.07644417","400.052","0.000","0.000","0.000","0.000","0.000","0.000"
"Niger","NER","2012","0.10382003","512.047","0.000","0.000","2.564","0.000","0.000","2.564"
"Niger","NER","2013","0.112223126","554.461","0.000","0.000","2.381","0.000","0.000","2.381"
"Niger","NER","2014","0.1174162","506.644","0.000","0.000","2.381","0.000","0.000","2.381"
"Niger","NER","2015","0.110272095","514.949","0.000","0.000","1.961","0.000","0.000","1.961"
"Niger","NER","2016","0.10352625","462.736","0.000","0.000","2.000","0.000","0.000","2.000"
"Niger","NER","2017","0.10461656","433.122","0.000","0.000","1.887","0.000","0.000","1.887"
"Niger","NER","2018","0.0812783","460.168","0.000","0.000","9.259","0.000","0.000","9.259"
"Niger","NER","2019","0.10952548","468.485","0.000","0.000","8.197","0.000","0.000","8.197"
"Niger","NER","2020","0.1281763","442.419","0.000","0.000","11.628","0.000","0.000","11.628"
"Niger","NER","2021","0.10563177","409.757","0.000","0.000","11.111","0.000","0.000","11.111"
"Nigeria","NGA","2000","0.7661745","1827.256","3.887","55.830","0.000","0.000","40.212","40.283"
"Nigeria","NGA","2001","0.7717245","2013.826","3.908","56.604","0.000","0.000","39.420","39.488"
"Nigeria","NGA","2002","0.6735968","2047.175","3.677","56.846","0.000","0.000","39.429","39.478"
"Nigeria","NGA","2003","0.7290653","2100.657","3.773","58.088","0.000","0.000","38.088","38.140"
"Nigeria","NGA","2004","0.67321587","2122.096","4.000","61.376","0.000","0.000","34.538","34.624"
"Nigeria","NGA","2005","0.7010616","2259.475","3.640","62.184","0.000","0.000","34.132","34.177"
"Nigeria","NGA","2006","0.60436517","1960.876","3.947","67.877","0.000","0.000","28.131","28.176"
"Nigeria","NGA","2007","0.53612256","1749.514","3.651","68.188","0.000","0.000","28.115","28.161"
"Nigeria","NGA","2008","0.5488045","2047.778","3.277","68.570","0.000","0.000","28.103","28.153"
"Nigeria","NGA","2009","0.47535717","1250.422","3.348","72.795","0.000","0.000","23.804","23.858"
"Nigeria","NGA","2010","0.67239475","1514.104","3.294","71.274","0.000","0.000","25.352","25.432"
"Nigeria","NGA","2011","0.73588383","2095.608","3.344","73.950","0.000","0.000","22.628","22.706"
"Nigeria","NGA","2012","0.62499523","2033.544","2.967","76.374","0.073","0.000","20.513","20.659"
"Nigeria","NGA","2013","0.648446","2546.136","2.696","77.960","0.073","0.000","19.199","19.344"
"Nigeria","NGA","2014","0.6668816","2707.865","2.745","79.804","0.065","0.000","17.288","17.451"
"Nigeria","NGA","2015","0.57965857","2495.833","2.240","79.228","0.097","0.000","18.371","18.533"
"Nigeria","NGA","2016","0.5955475","2488.906","2.031","72.602","0.094","0.000","25.211","25.367"
"Nigeria","NGA","2017","0.5619865","2358.808","2.074","74.375","0.092","0.000","23.398","23.551"
"Nigeria","NGA","2018","0.52106166","2461.821","1.947","73.752","0.094","0.000","24.144","24.301"
"Nigeria","NGA","2019","0.61034876","2482.832","1.864","71.090","0.126","0.000","26.635","26.825"
"Nigeria","NGA","2020","0.58365196","2445.065","1.850","71.880","0.135","0.000","25.866","26.068"
"Nigeria","NGA","2021","0.6762326","2547.954","1.812","72.314","0.159","0.000","25.429","25.652"
"Nigeria","NGA","2022","0.58902264","","1.776","70.498","0.156","0.000","27.290","27.508"
"North Korea","PRK","2000","2.9225605","12287.299","46.133","0.000","0.000","0.000","53.867","53.867"
"North Korea","PRK","2001","3.0093186","11876.022","46.233","0.000","0.000","0.000","53.767","53.767"
"North Korea","PRK","2002","2.866764","11545.386","45.031","0.000","0.000","0.000","54.969","54.969"
"North Korea","PRK","2003","2.9116497","11428.484","42.913","0.000","0.000","0.000","57.087","57.087"
"North Korea","PRK","2004","2.9570036","11831.834","41.851","0.000","0.000","0.000","58.149","58.149"
"North Korea","PRK","2005","3.0746338","11560.980","41.415","0.000","0.000","0.000","58.585","58.585"
"North Korea","PRK","2006","3.1058812","10896.900","42.495","0.000","0.000","0.000","57.505","57.505"
"North Korea","PRK","2007","2.5755522","9940.034","37.081","0.000","0.000","0.000","62.919","62.919"
"North Korea","PRK","2008","2.8397758","10656.522","38.144","0.000","0.000","0.000","61.856","61.856"
"North Korea","PRK","2009","2.7196412","8974.746","39.580","0.000","0.000","0.000","60.420","60.420"
"North Korea","PRK","2010","2.61554","8532.009","36.930","0.000","0.000","0.000","63.070","63.070"
"North Korea","PRK","2011","1.9072018","6350.811","30.219","0.000","0.000","0.000","69.781","69.781"
"North Korea","PRK","2012","1.8544798","6045.368","28.747","0.000","0.000","0.000","71.253","71.253"
"North Korea","PRK","2013","1.4269675","4742.056","23.257","0.000","0.000","0.000","76.743","76.743"
"North Korea","PRK","2014","1.5647378","4437.806","26.358","0.000","0.057","0.000","73.585","73.642"
"North Korea","PRK","2015","1.2229646","3908.553","26.155","0.000","0.075","0.000","73.770","73.845"
"North Korea","PRK","2016","1.3322432","4500.188","23.430","0.000","0.060","0.000","76.510","76.570"
"North Korea","PRK","2017","2.700004","3657.935","19.302","0.000","0.068","0.000","80.630","80.698"
"North Korea","PRK","2018","2.4144042","3773.798","16.248","0.000","0.066","0.000","83.686","83.752"
"North Korea","PRK","2019","2.6696818","3817.566","17.945","0.000","0.149","0.000","81.906","82.055"
"North Korea","PRK","2020","2.5090284","3859.256","15.156","0.000","0.132","0.000","84.712","84.844"
"North Korea","PRK","2021","2.0573611","3833.954","16.817","0.000","0.138","0.000","83.045","83.183"
"North Macedonia","MKD","1990","5.37786","14509.268","89.739","0.000","0.000","0.000","8.522","8.522"
"North Macedonia","MKD","1991","3.788313","14458.464","84.229","0.000","0.000","0.000","14.731","14.731"
"North Macedonia","MKD","1992","4.129967","14983.443","85.008","0.000","0.000","0.000","14.003","14.003"
"North Macedonia","MKD","1993","3.7866411","15163.268","88.224","0.000","0.000","0.000","10.039","10.039"
"North Macedonia","MKD","1994","3.966162","14346.741","87.710","0.000","0.000","0.000","11.616","11.616"
"North Macedonia","MKD","1995","3.9655287","14441.307","86.297","0.000","0.000","0.000","13.051","13.051"
"North Macedonia","MKD","1996","4.678873","16688.305","86.145","0.000","0.000","0.000","12.801","12.801"
"North Macedonia","MKD","1997","4.169054","14975.063","85.587","0.000","0.000","0.000","13.373","13.373"
"North Macedonia","MKD","1998","4.7346683","16853.760","83.830","0.000","0.000","0.000","15.319","15.319"
"North Macedonia","MKD","1999","4.288241","16061.009","79.300","0.000","0.000","0.000","20.262","20.262"
"North Macedonia","MKD","2000","4.1159735","15136.714","76.505","0.000","0.000","0.000","17.181","17.181"
"North Macedonia","MKD","2001","4.0127397","14134.944","87.441","0.000","0.000","0.000","9.890","9.890"
"North Macedonia","MKD","2002","3.7779531","13736.116","84.072","0.000","0.000","0.000","12.479","12.479"
"North Macedonia","MKD","2003","4.0997686","15438.576","79.346","0.000","0.000","0.000","20.357","20.357"
"North Macedonia","MKD","2004","3.9439373","15211.423","77.477","0.000","0.000","0.000","22.222","22.222"
"North Macedonia","MKD","2005","4.113172","15711.266","78.386","0.000","0.000","0.000","21.470","21.470"
"North Macedonia","MKD","2006","4.1406145","15953.717","72.896","0.000","0.000","0.000","23.538","23.538"
"North Macedonia","MKD","2007","4.3292103","15826.587","77.077","0.000","0.000","0.000","15.538","15.538"
"North Macedonia","MKD","2008","4.315403","15306.128","83.835","0.000","0.000","0.000","13.312","13.312"
"North Macedonia","MKD","2009","4.0024796","15049.309","77.713","0.000","0.000","0.000","18.622","18.622"
"North Macedonia","MKD","2010","3.9882076","16308.639","65.289","0.413","0.000","0.000","33.471","33.471"
"North Macedonia","MKD","2011","4.3240137","16243.486","76.479","1.331","0.000","0.000","21.154","21.154"
"North Macedonia","MKD","2012","4.1713424","15064.223","77.157","4.792","0.000","0.000","16.613","16.613"
"North Macedonia","MKD","2013","3.701642","14376.997","66.174","5.911","0.164","0.000","25.944","26.108"
"North Macedonia","MKD","2014","3.5872626","13282.878","69.517","3.717","0.186","1.301","22.491","23.978"
"North Macedonia","MKD","2015","3.393199","13986.548","58.407","3.186","0.354","2.124","33.097","35.929"
"North Macedonia","MKD","2016","3.368327","14496.338","51.332","10.124","0.355","1.954","33.748","36.767"
"North Macedonia","MKD","2017","3.6529996","13935.601","60.536","14.821","0.357","1.964","19.821","23.036"
"North Macedonia","MKD","2018","3.4660208","13911.034","50.802","13.369","0.357","1.783","31.907","34.938"
"North Macedonia","MKD","2019","4.0179386","14689.626","59.796","16.354","0.341","1.704","19.761","22.828"
"North Macedonia","MKD","2020","3.7285478","12822.860","49.251","21.348","0.375","2.247","23.970","27.715"
"North Macedonia","MKD","2021","3.5212708","13448.679","39.746","28.131","0.544","1.815","26.316","29.583"
"North Macedonia","MKD","2022","3.9952326","13874.975","48.641","22.175","0.429","2.003","24.034","27.182"
"Norway","NOR","1985","7.7751675","104859.812","","","0.000","0.000","99.120","99.125"
"Norway","NOR","1986","8.347309","101942.758","","","0.000","0.000","98.887","98.913"
"Norway","NOR","1987","7.9313226","106603.047","","","0.000","0.000","99.031","99.052"
"Norway","NOR","1988","8.455139","109295.656","","","0.000","0.000","98.944","98.968"
"Norway","NOR","1989","8.078672","115963.898","","","0.000","0.000","99.331","99.356"
"Norway","NOR","1990","8.254036","116793.992","0.033","0.000","0.000","0.000","99.737","99.909"
"Norway","NOR","1991","7.8528857","107180.648","0.045","0.000","0.000","0.000","99.701","99.891"
"Norway","NOR","1992","8.026121","112226.188","0.043","0.000","0.000","0.000","99.709","99.906"
"Norway","NOR","1993","8.336998","115128.867","0.042","0.008","0.000","0.008","99.682","99.891"
"Norway","NOR","1994","8.731301","110567.258","0.053","0.134","0.000","0.009","99.501","99.750"
"Norway","NOR","1995","8.825208","116719.898","0.049","0.156","0.000","0.008","99.509","99.754"
"Norway","NOR","1996","9.481557","106524.242","0.048","0.268","0.000","0.010","99.321","99.617"
"Norway","NOR","1997","9.453828","111384.031","0.036","0.217","0.000","0.009","99.456","99.683"
"Norway","NOR","1998","9.441456","115148.039","0.034","0.189","0.000","0.009","99.476","99.716"
"Norway","NOR","1999","9.549757","117394.086","0.033","0.229","0.000","0.025","99.427","99.673"
"Norway","NOR","2000","9.381491","129255.242","0.028","0.147","0.000","0.021","99.572","99.775"
"Norway","NOR","2001","9.641643","116303.484","0.033","0.198","0.000","0.025","99.422","99.653"
"Norway","NOR","2002","9.380972","120364.250","0.031","0.154","0.000","0.061","99.424","99.677"
"Norway","NOR","2003","9.621514","105588.055","0.038","0.281","0.000","0.206","98.959","99.475"
"Norway","NOR","2004","9.638396","106903.023","0.036","0.336","0.000","0.227","98.909","99.464"
"Norway","NOR","2005","9.361427","121278.375","0.029","0.277","0.000","0.365","98.972","99.577"
"Norway","NOR","2006","9.410819","110179.180","0.033","0.388","0.000","0.529","98.580","99.430"
"Norway","NOR","2007","9.684611","117053.125","0.029","0.559","0.000","0.655","98.323","99.264"
"Norway","NOR","2008","9.373132","118381.930","0.028","0.312","0.000","0.645","98.596","99.525"
"Norway","NOR","2009","8.925522","107938.016","0.031","3.231","0.000","0.749","95.707","96.631"
"Norway","NOR","2010","9.338823","102332.453","0.032","3.900","0.000","0.715","94.841","95.840"
"Norway","NOR","2011","9.040032","102448.797","0.032","2.940","0.000","1.014","95.301","96.585"
"Norway","NOR","2012","8.819053","111982.734","0.027","1.528","0.000","1.058","96.704","97.987"
"Norway","NOR","2013","8.7673025","103711.922","0.030","1.553","0.000","1.411","96.151","97.861"
"Norway","NOR","2014","8.754434","105633.750","0.028","1.575","0.000","1.575","96.119","97.871"
"Norway","NOR","2015","8.7716675","105580.383","0.028","1.538","0.000","1.761","95.974","97.910"
"Norway","NOR","2016","8.538622","106194.953","0.027","1.492","0.000","1.431","96.409","97.995"
"Norway","NOR","2017","8.375709","105901.328","0.027","1.388","0.000","1.920","95.930","98.026"
"Norway","NOR","2018","8.37238","103558.188","0.027","1.493","0.000","2.657","95.179","97.973"
"Norway","NOR","2019","8.015733","96392.500","0.030","1.539","0.007","4.125","93.619","97.938"
"Norway","NOR","2020","7.672967","103888.891","0.026","1.043","0.091","6.423","91.905","98.574"
"Norway","NOR","2021","7.591971","105328.086","0.025","0.197","0.108","7.489","91.576","99.313"
"Norway","NOR","2022","7.4829626","96926.234","0.026","0.511","0.111","10.407","88.270","98.972"
"Oman","OMN","1985","6.522544","24303.521","","","0.000","0.000","0.000","0.000"
"Oman","OMN","1986","6.9738245","24565.830","","","0.000","0.000","0.000","0.000"
"Oman","OMN","1987","6.29163","24103.346","","","0.000","0.000","0.000","0.000"
"Oman","OMN","1988","6.649783","23387.941","","","0.000","0.000","0.000","0.000"
"Oman","OMN","1989","5.9902954","23185.213","","","0.000","0.000","0.000","0.000"
"Oman","OMN","1990","6.3975863","25811.695","","","0.000","0.000","0.000","0.000"
"Oman","OMN","1991","6.296853","32077.758","","","0.000","0.000","0.000","0.000"
"Oman","OMN","1992","6.168484","30367.953","","","0.000","0.000","0.000","0.000"
"Oman","OMN","1993","6.574442","28068.113","","","0.000","0.000","0.000","0.000"
"Oman","OMN","1994","8.389684","25534.031","","","0.000","0.000","0.000","0.000"
"Oman","OMN","1995","8.873414","29375.076","","","0.000","0.000","0.000","0.000"
"Oman","OMN","1996","8.436642","29626.945","","","0.000","0.000","0.000","0.000"
"Oman","OMN","1997","8.282418","30043.963","","","0.000","0.000","0.000","0.000"
"Oman","OMN","1998","8.343377","30345.678","","","0.000","0.000","0.000","0.000"
"Oman","OMN","1999","9.798938","33996.680","","","0.000","0.000","0.000","0.000"
"Oman","OMN","2000","10.509595","47317.117","0.000","100.000","0.000","0.000","0.000","0.000"
"Oman","OMN","2001","9.744401","51864.105","0.000","100.000","0.000","0.000","0.000","0.000"
"Oman","OMN","2002","11.543568","55331.734","0.000","100.000","0.000","0.000","0.000","0.000"
"Oman","OMN","2003","14.621943","56736.633","0.000","100.000","0.000","0.000","0.000","0.000"
"Oman","OMN","2004","12.161969","51916.520","0.000","100.000","0.000","0.000","0.000","0.000"
"Oman","OMN","2005","12.942205","61629.492","0.000","100.000","0.000","0.000","0.000","0.000"
"Oman","OMN","2006","16.084703","66495.539","0.000","100.000","0.000","0.000","0.000","0.000"
"Oman","OMN","2007","17.628532","66225.367","0.000","100.000","0.000","0.000","0.000","0.000"
"Oman","OMN","2008","18.060146","75738.219","0.000","100.000","0.000","0.000","0.000","0.000"
"Oman","OMN","2009","16.57708","73844.125","0.000","100.000","0.000","0.000","0.000","0.000"
"Oman","OMN","2010","18.650982","82213.055","0.000","100.000","0.000","0.000","0.000","0.000"
"Oman","OMN","2011","18.625143","80976.867","0.000","100.000","0.000","0.000","0.000","0.000"
"Oman","OMN","2012","17.790545","80129.000","0.000","100.000","0.000","0.000","0.000","0.000"
"Oman","OMN","2013","17.107052","83183.344","0.000","100.000","0.000","0.000","0.000","0.000"
"Oman","OMN","2014","16.537405","78766.812","0.000","100.000","0.000","0.000","0.000","0.000"
"Oman","OMN","2015","16.220999","80343.992","0.000","100.000","0.000","0.000","0.000","0.000"
"Oman","OMN","2016","15.0857725","76792.227","0.000","100.000","0.000","0.000","0.000","0.000"
"Oman","OMN","2017","14.621537","77804.742","0.000","99.941","0.059","0.000","0.000","0.059"
"Oman","OMN","2018","15.37186","81662.578","0.000","99.944","0.056","0.000","0.000","0.056"
"Oman","OMN","2019","15.689613","81070.859","0.000","99.945","0.055","0.000","0.000","0.055"
"Oman","OMN","2020","15.886151","79038.305","0.000","99.621","0.379","0.000","0.000","0.379"
"Oman","OMN","2021","16.674276","87160.523","0.000","99.562","0.438","0.000","0.000","0.438"
"Oman","OMN","2022","16.488375","90751.438","0.000","99.569","0.431","0.000","0.000","0.431"
"Pakistan","PAK","1985","0.47657418","2246.296","","","0.000","0.000","45.183","45.183"
"Pakistan","PAK","1986","0.48282826","2298.183","","","0.000","0.000","38.500","38.500"
"Pakistan","PAK","1987","0.5040272","2488.094","","","0.000","0.000","45.049","45.049"
"Pakistan","PAK","1988","0.5298461","2552.250","","","0.000","0.000","42.204","42.204"
"Pakistan","PAK","1989","0.5369274","2617.031","","","0.000","0.000","40.750","40.750"
"Pakistan","PAK","1990","0.5839355","2646.973","","","0.000","0.000","37.154","37.154"
"Pakistan","PAK","1991","0.56202626","2715.528","","","0.000","0.000","36.406","36.406"
"Pakistan","PAK","1992","0.58289564","2778.575","","","0.000","0.000","37.228","37.228"
"Pakistan","PAK","1993","0.60758656","2997.401","","","0.000","0.000","38.472","38.472"
"Pakistan","PAK","1994","0.6425968","3012.739","","","0.000","0.000","37.165","37.165"
"Pakistan","PAK","1995","0.6212881","3085.091","","","0.000","0.000","35.681","35.681"
"Pakistan","PAK","1996","0.67511857","3187.431","","","0.000","0.000","36.701","36.701"
"Pakistan","PAK","1997","0.65801567","2992.172","","","0.000","0.000","29.523","29.523"
"Pakistan","PAK","1998","0.6602456","3119.748","","","0.000","0.000","36.309","36.309"
"Pakistan","PAK","1999","0.66010743","3164.593","","","0.000","0.000","32.931","32.931"
"Pakistan","PAK","2000","0.67110217","3133.734","0.836","46.751","0.000","0.000","26.845","28.060"
"Pakistan","PAK","2001","0.6617698","3109.893","0.799","45.476","0.000","0.000","27.233","28.381"
"Pakistan","PAK","2002","0.67739564","3148.968","0.759","43.553","0.000","0.000","30.549","31.681"
"Pakistan","PAK","2003","0.677049","3355.333","0.723","41.133","0.000","0.000","34.422","35.480"
"Pakistan","PAK","2004","0.7276534","3651.140","0.752","43.111","0.000","0.000","31.316","32.462"
"Pakistan","PAK","2005","0.7406387","3707.498","0.725","41.102","0.000","0.000","34.085","35.167"
"Pakistan","PAK","2006","0.7675285","3826.202","0.721","41.459","0.000","0.000","33.538","34.630"
"Pakistan","PAK","2007","0.8040892","3981.929","0.749","42.950","0.000","0.000","31.306","32.529"
"Pakistan","PAK","2008","0.78048605","3915.401","0.752","43.224","0.000","0.000","31.358","32.680"
"Pakistan","PAK","2009","0.76323503","3879.560","0.759","43.430","0.000","0.011","30.150","31.494"
"Pakistan","PAK","2010","0.7403367","3809.428","0.656","41.717","0.011","0.011","33.333","34.508"
"Pakistan","PAK","2011","0.7336991","3727.354","0.654","43.130","0.032","0.021","29.769","30.971"
"Pakistan","PAK","2012","0.7249827","3401.662","0.612","42.834","0.071","0.010","30.133","31.295"
"Pakistan","PAK","2013","0.7020431","3661.008","0.619","43.353","0.133","0.381","30.068","31.697"
"Pakistan","PAK","2014","0.7038469","3725.951","0.559","45.072","0.224","0.745","29.952","32.122"
"Pakistan","PAK","2015","0.66682756","3867.193","0.543","45.166","0.338","0.703","30.529","32.781"
"Pakistan","PAK","2016","0.80286133","4163.392","0.841","47.408","0.550","1.076","25.766","28.823"
"Pakistan","PAK","2017","0.9494198","4348.830","8.641","43.654","0.699","1.596","21.014","24.616"
"Pakistan","PAK","2018","0.8967553","4419.168","8.142","42.137","0.658","2.259","26.455","30.493"
"Pakistan","PAK","2019","0.8267986","4400.116","12.402","39.381","0.684","2.117","25.935","29.788"
"Pakistan","PAK","2020","0.91705513","4301.192","12.062","38.274","0.752","2.104","27.309","31.188"
"Pakistan","PAK","2021","1.0170143","4683.573","11.853","36.765","0.839","1.918","25.971","29.726"
"Pakistan","PAK","2022","0.8697954","4242.753","9.496","35.276","0.940","2.707","23.927","28.685"
"Palestine","PSE","2001","0.41473454","2421.331","0.000","100.000","0.000","0.000","0.000","0.000"
"Palestine","PSE","2002","0.34739068","2188.220","0.000","50.000","0.000","0.000","0.000","0.000"
"Palestine","PSE","2003","0.37523407","2295.478","0.000","50.000","0.000","0.000","0.000","0.000"
"Palestine","PSE","2004","0.63049203","3414.642","0.000","50.000","0.000","0.000","0.000","0.000"
"Palestine","PSE","2005","0.7693831","4088.966","0.000","50.000","0.000","0.000","0.000","0.000"
"Palestine","PSE","2006","0.6222102","3524.347","0.000","50.000","0.000","0.000","0.000","0.000"
"Palestine","PSE","2007","0.62264663","3541.695","0.000","50.000","0.000","0.000","0.000","0.000"
"Palestine","PSE","2008","0.5358629","3315.866","0.000","50.000","0.000","0.000","0.000","0.000"
"Palestine","PSE","2009","0.53260636","3321.987","0.000","50.000","0.000","0.000","0.000","0.000"
"Palestine","PSE","2010","0.5062389","3243.116","0.000","50.000","0.000","0.000","0.000","0.000"
"Palestine","PSE","2011","0.5456948","3521.862","0.000","50.000","0.000","0.000","0.000","0.000"
"Palestine","PSE","2012","0.5206573","3442.585","0.000","50.000","0.000","0.000","0.000","0.000"
"Palestine","PSE","2013","0.56463766","3573.091","0.000","50.000","0.000","0.000","0.000","0.000"
"Palestine","PSE","2014","0.6422121","3767.683","0.000","50.000","0.000","0.000","0.000","0.000"
"Palestine","PSE","2015","0.6636677","4085.648","0.000","45.833","2.083","0.000","0.000","2.083"
"Palestine","PSE","2016","0.69835776","4188.031","0.000","43.137","7.843","0.000","0.000","7.843"
"Palestine","PSE","2017","0.6883403","4108.217","0.000","42.308","9.615","0.000","0.000","9.615"
"Palestine","PSE","2018","0.60958487","4097.168","0.000","40.000","15.000","0.000","0.000","15.000"
"Palestine","PSE","2019","0.65848595","4185.992","0.000","38.961","15.584","0.000","0.000","15.584"
"Palestine","PSE","2020","0.6562355","3990.178","0.000","36.250","22.500","0.000","0.000","22.500"
"Palestine","PSE","2021","0.7009545","3999.195","0.000","36.047","23.256","0.000","0.000","23.256"
"Panama","PAN","2000","1.8721396","22342.990","0.000","0.000","0.000","0.000","71.008","71.429"
"Panama","PAN","2001","2.2509563","22268.619","0.000","0.000","0.000","0.000","50.000","50.810"
"Panama","PAN","2002","1.8246654","21577.676","0.000","0.000","0.000","0.000","65.437","66.019"
"Panama","PAN","2003","1.8586432","21345.660","0.000","0.000","0.000","0.000","51.948","52.690"
"Panama","PAN","2004","1.6931334","21352.857","0.000","0.000","0.000","0.000","66.786","67.321"
"Panama","PAN","2005","2.0349927","20928.799","0.000","0.000","0.000","0.000","65.079","65.608"
"Panama","PAN","2006","2.1576018","22302.521","0.000","0.000","0.000","0.000","60.410","61.092"
"Panama","PAN","2007","2.075219","20661.121","0.000","0.000","0.000","0.000","57.437","58.070"
"Panama","PAN","2008","1.9450976","23762.428","0.000","0.000","0.000","0.000","62.981","63.942"
"Panama","PAN","2009","2.2588375","22608.205","0.000","0.000","0.000","0.000","57.270","58.160"
"Panama","PAN","2010","2.4967968","25191.672","0.000","0.000","0.000","0.000","58.042","58.741"
"Panama","PAN","2011","2.6802132","24962.391","4.894","0.000","0.000","0.000","53.704","54.762"
"Panama","PAN","2012","2.5378184","27223.264","4.426","0.000","0.000","0.000","63.756","64.833"
"Panama","PAN","2013","2.685683","26325.066","4.614","0.000","0.000","0.000","58.824","59.977"
"Panama","PAN","2014","2.746235","26454.377","3.952","0.000","0.120","1.437","59.641","62.156"
"Panama","PAN","2015","2.689891","28399.344","2.888","0.000","0.214","4.492","66.203","71.551"
"Panama","PAN","2016","2.564798","29494.584","2.700","0.000","0.800","6.300","64.600","72.400"
"Panama","PAN","2017","2.334379","31180.088","2.540","0.000","1.505","4.610","67.545","74.318"
"Panama","PAN","2018","2.1884246","31255.303","3.947","3.571","2.444","5.545","73.872","82.143"
"Panama","PAN","2019","2.9397075","27875.500","9.336","8.373","3.272","7.026","49.086","60.058"
"Panama","PAN","2020","1.5273576","27640.848","6.154","5.430","3.348","5.249","66.516","75.566"
"Panama","PAN","2021","2.334559","27067.068","7.507","6.702","3.753","5.898","64.343","74.531"
"Papua New Guinea","PNG","2000","0.53058714","2747.343","0.000","0.000","0.000","0.000","43.602","45.972"
"Papua New Guinea","PNG","2001","0.58235204","3037.213","0.000","0.000","0.000","0.000","35.521","38.610"
"Papua New Guinea","PNG","2002","0.6188555","3073.672","0.000","0.000","0.000","0.000","33.333","36.232"
"Papua New Guinea","PNG","2003","0.66189414","3376.062","0.000","0.000","0.000","0.000","29.677","34.516"
"Papua New Guinea","PNG","2004","0.740686","3651.766","0.000","0.000","0.000","0.000","27.987","32.704"
"Papua New Guinea","PNG","2005","0.7625308","3417.074","0.000","0.000","0.000","0.000","26.426","38.438"
"Papua New Guinea","PNG","2006","0.7485404","3393.203","0.000","0.000","0.000","0.000","26.154","38.462"
"Papua New Guinea","PNG","2007","0.94510376","3544.432","0.000","0.000","0.000","0.000","25.449","40.120"
"Papua New Guinea","PNG","2008","0.77190316","3056.953","0.000","0.000","0.000","0.000","25.915","40.854"
"Papua New Guinea","PNG","2009","0.71081686","3259.054","0.000","0.000","0.000","0.000","25.373","39.403"
"Papua New Guinea","PNG","2010","0.6176331","2867.584","0.000","0.000","0.000","0.000","25.074","38.938"
"Papua New Guinea","PNG","2011","0.6741552","2917.431","0.000","0.000","0.000","0.000","27.195","40.227"
"Papua New Guinea","PNG","2012","0.54105073","2741.809","0.000","0.000","0.000","0.000","26.870","39.612"
"Papua New Guinea","PNG","2013","0.54584146","2730.934","0.000","0.000","0.000","0.000","25.916","38.482"
"Papua New Guinea","PNG","2014","0.71859366","2816.402","0.000","0.000","0.000","0.000","25.124","37.065"
"Papua New Guinea","PNG","2015","0.7224157","3170.520","0.000","0.000","0.000","0.000","24.096","35.663"
"Papua New Guinea","PNG","2016","0.7837863","3283.417","0.000","0.000","0.000","0.000","23.419","34.660"
"Papua New Guinea","PNG","2017","0.7136226","3098.138","0.000","0.000","0.000","0.000","18.545","29.812"
"Papua New Guinea","PNG","2018","0.8085464","3150.152","0.000","0.000","0.000","0.000","17.727","28.864"
"Papua New Guinea","PNG","2019","0.78912693","3159.517","0.000","0.000","0.000","0.000","18.018","28.829"
"Papua New Guinea","PNG","2020","0.8059286","2163.870","0.000","0.000","0.000","0.000","17.241","27.586"
"Papua New Guinea","PNG","2021","0.78629434","2123.498","0.000","0.000","0.000","0.000","16.461","26.543"
"Paraguay","PRY","2000","0.70428723","24335.996","0.000","0.000","0.000","0.000","99.981","99.981"
"Paraguay","PRY","2001","0.71077317","21277.064","0.000","0.000","0.000","0.000","99.978","99.978"
"Paraguay","PRY","2002","0.7323757","21856.117","0.000","0.000","0.000","0.000","99.979","99.979"
"Paraguay","PRY","2003","0.7558346","22881.867","0.000","0.000","0.000","0.000","99.961","99.961"
"Paraguay","PRY","2004","0.7530441","22449.500","0.000","0.000","0.000","0.000","100.000","100.000"
"Paraguay","PRY","2005","0.6924381","21752.111","0.000","0.000","0.000","0.000","100.000","100.000"
"Paraguay","PRY","2006","0.70852304","22537.387","0.000","0.000","0.000","0.000","100.000","100.000"
"Paraguay","PRY","2007","0.7269179","22409.062","0.000","0.000","0.000","0.000","100.000","100.000"
"Paraguay","PRY","2008","0.7605801","22887.295","0.000","0.000","0.000","0.000","100.000","100.000"
"Paraguay","PRY","2009","0.79787993","22453.984","0.000","0.000","0.000","0.000","100.000","100.000"
"Paraguay","PRY","2010","0.873277","22447.141","0.000","0.000","0.000","0.000","100.000","100.000"
"Paraguay","PRY","2011","0.89283776","23345.691","0.000","0.000","0.000","0.000","100.000","100.000"
"Paraguay","PRY","2012","0.87487036","23638.725","0.000","0.000","0.000","0.000","100.000","100.000"
"Paraguay","PRY","2013","0.86403793","23514.254","0.000","0.000","0.000","0.000","99.766","99.933"
"Paraguay","PRY","2014","0.8980856","21944.449","0.000","0.000","0.000","0.000","99.727","99.927"
"Paraguay","PRY","2015","0.9815504","22191.486","0.000","0.000","0.000","0.000","99.729","99.928"
"Paraguay","PRY","2016","1.1500028","24718.906","0.000","0.000","0.000","0.000","99.731","100.000"
"Paraguay","PRY","2017","1.2525467","23435.645","0.000","0.000","0.000","0.000","99.764","100.000"
"Paraguay","PRY","2018","1.3230258","23139.457","0.000","0.000","0.000","0.000","99.779","100.000"
"Paraguay","PRY","2019","1.2691232","19903.920","0.000","0.000","0.000","0.000","99.735","99.857"
"Paraguay","PRY","2020","1.1272037","18493.115","0.000","0.000","0.000","0.000","99.720","99.849"
"Paraguay","PRY","2021","1.2248267","15782.273","0.000","0.000","0.000","0.000","99.675","99.825"
"Peru","PER","1985","0.9901474","5194.652","","","0.000","0.000","77.467","78.862"
"Peru","PER","1986","1.0824163","5467.233","","","0.000","0.000","77.695","78.885"
"Peru","PER","1987","1.2483368","5835.849","","","0.000","0.000","77.667","78.638"
"Peru","PER","1988","1.1882448","5542.617","","","0.000","0.000","76.911","77.915"
"Peru","PER","1989","1.0106592","4992.290","","","0.000","0.000","76.543","77.599"
"Peru","PER","1990","0.9721106","4840.403","","","0.000","0.000","75.818","76.803"
"Peru","PER","1991","0.92323846","4700.407","","","0.000","0.000","79.354","80.272"
"Peru","PER","1992","0.9145589","4484.476","","","0.000","0.000","73.838","74.851"
"Peru","PER","1993","1.0201153","4803.711","","","0.000","0.000","79.680","80.416"
"Peru","PER","1994","1.0123552","5120.706","","","0.000","0.000","80.342","81.092"
"Peru","PER","1995","1.032615","5453.049","","","","0.000","76.644","77.485"
"Peru","PER","1996","0.99620783","5517.963","","","","0.002","77.105","77.900"
"Peru","PER","1997","1.0978477","5313.081","","","","0.003","73.604","74.466"
"Peru","PER","1998","1.0904388","5385.502","","","","0.003","74.308","74.989"
"Peru","PER","1999","1.1289179","5433.182","","","","0.003","76.330","77.063"
"Peru","PER","2000","1.0781703","5528.503","1.177","2.610","0.000","0.000","81.934","82.242"
"Peru","PER","2001","0.936789","5407.231","0.979","2.253","0.000","0.000","85.357","85.602"
"Peru","PER","2002","0.9378315","5472.090","1.204","2.733","0.000","0.000","82.723","83.048"
"Peru","PER","2003","0.9033261","5345.900","1.289","2.890","0.000","0.000","81.592","81.992"
"Peru","PER","2004","1.0233892","5642.667","1.887","4.319","0.000","0.000","72.746","73.333"
"Peru","PER","2005","1.0789979","5816.902","1.855","6.038","0.000","0.000","70.639","71.231"
"Peru","PER","2006","0.9991095","5834.625","1.347","9.577","0.000","0.000","72.989","73.438"
"Peru","PER","2007","1.2115691","6303.571","1.682","11.908","0.000","0.000","66.404","66.781"
"Peru","PER","2008","1.2386353","6757.025","1.936","13.679","0.000","0.000","59.213","59.775"
"Peru","PER","2009","1.364297","6840.561","1.579","14.967","0.000","0.000","61.320","62.204"
"Peru","PER","2010","1.4613583","7707.480","1.721","16.424","0.000","0.000","57.876","58.722"
"Peru","PER","2011","1.4443991","8431.997","2.053","19.413","0.000","0.000","56.987","58.267"
"Peru","PER","2012","1.5400378","8629.543","1.224","28.404","0.234","0.000","55.038","56.470"
"Peru","PER","2013","1.4326204","8741.407","1.297","31.621","0.576","0.000","53.037","54.862"
"Peru","PER","2014","1.6399359","8856.475","1.334","32.827","0.575","0.598","50.564","53.048"
"Peru","PER","2015","1.6154937","9171.356","1.103","34.681","0.627","1.297","50.746","53.751"
"Peru","PER","2016","1.7072773","9602.029","1.123","36.329","0.622","2.126","47.984","52.056"
"Peru","PER","2017","1.7470704","9605.620","0.972","32.005","0.686","2.040","54.842","58.788"
"Peru","PER","2018","1.7560439","9887.749","0.878","30.834","1.372","2.743","55.614","60.863"
"Peru","PER","2019","1.8079982","9949.632","0.884","30.776","1.379","2.917","55.259","60.827"
"Peru","PER","2020","1.4384526","8365.432","0.814","28.379","1.496","3.427","57.743","63.839"
"Peru","PER","2021","1.8084831","9412.289","0.860","30.169","1.410","3.113","54.850","60.561"
"Peru","PER","2022","1.9352938","9835.475","0.913","35.441","1.410","3.252","49.278","55.085"
"Philippines","PHL","1985","0.5045075","2464.009","","","0.000","0.000","24.392","50.493"
"Philippines","PHL","1986","0.5114189","2444.717","","","0.000","0.000","28.688","55.260"
"Philippines","PHL","1987","0.5577806","2584.316","","","0.000","0.000","23.174","44.797"
"Philippines","PHL","1988","0.626208","2785.034","","","0.000","0.000","25.527","46.811"
"Philippines","PHL","1989","0.6338742","2943.833","","","0.000","0.000","25.359","47.654"
"Philippines","PHL","1990","0.6487035","3047.123","","","0.000","0.000","23.026","45.420"
"Philippines","PHL","1991","0.665936","2929.079","","","0.000","0.000","20.059","42.508"
"Philippines","PHL","1992","0.7246253","3068.949","","","0.000","0.000","17.163","39.196"
"Philippines","PHL","1993","0.715853","3288.423","","","0.000","0.000","18.925","40.246"
"Philippines","PHL","1994","0.7748366","3346.220","","","0.000","0.000","19.246","39.995"
"Philippines","PHL","1995","0.8394482","3733.461","","","0.000","0.000","18.573","36.857"
"Philippines","PHL","1996","0.8371868","3904.683","","","0.000","0.000","19.152","36.952"
"Philippines","PHL","1997","0.93557286","4157.918","","","0.000","0.000","15.250","33.435"
"Philippines","PHL","1998","0.88900596","4044.864","","","0.000","0.000","12.184","33.624"
"Philippines","PHL","1999","0.86549443","4002.267","","","0.000","0.000","18.923","44.492"
"Philippines","PHL","2000","0.8975363","3945.095","29.455","4.054","0.000","0.000","17.682","44.366"
"Philippines","PHL","2001","0.8574645","3776.745","30.252","8.337","0.000","0.000","15.546","38.700"
"Philippines","PHL","2002","0.8365551","3717.366","25.392","18.491","0.000","0.000","14.965","37.024"
"Philippines","PHL","2003","0.8202433","3758.512","26.268","19.124","0.000","0.000","15.374","34.813"
"Philippines","PHL","2004","0.8333714","3771.797","26.132","19.031","0.000","0.000","15.862","35.079"
"Philippines","PHL","2005","0.8218276","3713.324","26.315","19.173","0.000","0.037","15.316","33.678"
"Philippines","PHL","2006","0.73339576","3471.664","25.812","17.556","0.000","0.092","18.052","37.406"
"Philippines","PHL","2007","0.7687051","3535.236","27.641","18.795","0.000","0.105","14.854","32.930"
"Philippines","PHL","2008","0.8263837","3587.580","26.565","18.059","0.000","0.103","16.704","35.260"
"Philippines","PHL","2009","0.8007766","3563.593","26.887","18.278","0.000","0.101","16.324","34.131"
"Philippines","PHL","2010","0.8537299","3601.579","30.603","19.227","0.000","0.093","11.932","28.053"
"Philippines","PHL","2011","0.844595","3608.626","31.130","18.487","0.000","0.130","13.887","29.061"
"Philippines","PHL","2012","0.8732301","3668.367","31.078","18.455","0.000","0.110","13.927","28.897"
"Philippines","PHL","2013","0.92896587","3865.761","33.147","17.238","0.000","0.093","13.184","26.821"
"Philippines","PHL","2014","0.9644077","4002.745","33.515","17.178","0.026","0.194","11.715","26.123"
"Philippines","PHL","2015","1.0544406","4314.064","35.020","16.272","0.170","0.910","10.411","26.198"
"Philippines","PHL","2016","1.1262923","4629.118","37.382","17.001","1.211","1.079","8.842","24.642"
"Philippines","PHL","2017","1.235442","4989.890","38.695","16.232","1.271","1.155","10.087","24.740"
"Philippines","PHL","2018","1.2776358","5040.644","40.569","15.594","1.253","1.153","9.310","23.782"
"Philippines","PHL","2019","1.2869601","5104.391","44.834","14.668","1.188","0.980","7.485","21.474"
"Philippines","PHL","2020","1.1728759","4565.338","45.189","14.120","1.356","1.005","7.601","22.648"
"Philippines","PHL","2021","1.2402151","4791.938","45.042","14.074","1.386","1.081","7.393","22.133"
"Philippines","PHL","2022","1.3246514","5066.786","46.310","12.693","1.605","0.843","7.779","22.583"
"Poland","POL","1985","11.948963","39442.582","95.503","0.059","0.000","0.000","1.345","1.633"
"Poland","POL","1986","12.064739","40274.805","95.714","0.045","0.000","0.000","1.104","1.366"
"Poland","POL","1987","12.311895","41340.035","95.717","0.113","0.000","0.000","1.139","1.271"
"Poland","POL","1988","11.746854","40381.410","95.753","0.067","0.000","0.000","1.242","1.307"
"Poland","POL","1989","11.129813","38733.824","96.015","0.079","0.000","0.000","1.106","1.177"
"Poland","POL","1990","9.889295","31797.018","96.965","0.097","0.000","0.000","1.071","1.108"
"Poland","POL","1991","9.786034","31025.543","97.009","0.083","0.000","0.000","1.070","1.130"
"Poland","POL","1992","9.527805","29603.373","96.855","0.077","0.000","0.000","1.155","1.240"
"Poland","POL","1993","9.530198","29537.271","96.881","0.076","0.000","0.000","1.131","1.176"
"Poland","POL","1994","9.38838","28225.850","96.324","0.113","0.000","0.000","1.298","1.335"
"Poland","POL","1995","9.448353","28871.494","96.147","0.190","0.000","0.000","1.379","1.430"
"Poland","POL","1996","9.831252","30310.082","95.956","0.227","0.000","0.000","1.367","1.459"
"Poland","POL","1997","9.575367","30017.113","95.601","0.156","0.000","0.000","1.391","1.511"
"Poland","POL","1998","8.84455","28770.186","95.354","0.220","0.000","0.000","1.641","1.797"
"Poland","POL","1999","8.598169","28228.996","95.243","0.443","0.000","0.000","1.536","1.672"
"Poland","POL","2000","8.293836","26426.166","94.909","0.650","0.000","0.000","1.474","1.627"
"Poland","POL","2001","8.190556","26135.066","93.912","0.946","0.000","0.007","1.621","1.934"
"Poland","POL","2002","8.000449","25864.023","93.298","1.544","0.000","0.042","1.600","1.944"
"Poland","POL","2003","8.343018","26777.979","93.767","1.613","0.000","0.080","1.113","1.500"
"Poland","POL","2004","8.478947","26977.344","92.684","2.115","0.000","0.092","1.366","2.102"
"Poland","POL","2005","8.461171","27590.934","91.506","3.328","0.000","0.090","1.419","2.483"
"Poland","POL","2006","8.835748","28976.988","91.624","2.854","0.000","0.162","1.271","2.674"
"Poland","POL","2007","8.830378","28913.844","90.852","2.826","0.000","0.328","1.483","3.426"
"Poland","POL","2008","8.670105","29419.189","89.815","3.026","0.000","0.543","1.390","4.274"
"Poland","POL","2009","8.312326","28364.893","88.279","3.170","0.000","0.715","1.575","5.752"
"Poland","POL","2010","8.768195","30213.855","86.949","3.057","0.000","1.057","1.860","6.930"
"Poland","POL","2011","8.725933","30370.395","85.737","3.570","0.000","1.963","1.429","8.055"
"Poland","POL","2012","8.517539","29494.252","83.258","3.873","0.000","2.939","1.262","10.444"
"Poland","POL","2013","8.409914","29578.533","84.022","3.215","0.000","3.661","1.489","10.408"
"Poland","POL","2014","8.086096","28535.256","81.778","3.365","0.006","4.849","1.376","12.533"
"Poland","POL","2015","8.167728","28851.459","79.469","3.891","0.037","6.612","1.114","13.815"
"Poland","POL","2016","8.449371","30122.609","78.463","4.714","0.072","7.580","1.288","13.734"
"Poland","POL","2017","8.796377","31295.422","77.185","5.902","0.100","8.774","1.507","14.200"
"Poland","POL","2018","8.779007","31661.174","77.031","7.452","0.177","7.552","1.162","12.756"
"Poland","POL","2019","8.304427","30777.799","72.461","9.078","0.435","9.268","1.202","15.616"
"Poland","POL","2020","7.914448","29514.133","68.347","11.003","1.247","10.055","1.349","17.965"
"Poland","POL","2021","8.693247","32001.074","71.360","8.849","2.198","9.079","1.309","17.095"
"Poland","POL","2022","8.20336","30065.420","69.214","7.033","4.545","11.021","1.149","21.043"
"Portugal","PRT","1985","2.718878","15068.077","","","0.000","0.000","56.577","59.476"
"Portugal","PRT","1986","3.0242019","15925.963","","","0.000","0.000","41.828","44.805"
"Portugal","PRT","1987","3.1192136","16283.311","","","0.000","0.000","45.458","48.508"
"Portugal","PRT","1988","3.255262","18061.990","","","0.000","0.000","54.395","57.299"
"Portugal","PRT","1989","4.0816593","19507.555","","","0.004","0.004","22.547","25.116"
"Portugal","PRT","1990","4.5358243","19831.852","31.980","0.000","0.000","0.000","32.263","34.698"
"Portugal","PRT","1991","4.702432","20623.279","32.806","0.000","0.000","0.000","30.384","33.109"
"Portugal","PRT","1992","5.1159587","20856.533","34.347","0.000","0.000","0.000","15.569","18.541"
"Portugal","PRT","1993","4.9606175","21433.785","36.722","0.000","0.000","0.032","27.493","30.429"
"Portugal","PRT","1994","5.0250344","22151.631","36.929","0.000","0.000","0.064","33.993","37.121"
"Portugal","PRT","1995","5.4330335","24196.691","40.452","0.000","0.000","0.060","25.128","28.296"
"Portugal","PRT","1996","5.145144","24861.070","36.472","0.000","0.000","0.058","42.865","45.859"
"Portugal","PRT","1997","5.4071655","25112.330","37.961","0.264","0.000","0.117","38.371","41.681"
"Portugal","PRT","1998","5.8281155","27262.018","30.789","5.191","0.000","0.231","33.359","36.366"
"Portugal","PRT","1999","6.547137","27735.396","35.073","18.807","0.000","0.280","16.919","20.089"
"Portugal","PRT","2000","6.369969","28476.131","33.656","16.459","0.000","0.392","26.095","29.668"
"Portugal","PRT","2001","6.2956595","28699.385","29.478","15.616","0.000","0.563","30.388","34.091"
"Portugal","PRT","2002","6.682252","28321.012","33.319","19.803","0.000","0.789","17.087","21.314"
"Portugal","PRT","2003","6.1680245","28965.469","31.234","16.638","0.000","1.075","33.792","38.048"
"Portugal","PRT","2004","6.421131","28331.549","33.155","26.082","0.000","1.830","22.021","27.465"
"Portugal","PRT","2005","6.6304703","28219.037","32.980","29.472","0.000","3.833","10.243","17.865"
"Portugal","PRT","2006","6.162616","27957.990","30.801","25.407","0.000","6.033","22.648","32.366"
"Portugal","PRT","2007","5.9145875","28116.701","26.445","27.980","0.043","8.616","21.518","34.570"
"Portugal","PRT","2008","5.680534","27100.385","24.626","33.421","0.088","12.665","14.952","32.190"
"Portugal","PRT","2009","5.403325","27307.855","26.071","29.729","0.323","15.319","16.734","36.964"
"Portugal","PRT","2010","4.9996824","28813.400","13.224","27.752","0.391","17.098","30.080","52.803"
"Portugal","PRT","2011","4.9051266","27547.613","18.986","28.759","0.540","17.656","22.244","46.473"
"Portugal","PRT","2012","4.7494764","25259.119","28.725","23.415","0.856","22.515","12.333","42.506"
"Portugal","PRT","2013","4.603641","27884.039","23.432","14.308","0.950","23.768","27.172","58.322"
"Portugal","PRT","2014","4.607092","28600.113","22.998","13.145","1.212","23.306","29.965","60.758"
"Portugal","PRT","2015","5.03681","28096.076","28.730","20.597","1.560","22.645","16.891","47.533"
"Portugal","PRT","2016","4.8626604","30146.477","21.360","21.275","1.471","21.089","26.585","54.625"
"Portugal","PRT","2017","5.339853","29287.125","25.425","32.738","1.716","21.231","10.225","39.133"
"Portugal","PRT","2018","4.972253","29893.375","20.562","26.725","1.729","21.606","21.212","50.351"
"Portugal","PRT","2019","4.6004105","28468.561","10.690","33.366","2.590","26.426","17.050","52.987"
"Portugal","PRT","2020","4.024692","25782.078","4.579","34.148","3.337","23.865","23.438","58.421"
"Portugal","PRT","2021","3.8783576","25884.490","1.618","31.493","4.531","26.739","24.090","63.815"
"Portugal","PRT","2022","3.9092069","25094.396","0.128","36.968","6.537","28.258","16.163","59.817"
"Puerto Rico","PRI","2000","","33807.605","0.000","0.000","0.000","0.000","0.688","0.688"
"Puerto Rico","PRI","2001","","36749.922","0.000","0.000","0.000","0.000","0.583","0.583"
"Puerto Rico","PRI","2002","","37742.359","0.000","0.000","0.000","0.000","0.475","0.475"
"Puerto Rico","PRI","2003","","39338.191","0.000","0.000","0.000","0.000","0.418","0.418"
"Puerto Rico","PRI","2004","","40723.621","0.000","0.000","0.000","0.000","0.580","0.580"
"Puerto Rico","PRI","2005","","39564.488","0.000","0.000","0.000","0.000","0.561","0.561"
"Puerto Rico","PRI","2006","","36062.957","0.000","0.000","0.000","0.000","0.587","0.587"
"Puerto Rico","PRI","2007","","34952.594","0.000","0.000","0.000","0.000","0.717","0.717"
"Puerto Rico","PRI","2008","","32875.305","0.000","0.000","0.000","0.000","0.765","0.765"
"Puerto Rico","PRI","2009","","30928.209","0.000","0.000","0.000","0.000","0.821","0.821"
"Puerto Rico","PRI","2010","","26371.678","0.000","0.000","0.000","0.000","0.766","0.766"
"Puerto Rico","PRI","2011","","28760.348","0.000","0.000","0.000","0.000","0.749","0.749"
"Puerto Rico","PRI","2012","","30574.373","0.000","0.000","0.094","0.047","0.425","0.566"
"Puerto Rico","PRI","2013","","27237.188","0.000","0.000","0.195","0.830","0.390","1.415"
"Puerto Rico","PRI","2014","","26354.953","0.000","0.000","0.245","1.077","0.392","1.714"
"Puerto Rico","PRI","2015","","26833.928","0.000","0.000","0.441","1.176","0.245","1.862"
"Puerto Rico","PRI","2016","","25580.963","0.000","0.000","0.573","0.906","0.334","1.861"
"Puerto Rico","PRI","2017","","25320.355","0.000","0.000","0.959","0.899","0.300","2.217"
"Puerto Rico","PRI","2018","","25807.195","0.000","0.000","0.471","0.647","0.235","1.413"
"Puerto Rico","PRI","2019","","24532.930","0.000","0.000","1.390","0.927","0.290","2.665"
"Puerto Rico","PRI","2020","","21459.730","0.000","0.000","1.517","0.817","0.292","2.742"
"Puerto Rico","PRI","2021","","24176.893","0.000","0.000","1.480","0.877","0.274","2.741"
"Qatar","QAT","1985","33.85984","180687.203","","","0.000","0.000","0.000","0.000"
"Qatar","QAT","1986","34.728718","188500.672","","","0.000","0.000","0.000","0.000"
"Qatar","QAT","1987","28.93017","175773.953","","","0.000","0.000","0.000","0.000"
"Qatar","QAT","1988","28.968649","178426.891","","","0.000","0.000","0.000","0.000"
"Qatar","QAT","1989","33.618515","182110.922","","","0.000","0.000","0.000","0.000"
"Qatar","QAT","1990","25.961683","178492.953","","","0.000","0.000","0.000","0.000"
"Qatar","QAT","1991","38.28471","198934.953","","","0.000","0.000","0.000","0.000"
"Qatar","QAT","1992","57.096703","306146.344","","","0.000","0.000","0.000","0.000"
"Qatar","QAT","1993","63.400177","317440.500","","","0.000","0.000","0.000","0.000"
"Qatar","QAT","1994","64.81944","312624.969","","","0.000","0.000","0.000","0.000"
"Qatar","QAT","1995","64.49131","302813.406","","","0.000","0.000","0.000","0.000"
"Qatar","QAT","1996","65.16238","217083.484","","","0.000","0.000","0.000","0.000"
"Qatar","QAT","1997","76.71462","227695.781","","","0.000","0.000","0.000","0.000"
"Qatar","QAT","1998","63.664547","232336.031","","","0.000","0.000","0.000","0.000"
"Qatar","QAT","1999","59.304527","245009.359","","","0.000","0.000","0.000","0.000"
"Qatar","QAT","2000","62.646393","207755.625","0.000","100.000","0.000","0.000","0.000","0.000"
"Qatar","QAT","2001","67.726944","189988.266","0.000","100.000","0.000","0.000","0.000","0.000"
"Qatar","QAT","2002","63.51756","199143.969","0.000","100.000","0.000","0.000","0.000","0.000"
"Qatar","QAT","2003","62.617912","217673.234","0.000","100.000","0.000","0.000","0.000","0.000"
"Qatar","QAT","2004","61.343662","253062.594","0.000","100.000","0.000","0.000","0.000","0.000"
"Qatar","QAT","2005","57.766815","262585.688","0.000","100.000","0.000","0.000","0.000","0.000"
"Qatar","QAT","2006","61.420937","230796.000","0.000","100.000","0.000","0.000","0.000","0.000"
"Qatar","QAT","2007","49.255165","207280.516","0.000","100.000","0.000","0.000","0.000","0.000"
"Qatar","QAT","2008","43.35905","196001.000","0.000","100.000","0.000","0.000","0.000","0.000"
"Qatar","QAT","2009","41.174797","178237.719","0.000","100.000","0.000","0.000","0.000","0.000"
"Qatar","QAT","2010","43.09007","194843.922","0.000","100.000","0.000","0.000","0.000","0.000"
"Qatar","QAT","2011","45.174625","216384.266","0.000","99.965","0.000","0.000","0.000","0.035"
"Qatar","QAT","2012","49.15157","232316.578","0.000","99.969","0.000","0.000","0.000","0.031"
"Qatar","QAT","2013","44.982407","236185.812","0.000","99.969","0.000","0.000","0.000","0.031"
"Qatar","QAT","2014","41.3102","234538.375","0.000","99.945","0.027","0.000","0.000","0.055"
"Qatar","QAT","2015","38.44141","245271.828","0.000","99.923","0.026","0.000","0.000","0.077"
"Qatar","QAT","2016","35.153873","223248.578","0.000","99.925","0.025","0.000","0.000","0.075"
"Qatar","QAT","2017","39.034973","206889.172","0.000","99.930","0.023","0.000","0.000","0.070"
"Qatar","QAT","2018","37.166264","202570.297","0.000","99.956","0.022","0.000","0.000","0.044"
"Qatar","QAT","2019","36.251686","208021.297","0.000","99.936","0.021","0.000","0.000","0.064"
"Qatar","QAT","2020","36.145443","184074.562","0.000","99.955","0.022","0.000","0.000","0.045"
"Qatar","QAT","2021","37.082108","199419.203","0.000","99.937","0.021","0.000","0.000","0.063"
"Qatar","QAT","2022","37.88961","194221.594","0.000","99.935","0.022","0.000","0.000","0.065"
"Reunion","REU","2000","","14478.673","0.000","0.000","0.000","0.000","28.351","36.598"
"Reunion","REU","2001","","14354.454","0.000","0.000","0.000","0.000","26.667","34.762"
"Reunion","REU","2002","","14420.058","0.000","0.000","0.000","0.000","27.404","34.135"
"Reunion","REU","2003","","14390.120","0.000","0.000","0.000","0.000","26.267","33.180"
"Reunion","REU","2004","","15802.612","0.000","0.000","0.000","0.000","23.950","33.193"
"Reunion","REU","2005","","14858.951","0.000","0.000","0.000","0.400","22.800","32.800"
"Reunion","REU","2006","","13837.397","0.000","0.000","0.000","0.395","22.530","34.783"
"Reunion","REU","2007","","13240.080","0.000","0.000","0.000","0.388","25.194","37.209"
"Reunion","REU","2008","","14273.304","0.000","0.000","0.000","0.372","23.420","36.059"
"Reunion","REU","2009","","14426.384","0.000","0.000","0.719","0.719","19.065","32.014"
"Reunion","REU","2010","","15580.163","0.000","0.000","2.797","0.699","18.881","33.566"
"Reunion","REU","2011","","14889.343","0.000","0.000","4.844","0.346","13.841","30.796"
"Romania","ROU","1985","8.557496","31737.732","","","0.000","0.000","17.702","17.702"
"Romania","ROU","1986","8.867722","32322.682","","","0.000","0.000","14.322","14.322"
"Romania","ROU","1987","9.277592","33421.176","","","0.000","0.000","15.131","15.131"
"Romania","ROU","1988","9.273012","33942.172","","","0.000","0.000","19.617","19.617"
"Romania","ROU","1989","9.304999","33898.359","","","0.000","0.000","18.033","18.033"
"Romania","ROU","1990","7.695672","32195.119","28.771","35.101","0.000","0.000","17.745","17.745"
"Romania","ROU","1991","6.199307","27336.961","27.482","36.039","0.000","0.000","25.687","25.687"
"Romania","ROU","1992","5.7611985","24151.340","33.957","36.049","0.000","0.000","21.663","21.663"
"Romania","ROU","1993","5.3720255","23555.578","34.483","32.514","0.000","0.000","23.067","23.067"
"Romania","ROU","1994","5.3114414","22306.182","35.665","30.105","0.000","0.000","23.710","23.710"
"Romania","ROU","1995","5.546691","24621.631","34.869","27.045","0.000","0.000","28.264","28.264"
"Romania","ROU","1996","5.727865","24596.516","33.541","27.380","0.000","0.000","25.823","25.823"
"Romania","ROU","1997","5.2702637","23478.516","29.725","17.772","0.000","0.000","30.871","30.889"
"Romania","ROU","1998","4.701992","21607.326","27.345","19.173","0.000","0.000","35.629","35.648"
"Romania","ROU","1999","4.0105557","19110.252","29.087","16.723","0.000","0.000","36.239","36.239"
"Romania","ROU","2000","4.227758","19175.828","36.695","17.455","0.000","0.000","28.666","28.666"
"Romania","ROU","2001","4.513159","19502.389","36.788","15.070","0.000","0.000","27.862","27.862"
"Romania","ROU","2002","4.5507026","20380.363","37.321","16.483","0.000","0.000","29.493","29.493"
"Romania","ROU","2003","4.8027234","20540.846","42.560","17.688","0.000","0.000","24.179","24.179"
"Romania","ROU","2004","4.82323","21481.434","38.024","18.517","0.000","0.000","29.226","29.226"
"Romania","ROU","2005","4.7770095","21728.150","36.879","16.176","0.000","0.000","34.018","34.035"
"Romania","ROU","2006","4.9577546","22364.223","40.112","18.868","0.000","0.000","29.282","29.282"
"Romania","ROU","2007","5.198509","21750.250","40.694","18.742","0.000","0.000","25.892","25.957"
"Romania","ROU","2008","5.1642756","21966.107","39.754","15.273","0.000","0.000","26.482","26.513"
"Romania","ROU","2009","4.2671957","19314.918","37.658","13.217","0.000","0.017","26.901","26.936"
"Romania","ROU","2010","4.134961","19617.842","34.120","11.978","0.000","0.511","32.800","33.493"
"Romania","ROU","2011","4.5553036","20211.152","39.968","13.484","0.000","2.242","23.758","26.323"
"Romania","ROU","2012","4.457074","19514.234","38.959","14.835","0.017","4.491","20.534","25.400"
"Romania","ROU","2013","3.927419","18270.229","28.933","15.816","0.717","7.720","25.551","34.415"
"Romania","ROU","2014","3.973089","19029.295","27.243","12.425","2.485","9.511","28.839","41.601"
"Romania","ROU","2015","3.9276292","19213.441","27.503","14.245","3.004","10.710","25.228","39.730"
"Romania","ROU","2016","3.8725147","19323.846","24.586","14.940","2.818","10.203","27.915","41.756"
"Romania","ROU","2017","4.0342684","19747.191","26.239","16.669","2.909","11.587","22.658","37.983"
"Romania","ROU","2018","4.075668","20218.590","24.286","16.325","2.747","9.808","27.405","40.642"
"Romania","ROU","2019","3.9325275","19839.047","22.998","15.123","3.008","11.440","26.326","41.619"
"Romania","ROU","2020","3.81315","18998.812","16.828","17.008","3.110","12.496","27.652","44.247"
"Romania","ROU","2021","4.026425","20035.705","18.079","16.760","2.875","11.128","29.444","44.546"
"Romania","ROU","2022","3.8183794","18346.869","18.544","17.655","3.179","12.558","25.275","42.149"
"Russia","RUS","1990","17.024376","68079.156","14.494","47.276","0.000","0.000","15.417","15.423"
"Russia","RUS","1991","16.110184","66946.992","14.486","46.932","0.000","0.000","15.737","15.743"
"Russia","RUS","1992","13.185007","64323.957","15.282","45.633","0.000","0.000","17.115","17.121"
"Russia","RUS","1993","12.600125","59901.234","15.513","44.865","0.000","0.000","18.220","18.226"
"Russia","RUS","1994","11.11247","54683.012","18.550","41.527","0.000","0.000","20.085","20.092"
"Russia","RUS","1995","10.912879","51845.484","18.638","41.109","0.000","0.000","20.494","20.501"
"Russia","RUS","1996","10.714368","50010.332","18.961","42.979","0.000","0.000","18.214","18.221"
"Russia","RUS","1997","10.02317","47390.879","18.825","42.783","0.000","0.000","18.874","18.881"
"Russia","RUS","1998","9.928901","47388.211","19.703","41.891","0.000","0.000","19.162","19.169"
"Russia","RUS","1999","10.14716","48097.676","19.066","42.380","0.000","0.000","18.966","18.972"
"Russia","RUS","2000","10.091322","49127.297","19.895","41.961","0.000","0.000","19.686","19.702"
"Russia","RUS","2001","10.389471","50112.773","18.911","42.213","0.000","0.000","20.623","20.647"
"Russia","RUS","2002","10.335309","50130.184","18.999","42.910","0.000","0.001","19.155","19.194"
"Russia","RUS","2003","10.556017","51387.617","18.680","44.123","0.000","0.001","17.929","18.006"
"Russia","RUS","2004","10.644388","52053.328","17.098","44.915","0.000","0.001","19.839","19.933"
"Russia","RUS","2005","10.816067","52182.891","17.311","45.964","0.000","0.001","19.148","19.242"
"Russia","RUS","2006","11.265755","54674.262","17.894","45.824","0.000","0.000","18.394","18.494"
"Russia","RUS","2007","11.290963","55047.945","16.658","47.727","0.000","0.001","18.425","18.524"
"Russia","RUS","2008","11.492318","55313.555","18.835","47.362","0.000","0.000","16.728","16.822"
"Russia","RUS","2009","10.74057","52542.598","16.465","47.056","0.000","0.000","18.524","18.623"
"Russia","RUS","2010","11.346466","54554.844","15.932","49.931","0.000","0.000","16.930","17.033"
"Russia","RUS","2011","11.697759","56364.211","15.510","48.998","0.000","0.000","16.594","16.698"
"Russia","RUS","2012","11.782466","56593.086","15.708","48.852","0.000","0.000","16.349","16.443"
"Russia","RUS","2013","11.324347","55798.707","15.206","49.785","0.000","0.000","18.036","18.124"
"Russia","RUS","2014","11.297595","55844.656","14.812","49.920","0.016","0.010","17.379","17.502"
"Russia","RUS","2015","11.253667","54818.855","14.793","49.429","0.034","0.015","16.615","16.754"
"Russia","RUS","2016","11.176727","55769.246","15.631","47.576","0.044","0.015","17.852","17.995"
"Russia","RUS","2017","11.362259","55974.684","15.892","47.147","0.054","0.013","17.838","17.996"
"Russia","RUS","2018","11.677306","57958.258","16.015","47.491","0.069","0.022","18.246","18.423"
"Russia","RUS","2019","11.631905","57486.199","16.697","45.613","0.120","0.031","18.308","18.546"
"Russia","RUS","2020","11.149055","55455.547","15.879","41.992","0.193","0.119","20.345","20.743"
"Russia","RUS","2021","11.482229","60271.016","17.302","41.990","0.207","0.350","19.318","19.959"
"Russia","RUS","2022","11.508876","55459.422","17.636","42.964","0.237","0.504","17.537","18.361"
"Rwanda","RWA","2000","0.06271452","357.734","0.000","0.000","0.000","0.000","100.000","100.000"
"Rwanda","RWA","2001","0.06262692","347.059","0.000","0.000","0.000","0.000","100.000","100.000"
"Rwanda","RWA","2002","0.06089663","348.555","0.000","0.000","0.000","0.000","100.000","100.000"
"Rwanda","RWA","2003","0.05886144","338.953","0.000","0.000","0.000","0.000","100.000","100.000"
"Rwanda","RWA","2004","0.05849709","318.321","0.000","0.000","0.000","0.000","88.889","88.889"
"Rwanda","RWA","2005","0.056756996","300.623","0.000","0.000","0.000","0.000","60.000","60.000"
"Rwanda","RWA","2006","0.055284664","283.975","0.000","0.000","0.000","0.000","25.000","25.000"
"Rwanda","RWA","2007","0.056772817","282.629","0.000","0.000","0.000","0.000","26.667","26.667"
"Rwanda","RWA","2008","0.05420935","289.523","0.000","0.000","0.000","0.000","38.889","38.889"
"Rwanda","RWA","2009","0.055150185","297.063","0.000","0.000","0.000","0.000","41.667","41.667"
"Rwanda","RWA","2010","0.056309536","324.944","0.000","0.000","0.000","0.000","40.741","40.741"
"Rwanda","RWA","2011","0.060844686","351.946","0.000","0.000","0.000","0.000","41.935","41.935"
"Rwanda","RWA","2012","0.06634094","376.878","0.000","0.000","0.000","0.000","41.176","41.176"
"Rwanda","RWA","2013","0.07020843","390.732","0.000","0.000","0.000","0.000","39.474","39.474"
"Rwanda","RWA","2014","0.07301555","403.430","0.000","0.000","2.128","0.000","42.553","44.681"
"Rwanda","RWA","2015","0.08305669","436.214","0.000","0.000","3.448","0.000","48.276","51.724"
"Rwanda","RWA","2016","0.08826083","429.518","0.000","0.000","4.478","0.000","41.791","46.269"
"Rwanda","RWA","2017","0.09586281","458.821","0.000","0.000","5.263","0.000","42.105","47.368"
"Rwanda","RWA","2018","0.105146945","491.126","0.000","0.000","5.814","0.000","36.047","43.023"
"Rwanda","RWA","2019","0.11063562","525.573","0.000","0.000","5.882","0.000","39.216","46.078"
"Rwanda","RWA","2020","0.10671424","496.898","0.000","0.000","6.593","0.000","58.242","64.835"
"Rwanda","RWA","2021","0.12721947","471.355","0.000","0.000","7.059","0.000","52.941","60.000"
"Saint Kitts and Nevis","KNA","2000","3.8038523","16953.340","0.000","0.000","0.000","0.000","0.000","0.000"
"Saint Kitts and Nevis","KNA","2001","3.841258","17325.975","0.000","0.000","0.000","0.000","0.000","0.000"
"Saint Kitts and Nevis","KNA","2002","4.2171645","18841.998","0.000","0.000","0.000","0.000","0.000","0.000"
"Saint Kitts and Nevis","KNA","2003","4.20329","18804.082","0.000","0.000","0.000","0.000","0.000","0.000"
"Saint Kitts and Nevis","KNA","2004","4.507154","20273.662","0.000","0.000","0.000","0.000","0.000","0.000"
"Saint Kitts and Nevis","KNA","2005","4.1798577","18827.416","0.000","0.000","0.000","0.000","0.000","0.000"
"Saint Kitts and Nevis","KNA","2006","4.3252063","19448.727","0.000","0.000","0.000","0.000","0.000","0.000"
"Saint Kitts and Nevis","KNA","2007","4.6256685","20502.656","0.000","0.000","0.000","0.000","0.000","0.000"
"Saint Kitts and Nevis","KNA","2008","4.6135263","20417.770","0.000","0.000","0.000","0.000","0.000","0.000"
"Saint Kitts and Nevis","KNA","2009","4.683326","20836.158","0.000","0.000","0.000","0.000","0.000","0.000"
"Saint Kitts and Nevis","KNA","2010","4.69032","20931.088","0.000","0.000","0.000","0.000","0.000","0.000"
"Saint Kitts and Nevis","KNA","2011","4.8419123","21851.840","0.000","0.000","0.000","0.000","0.000","0.000"
"Saint Kitts and Nevis","KNA","2012","4.749745","21675.412","0.000","0.000","0.000","5.000","0.000","5.000"
"Saint Kitts and Nevis","KNA","2013","4.746114","21579.867","0.000","0.000","0.000","4.762","0.000","4.762"
"Saint Kitts and Nevis","KNA","2014","4.8218713","21838.453","0.000","0.000","0.000","4.762","0.000","4.762"
"Saint Kitts and Nevis","KNA","2015","4.900059","22357.986","0.000","0.000","0.000","5.000","0.000","5.000"
"Saint Kitts and Nevis","KNA","2016","5.056583","22948.984","0.000","0.000","0.000","4.762","0.000","4.762"
"Saint Kitts and Nevis","KNA","2017","5.1369944","22939.449","0.000","0.000","0.000","0.000","0.000","0.000"
"Saint Kitts and Nevis","KNA","2018","5.2974997","23219.201","0.000","0.000","0.000","4.545","0.000","4.545"
"Saint Kitts and Nevis","KNA","2019","5.5378065","23235.219","0.000","0.000","0.000","4.545","0.000","4.545"
"Saint Kitts and Nevis","KNA","2020","5.156602","19642.783","0.000","0.000","0.000","4.762","0.000","4.762"
"Saint Kitts and Nevis","KNA","2021","5.012098","20900.703","0.000","0.000","0.000","4.545","0.000","4.545"
"Saint Lucia","LCA","2000","2.1481743","9184.194","0.000","0.000","0.000","0.000","0.000","0.000"
"Saint Lucia","LCA","2001","2.2407408","9891.598","0.000","0.000","0.000","0.000","0.000","0.000"
"Saint Lucia","LCA","2002","2.1985586","8871.310","0.000","0.000","0.000","0.000","0.000","0.000"
"Saint Lucia","LCA","2003","2.3155015","9741.581","0.000","0.000","0.000","0.000","0.000","0.000"
"Saint Lucia","LCA","2004","2.4315128","9705.236","0.000","0.000","0.000","0.000","0.000","0.000"
"Saint Lucia","LCA","2005","2.3694427","9942.035","0.000","0.000","0.000","0.000","0.000","0.000"
"Saint Lucia","LCA","2006","2.4843361","9963.842","0.000","0.000","0.000","0.000","0.000","0.000"
"Saint Lucia","LCA","2007","2.5115936","10237.039","0.000","0.000","0.000","0.000","0.000","0.000"
"Saint Lucia","LCA","2008","2.517676","10455.242","0.000","0.000","0.000","0.000","0.000","0.000"
"Saint Lucia","LCA","2009","2.501907","10132.104","0.000","0.000","0.000","0.000","0.000","0.000"
"Saint Lucia","LCA","2010","2.829658","10512.177","0.000","0.000","0.000","0.000","0.000","0.000"
"Saint Lucia","LCA","2011","2.814951","10594.858","0.000","0.000","0.000","0.000","0.000","0.000"
"Saint Lucia","LCA","2012","2.8234422","10486.784","0.000","0.000","0.000","0.000","0.000","0.000"
"Saint Lucia","LCA","2013","2.8106587","10408.478","0.000","0.000","0.000","0.000","0.000","0.000"
"Saint Lucia","LCA","2014","2.7983117","10461.293","0.000","0.000","0.000","0.000","0.000","0.000"
"Saint Lucia","LCA","2015","2.7440357","10483.141","0.000","0.000","0.000","0.000","0.000","0.000"
"Saint Lucia","LCA","2016","2.6908813","10549.006","0.000","0.000","0.000","0.000","0.000","0.000"
"Saint Lucia","LCA","2017","2.8048449","11386.956","0.000","0.000","0.000","0.000","0.000","0.000"
"Saint Lucia","LCA","2018","2.8768585","10425.025","0.000","0.000","0.000","0.000","0.000","0.000"
"Saint Lucia","LCA","2019","2.8252034","15259.877","0.000","0.000","0.000","0.000","0.000","0.000"
"Saint Lucia","LCA","2020","2.7336996","12810.415","0.000","0.000","0.000","0.000","0.000","0.000"
"Saint Lucia","LCA","2021","2.8320374","13599.725","0.000","0.000","0.000","0.000","0.000","0.000"
"Saint Pierre and Miquelon","SPM","2000","8.700333","44661.230","0.000","0.000","0.000","0.000","0.000","0.000"
"Saint Pierre and Miquelon","SPM","2001","8.725195","44782.070","0.000","0.000","0.000","0.000","0.000","0.000"
"Saint Pierre and Miquelon","SPM","2002","9.3454485","48984.074","0.000","0.000","0.000","0.000","0.000","0.000"
"Saint Pierre and Miquelon","SPM","2003","9.991658","55465.438","0.000","0.000","0.000","0.000","0.000","0.000"
"Saint Pierre and Miquelon","SPM","2004","9.46923","53783.301","0.000","0.000","0.000","0.000","0.000","0.000"
"Saint Pierre and Miquelon","SPM","2005","10.146277","56306.234","0.000","0.000","0.000","0.000","0.000","0.000"
"Saint Pierre and Miquelon","SPM","2006","10.221201","56582.922","0.000","0.000","0.000","0.000","0.000","0.000"
"Saint Pierre and Miquelon","SPM","2007","10.254857","58813.465","0.000","0.000","0.000","0.000","0.000","0.000"
"Saint Pierre and Miquelon","SPM","2008","10.273462","58861.789","0.000","0.000","0.000","0.000","0.000","0.000"
"Saint Pierre and Miquelon","SPM","2009","10.288734","58939.277","0.000","0.000","0.000","0.000","0.000","0.000"
"Saint Pierre and Miquelon","SPM","2010","10.300645","61996.320","0.000","0.000","0.000","0.000","0.000","0.000"
"Saint Pierre and Miquelon","SPM","2011","10.926441","62504.328","0.000","0.000","0.000","0.000","0.000","0.000"
"Saint Pierre and Miquelon","SPM","2012","10.957302","61828.691","0.000","0.000","0.000","0.000","0.000","0.000"
"Saint Pierre and Miquelon","SPM","2013","10.993833","63525.680","0.000","0.000","0.000","0.000","0.000","0.000"
"Saint Pierre and Miquelon","SPM","2014","11.02139","66357.250","0.000","0.000","0.000","0.000","0.000","0.000"
"Saint Pierre and Miquelon","SPM","2015","11.045386","66489.945","0.000","0.000","0.000","0.000","0.000","0.000"
"Saint Pierre and Miquelon","SPM","2016","11.071344","67819.867","0.000","0.000","0.000","0.000","0.000","0.000"
"Saint Pierre and Miquelon","SPM","2017","11.091826","66723.438","0.000","0.000","0.000","0.000","0.000","0.000"
"Saint Pierre and Miquelon","SPM","2018","9.88267","72730.234","0.000","0.000","0.000","0.000","0.000","0.000"
"Saint Pierre and Miquelon","SPM","2019","11.1802","62718.688","0.000","0.000","0.000","0.000","0.000","0.000"
"Saint Pierre and Miquelon","SPM","2020","10.643883","57585.082","0.000","0.000","0.000","0.000","0.000","0.000"
"Saint Pierre and Miquelon","SPM","2021","9.472595","58387.957","0.000","0.000","0.000","0.000","0.000","0.000"
"Saint Vincent and the Grenadines","VCT","2000","1.2583193","6158.820","0.000","0.000","0.000","0.000","33.333","33.333"
"Saint Vincent and the Grenadines","VCT","2001","1.5494511","7138.917","0.000","0.000","0.000","0.000","20.000","20.000"
"Saint Vincent and the Grenadines","VCT","2002","1.6483394","7730.994","0.000","0.000","0.000","0.000","20.000","20.000"
"Saint Vincent and the Grenadines","VCT","2003","1.7810144","8126.263","0.000","0.000","0.000","0.000","20.000","20.000"
"Saint Vincent and the Grenadines","VCT","2004","1.9479691","9015.828","0.000","0.000","0.000","0.000","25.000","25.000"
"Saint Vincent and the Grenadines","VCT","2005","1.9547415","9096.029","0.000","0.000","0.000","0.000","23.077","23.077"
"Saint Vincent and the Grenadines","VCT","2006","1.9623841","9072.749","0.000","0.000","0.000","0.000","16.667","16.667"
"Saint Vincent and the Grenadines","VCT","2007","2.1351216","9295.734","0.000","0.000","0.000","0.000","15.385","15.385"
"Saint Vincent and the Grenadines","VCT","2008","1.9797022","9347.958","0.000","0.000","0.000","0.000","15.385","15.385"
"Saint Vincent and the Grenadines","VCT","2009","2.5195575","12625.214","0.000","0.000","0.000","0.000","15.385","15.385"
"Saint Vincent and the Grenadines","VCT","2010","2.0323348","9376.506","0.000","0.000","0.000","0.000","21.429","21.429"
"Saint Vincent and the Grenadines","VCT","2011","1.9766109","8740.024","0.000","0.000","0.000","0.000","21.429","21.429"
"Saint Vincent and the Grenadines","VCT","2012","2.1225345","10656.227","0.000","0.000","0.000","0.000","21.429","21.429"
"Saint Vincent and the Grenadines","VCT","2013","1.9987426","8768.699","0.000","0.000","0.000","0.000","15.385","15.385"
"Saint Vincent and the Grenadines","VCT","2014","2.3846405","9080.616","0.000","0.000","0.000","0.000","7.692","7.692"
"Saint Vincent and the Grenadines","VCT","2015","2.1920636","9347.271","0.000","0.000","0.000","0.000","14.286","14.286"
"Saint Vincent and the Grenadines","VCT","2016","2.2735298","9374.356","0.000","0.000","0.000","0.000","13.333","13.333"
"Saint Vincent and the Grenadines","VCT","2017","2.011015","10836.359","0.000","0.000","0.000","0.000","14.286","14.286"
"Saint Vincent and the Grenadines","VCT","2018","2.3044245","9998.609","0.000","0.000","0.000","0.000","14.286","14.286"
"Saint Vincent and the Grenadines","VCT","2019","2.1101332","8642.675","0.000","0.000","0.000","0.000","14.286","14.286"
"Saint Vincent and the Grenadines","VCT","2020","2.3001738","7788.496","0.000","0.000","0.000","0.000","26.667","26.667"
"Saint Vincent and the Grenadines","VCT","2021","2.280025","8245.438","0.000","0.000","0.000","0.000","25.000","25.000"
"Samoa","WSM","2000","0.7864608","5050.979","0.000","0.000","0.000","0.000","40.000","50.000"
"Samoa","WSM","2001","0.84011924","5352.696","0.000","0.000","0.000","0.000","45.455","54.545"
"Samoa","WSM","2002","0.87388474","5618.493","0.000","0.000","0.000","0.000","50.000","58.333"
"Samoa","WSM","2003","0.8693373","5643.448","0.000","0.000","0.000","0.000","45.455","54.545"
"Samoa","WSM","2004","0.90486133","5624.824","0.000","0.000","0.000","0.000","45.455","54.545"
"Samoa","WSM","2005","0.9209329","5678.590","0.000","0.000","0.000","0.000","45.455","54.545"
"Samoa","WSM","2006","0.8978287","5844.477","0.000","0.000","0.000","0.000","45.455","45.455"
"Samoa","WSM","2007","0.9511035","6201.184","0.000","0.000","0.000","0.000","45.455","45.455"
"Samoa","WSM","2008","0.84798306","6318.109","0.000","0.000","0.000","0.000","45.455","45.455"
"Samoa","WSM","2009","0.8799875","6564.240","0.000","0.000","0.000","0.000","45.455","45.455"
"Samoa","WSM","2010","0.9680317","6500.349","0.000","0.000","0.000","0.000","45.455","45.455"
"Samoa","WSM","2011","0.9784415","6521.698","0.000","0.000","0.000","0.000","41.667","41.667"
"Samoa","WSM","2012","0.9695193","6256.255","0.000","0.000","0.000","0.000","36.364","36.364"
"Samoa","WSM","2013","0.9608844","6016.645","0.000","0.000","0.000","0.000","27.273","27.273"
"Samoa","WSM","2014","1.0073432","6062.045","0.000","0.000","0.000","0.000","25.000","25.000"
"Samoa","WSM","2015","1.1257421","6971.546","0.000","0.000","7.692","0.000","23.077","30.769"
"Samoa","WSM","2016","1.1702677","7356.927","0.000","0.000","14.286","0.000","21.429","35.714"
"Samoa","WSM","2017","1.1415275","7347.693","0.000","0.000","14.286","0.000","21.429","35.714"
"Samoa","WSM","2018","1.1295841","7217.726","0.000","0.000","13.333","0.000","26.667","40.000"
"Samoa","WSM","2019","1.2399974","7697.959","0.000","0.000","13.333","0.000","26.667","40.000"
"Samoa","WSM","2020","1.1063375","7222.190","0.000","0.000","12.500","0.000","25.000","37.500"
"Samoa","WSM","2021","1.2510852","7302.089","0.000","0.000","11.765","0.000","23.529","35.294"
"Sao Tome and Principe","STP","2000","0.3561505","2032.075","0.000","0.000","0.000","0.000","33.333","33.333"
"Sao Tome and Principe","STP","2001","0.35041603","1865.868","0.000","0.000","0.000","0.000","0.000","0.000"
"Sao Tome and Principe","STP","2002","0.36656618","2061.275","0.000","0.000","0.000","0.000","33.333","33.333"
"Sao Tome and Principe","STP","2003","0.40493032","2237.827","0.000","0.000","0.000","0.000","33.333","33.333"
"Sao Tome and Principe","STP","2004","0.4646179","2468.292","0.000","0.000","0.000","0.000","25.000","25.000"
"Sao Tome and Principe","STP","2005","0.47599134","2544.832","0.000","0.000","0.000","0.000","0.000","0.000"
"Sao Tome and Principe","STP","2006","0.48661342","2640.534","0.000","0.000","0.000","0.000","25.000","25.000"
"Sao Tome and Principe","STP","2007","0.47497776","2680.950","0.000","0.000","0.000","0.000","25.000","25.000"
"Sao Tome and Principe","STP","2008","0.48485684","2823.587","0.000","0.000","0.000","0.000","20.000","20.000"
"Sao Tome and Principe","STP","2009","0.51499444","2932.456","0.000","0.000","0.000","0.000","20.000","20.000"
"Sao Tome and Principe","STP","2010","0.5844343","3090.176","0.000","0.000","0.000","0.000","0.000","0.000"
"Sao Tome and Principe","STP","2011","0.53283066","3131.022","0.000","0.000","0.000","0.000","16.667","16.667"
"Sao Tome and Principe","STP","2012","0.5801997","3240.677","0.000","0.000","0.000","0.000","16.667","16.667"
"Sao Tome and Principe","STP","2013","0.56906784","3176.864","0.000","0.000","0.000","0.000","14.286","14.286"
"Sao Tome and Principe","STP","2014","0.6516923","3116.335","0.000","0.000","0.000","0.000","12.500","12.500"
"Sao Tome and Principe","STP","2015","0.67679775","3200.083","0.000","0.000","0.000","0.000","12.500","12.500"
"Sao Tome and Principe","STP","2016","0.71948236","3249.416","0.000","0.000","0.000","0.000","11.111","11.111"
"Sao Tome and Principe","STP","2017","0.67266387","3250.473","0.000","0.000","0.000","0.000","11.111","11.111"
"Sao Tome and Principe","STP","2018","0.662385","3149.711","0.000","0.000","0.000","0.000","11.111","11.111"
"Sao Tome and Principe","STP","2019","0.6867693","3418.495","0.000","0.000","0.000","0.000","11.111","11.111"
"Sao Tome and Principe","STP","2020","0.6571442","3207.423","0.000","0.000","0.000","0.000","10.000","10.000"
"Sao Tome and Principe","STP","2021","0.64374816","3310.244","0.000","0.000","0.000","0.000","10.000","10.000"
"Saudi Arabia","SAU","1985","21.147978","56611.297","0.000","57.600","0.000","0.000","0.000","0.000"
"Saudi Arabia","SAU","1986","23.708317","58194.637","0.000","55.383","0.000","0.000","0.000","0.000"
"Saudi Arabia","SAU","1987","20.855421","59031.215","0.000","50.877","0.000","0.000","0.000","0.000"
"Saudi Arabia","SAU","1988","20.999521","59147.156","0.000","49.331","0.000","0.000","0.000","0.000"
"Saudi Arabia","SAU","1989","20.079727","55789.254","0.000","51.280","0.000","0.000","0.000","0.000"
"Saudi Arabia","SAU","1990","17.101427","58003.781","0.000","50.987","0.000","0.000","0.000","0.000"
"Saudi Arabia","SAU","1991","21.910164","58390.523","0.000","50.303","0.000","0.000","0.000","0.000"
"Saudi Arabia","SAU","1992","23.617598","56810.156","0.000","46.962","0.000","0.000","0.000","0.000"
"Saudi Arabia","SAU","1993","24.374388","56193.195","0.000","46.631","0.000","0.000","0.000","0.000"
"Saudi Arabia","SAU","1994","22.839817","63132.098","0.000","47.600","0.000","0.000","0.000","0.000"
"Saudi Arabia","SAU","1995","20.663662","59823.926","0.000","45.310","0.000","0.000","0.000","0.000"
"Saudi Arabia","SAU","1996","19.485096","60202.789","0.000","44.147","0.000","0.000","0.000","0.000"
"Saudi Arabia","SAU","1997","15.8017025","59696.375","0.000","44.424","0.000","0.000","0.000","0.000"
"Saudi Arabia","SAU","1998","14.670433","61183.168","0.000","42.484","0.000","0.000","0.000","0.000"
"Saudi Arabia","SAU","1999","15.364221","60706.840","0.000","41.910","0.000","0.000","0.000","0.000"
"Saudi Arabia","SAU","2000","19.139835","61950.852","0.000","46.034","0.000","0.000","","0.000"
"Saudi Arabia","SAU","2001","19.034441","64399.926","0.000","52.468","0.000","0.000","","0.000"
"Saudi Arabia","SAU","2002","19.369787","65480.074","0.000","55.845","0.000","0.000","","0.000"
"Saudi Arabia","SAU","2003","18.695478","67781.133","0.000","54.845","0.000","0.000","","0.000"
"Saudi Arabia","SAU","2004","20.727654","71949.188","0.000","56.940","0.000","0.000","","0.000"
"Saudi Arabia","SAU","2005","20.050425","74232.789","0.000","56.493","0.000","0.000","","0.000"
"Saudi Arabia","SAU","2006","20.736025","74860.328","0.000","53.258","0.000","0.000","","0.000"
"Saudi Arabia","SAU","2007","18.92472","73638.344","0.000","50.242","0.000","0.000","","0.000"
"Saudi Arabia","SAU","2008","20.15771","77575.414","0.000","49.319","0.000","0.000","","0.000"
"Saudi Arabia","SAU","2009","20.81001","77417.273","0.000","43.298","0.000","0.000","","0.000"
"Saudi Arabia","SAU","2010","22.086767","83337.156","0.000","42.031","0.000","0.000","","0.000"
"Saudi Arabia","SAU","2011","20.694223","84816.250","0.000","44.366","0.004","0.000","","0.004"
"Saudi Arabia","SAU","2012","22.38202","88062.086","0.000","46.318","0.011","0.000","","0.011"
"Saudi Arabia","SAU","2013","20.807848","86753.602","0.000","48.606","0.014","0.000","","0.014"
"Saudi Arabia","SAU","2014","20.177479","91258.062","0.000","45.864","0.016","0.000","","0.016"
"Saudi Arabia","SAU","2015","20.835636","93332.539","0.000","45.711","0.015","0.000","","0.015"
"Saudi Arabia","SAU","2016","20.873049","95158.547","0.000","49.486","0.015","0.000","","0.015"
"Saudi Arabia","SAU","2017","20.936852","93054.375","0.000","53.204","0.020","0.000","","0.020"
"Saudi Arabia","SAU","2018","21.47873","88573.469","0.000","59.735","0.048","0.000","","0.048"
"Saudi Arabia","SAU","2019","23.244812","82989.266","0.000","61.419","0.063","0.000","","0.063"
"Saudi Arabia","SAU","2020","21.088715","80309.992","0.000","61.246","0.062","0.000","","0.062"
"Saudi Arabia","SAU","2021","22.196955","83101.906","0.000","60.549","0.233","0.000","","0.233"
"Saudi Arabia","SAU","2022","20.729954","87707.289","0.000","67.076","0.207","0.001","","0.208"
"Senegal","SEN","2000","0.39144757","2051.405","0.000","0.000","0.000","0.000","0.000","3.472"
"Senegal","SEN","2001","0.4169318","2183.010","0.000","0.000","0.000","0.000","0.000","2.976"
"Senegal","SEN","2002","0.4239283","2211.216","0.000","0.000","0.000","0.000","10.615","13.408"
"Senegal","SEN","2003","0.45960554","2175.090","0.000","0.000","0.000","0.000","17.368","20.000"
"Senegal","SEN","2004","0.4772559","2244.305","0.000","0.000","0.000","0.000","14.573","17.085"
"Senegal","SEN","2005","0.49298495","2270.258","0.000","0.000","0.000","0.000","11.504","14.159"
"Senegal","SEN","2006","0.3851897","2172.189","0.000","0.000","0.000","0.000","10.088","12.719"
"Senegal","SEN","2007","0.44144446","2281.383","0.000","0.000","0.000","0.000","7.317","9.756"
"Senegal","SEN","2008","0.39341933","2277.513","0.000","0.000","0.000","0.000","8.880","10.811"
"Senegal","SEN","2009","0.42615724","2122.770","0.000","0.000","0.000","0.000","9.057","10.943"
"Senegal","SEN","2010","0.54310757","2142.207","0.000","0.000","0.000","0.000","8.865","14.184"
"Senegal","SEN","2011","0.6033564","2183.928","5.944","0.000","0.000","0.000","8.741","13.636"
"Senegal","SEN","2012","0.5531069","2091.133","5.696","0.000","0.316","0.000","9.177","14.241"
"Senegal","SEN","2013","0.57273364","2117.290","5.455","0.000","0.303","0.000","9.394","14.242"
"Senegal","SEN","2014","0.61647093","2286.819","5.495","0.000","0.549","0.000","8.516","13.462"
"Senegal","SEN","2015","0.67465156","2580.883","5.398","0.000","0.514","0.000","8.483","13.625"
"Senegal","SEN","2016","0.6659878","2429.892","3.357","22.062","0.240","0.000","8.633","11.751"
"Senegal","SEN","2017","0.695133","2509.597","3.348","21.875","2.232","0.000","8.036","12.946"
"Senegal","SEN","2018","0.71195424","2541.635","2.784","18.630","4.925","0.000","7.709","14.989"
"Senegal","SEN","2019","0.77731997","2753.391","2.321","32.689","5.609","0.387","5.996","13.926"
"Senegal","SEN","2020","0.6444607","2532.413","2.103","30.784","7.266","4.207","5.927","19.120"
"Senegal","SEN","2021","0.7153539","2505.209","9.786","27.402","8.363","4.448","5.516","19.929"
"Serbia","SRB","1990","7.3067784","","72.569","3.387","0.000","0.000","19.220","19.220"
"Serbia","SRB","1991","5.157835","","66.100","3.504","0.000","0.000","25.405","25.405"
"Serbia","SRB","1992","5.5517497","","69.746","1.720","0.000","0.000","26.727","26.727"
"Serbia","SRB","1993","4.8405495","","70.861","1.235","0.000","0.000","26.903","26.903"
"Serbia","SRB","1994","4.7168946","","69.273","1.006","0.000","0.000","28.942","28.942"
"Serbia","SRB","1995","4.991127","","67.371","1.088","0.000","0.000","30.764","30.764"
"Serbia","SRB","1996","5.8526134","","61.591","1.578","0.000","0.000","35.531","35.531"
"Serbia","SRB","1997","6.3033395","","66.951","1.591","0.000","0.000","29.838","29.838"
"Serbia","SRB","1998","6.656097","","68.351","1.476","0.000","0.000","29.293","29.293"
"Serbia","SRB","1999","4.6094947","","61.499","1.168","0.000","0.000","36.134","36.134"
"Serbia","SRB","2000","5.1473017","","67.074","1.221","0.000","0.000","30.736","30.736"
"Serbia","SRB","2001","5.559512","","67.117","1.535","0.000","0.000","30.365","30.365"
"Serbia","SRB","2002","5.971904","","67.870","1.504","0.000","0.000","29.874","29.874"
"Serbia","SRB","2003","6.4087796","","72.125","1.576","0.000","0.000","25.511","25.511"
"Serbia","SRB","2004","6.997513","","69.212","1.828","0.000","0.000","28.556","28.556"
"Serbia","SRB","2005","6.639785","","65.198","0.892","0.000","0.000","31.818","31.818"
"Serbia","SRB","2006","7.151936","26329.176","69.752","0.335","0.000","0.000","28.854","28.854"
"Serbia","SRB","2007","6.970463","26348.527","71.087","1.195","0.000","0.000","26.300","26.300"
"Serbia","SRB","2008","6.940546","26371.516","72.461","1.114","0.000","0.000","25.964","25.964"
"Serbia","SRB","2009","6.184198","25290.535","71.201","0.451","0.000","0.000","27.950","27.950"
"Serbia","SRB","2010","6.1783648","26212.141","66.863","0.882","0.000","0.000","31.774","31.774"
"Serbia","SRB","2011","6.6472673","26607.537","75.513","1.315","0.000","0.000","22.804","22.804"
"Serbia","SRB","2012","5.974852","25157.438","72.727","1.326","0.000","0.000","25.670","25.698"
"Serbia","SRB","2013","6.1262984","25155.992","73.082","0.765","0.000","0.000","26.001","26.051"
"Serbia","SRB","2014","5.165351","22474.787","66.178","0.688","0.030","0.000","32.895","32.984"
"Serbia","SRB","2015","6.116124","24964.811","72.253","0.585","0.027","0.000","26.816","26.895"
"Serbia","SRB","2016","6.3418617","25665.121","70.552","0.984","0.026","0.078","27.946","28.127"
"Serbia","SRB","2017","6.4568405","26359.041","72.613","1.509","0.027","0.137","25.110","25.494"
"Serbia","SRB","2018","6.335893","26481.451","68.230","1.636","0.027","0.409","29.016","29.725"
"Serbia","SRB","2019","6.3800635","26602.787","69.398","1.818","0.027","2.442","25.665","28.513"
"Serbia","SRB","2020","6.5659204","26211.984","71.072","1.370","0.027","2.632","24.255","27.424"
"Serbia","SRB","2021","6.4203916","27640.852","63.336","2.851","0.027","2.878","30.056","33.626"
"Serbia","SRB","2022","6.547047","","65.533","4.975","0.028","4.782","24.046","29.491"
"Seychelles","SYC","2000","3.824956","46969.090","0.000","0.000","0.000","0.000","0.000","0.000"
"Seychelles","SYC","2001","4.026802","49775.703","0.000","0.000","0.000","0.000","0.000","0.000"
"Seychelles","SYC","2002","4.0531917","42728.844","0.000","0.000","0.000","0.000","0.000","0.000"
"Seychelles","SYC","2003","3.9141703","42029.832","0.000","0.000","0.000","0.000","0.000","0.000"
"Seychelles","SYC","2004","4.280034","57886.984","0.000","0.000","0.000","0.000","0.000","0.000"
"Seychelles","SYC","2005","4.267718","52008.223","0.000","0.000","0.000","0.000","0.000","0.000"
"Seychelles","SYC","2006","4.256176","54491.801","0.000","0.000","0.000","0.000","0.000","0.000"
"Seychelles","SYC","2007","4.4056273","44175.785","0.000","0.000","0.000","0.000","0.000","0.000"
"Seychelles","SYC","2008","4.4729753","47446.145","0.000","0.000","0.000","0.000","0.000","0.000"
"Seychelles","SYC","2009","4.7343554","50930.008","0.000","0.000","0.000","0.000","0.000","0.000"
"Seychelles","SYC","2010","4.6285515","45371.336","0.000","0.000","0.000","0.000","0.000","0.000"
"Seychelles","SYC","2011","4.153296","38368.945","0.000","0.000","0.000","0.000","0.000","0.000"
"Seychelles","SYC","2012","4.195209","43465.020","0.000","0.000","0.000","0.000","0.000","0.000"
"Seychelles","SYC","2013","4.054844","38688.062","0.000","0.000","0.000","2.439","0.000","2.439"
"Seychelles","SYC","2014","4.3759494","44650.082","0.000","0.000","0.000","2.381","0.000","2.381"
"Seychelles","SYC","2015","4.6463213","45695.203","0.000","0.000","0.000","2.273","0.000","2.273"
"Seychelles","SYC","2016","5.037183","50241.480","0.000","0.000","0.000","2.128","0.000","2.128"
"Seychelles","SYC","2017","5.1159077","51720.438","0.000","0.000","0.000","2.083","0.000","2.083"
"Seychelles","SYC","2018","5.1909294","45307.637","0.000","0.000","0.000","2.041","0.000","2.041"
"Seychelles","SYC","2019","5.0135474","45777.125","0.000","0.000","7.547","0.000","0.000","7.547"
"Seychelles","SYC","2020","4.9645634","43703.281","0.000","0.000","10.000","1.667","0.000","11.667"
"Seychelles","SYC","2021","4.974699","45933.664","0.000","0.000","10.769","1.538","0.000","12.308"
"Sierra Leone","SLE","2000","0.061292857","409.267","0.000","0.000","0.000","0.000","12.500","12.500"
"Sierra Leone","SLE","2001","0.07964004","484.695","0.000","0.000","0.000","0.000","7.692","7.692"
"Sierra Leone","SLE","2002","0.10097045","460.830","0.000","0.000","0.000","0.000","13.333","13.333"
"Sierra Leone","SLE","2003","0.10402485","454.770","0.000","0.000","0.000","0.000","14.286","14.286"
"Sierra Leone","SLE","2004","0.09714632","438.832","0.000","0.000","0.000","0.000","16.667","16.667"
"Sierra Leone","SLE","2005","0.078585066","386.952","0.000","0.000","0.000","0.000","25.000","25.000"
"Sierra Leone","SLE","2006","0.10227606","457.998","0.000","0.000","0.000","0.000","0.000","0.000"
"Sierra Leone","SLE","2007","0.08475945","423.133","0.000","0.000","0.000","0.000","33.333","33.333"
"Sierra Leone","SLE","2008","0.08577698","405.939","0.000","0.000","0.000","0.000","33.333","33.333"
"Sierra Leone","SLE","2009","0.08289244","396.569","0.000","0.000","0.000","0.000","33.333","33.333"
"Sierra Leone","SLE","2010","0.08773277","458.273","0.000","0.000","0.000","0.000","75.000","75.000"
"Sierra Leone","SLE","2011","0.11186021","564.663","0.000","0.000","0.000","0.000","88.235","88.235"
"Sierra Leone","SLE","2012","0.12696049","610.724","0.000","0.000","0.000","0.000","66.667","66.667"
"Sierra Leone","SLE","2013","0.15662184","692.696","0.000","0.000","0.000","0.000","66.667","66.667"
"Sierra Leone","SLE","2014","0.16411413","743.000","0.000","0.000","0.000","0.000","63.158","78.947"
"Sierra Leone","SLE","2015","0.15404907","592.628","0.000","0.000","0.000","0.000","63.158","73.684"
"Sierra Leone","SLE","2016","0.15814717","591.517","0.000","0.000","0.000","0.000","59.091","72.727"
"Sierra Leone","SLE","2017","0.1484607","573.704","0.000","0.000","4.348","0.000","56.522","73.913"
"Sierra Leone","SLE","2018","0.13725628","568.166","0.000","0.000","3.846","0.000","65.385","76.923"
"Sierra Leone","SLE","2019","0.14453192","513.004","0.000","0.000","4.762","0.000","85.714","90.476"
"Sierra Leone","SLE","2020","0.15003191","480.527","0.000","0.000","4.762","0.000","85.714","90.476"
"Sierra Leone","SLE","2021","0.18328422","492.598","0.000","0.000","4.762","0.000","85.714","90.476"
"Singapore","SGP","1985","11.845232","52827.371","","","0.000","0.000","0.000","0.000"
"Singapore","SGP","1986","12.424453","59917.023","","","0.000","0.000","0.000","0.804"
"Singapore","SGP","1987","11.436067","61546.059","","","0.000","0.000","0.000","0.719"
"Singapore","SGP","1988","12.383336","69581.312","","","0.000","0.000","0.000","0.653"
"Singapore","SGP","1989","13.953258","77583.523","","","0.000","0.000","0.000","0.605"
"Singapore","SGP","1990","14.322831","90365.281","","","0.000","0.000","0.000","0.544"
"Singapore","SGP","1991","14.104377","89185.586","","","0.000","0.000","0.000","1.476"
"Singapore","SGP","1992","14.703873","92492.508","","","0.000","0.000","0.000","1.397"
"Singapore","SGP","1993","14.967894","97840.070","","","0.000","0.000","0.000","1.292"
"Singapore","SGP","1994","17.580204","108498.156","","","0.000","0.000","0.000","1.185"
"Singapore","SGP","1995","11.474289","109750.070","","","0.000","0.000","0.000","1.111"
"Singapore","SGP","1996","13.101944","107471.891","","","0.000","0.000","0.000","1.025"
"Singapore","SGP","1997","14.9440565","109768.453","","","0.000","0.000","0.000","0.917"
"Singapore","SGP","1998","12.152546","108245.531","","","0.000","0.000","0.000","0.863"
"Singapore","SGP","1999","12.403737","104456.758","","","0.000","0.000","0.000","0.830"
"Singapore","SGP","2000","9.260569","109289.078","0.000","34.172","0.000","0.000","0.000","0.000"
"Singapore","SGP","2001","9.359485","121494.555","0.000","45.928","0.000","0.000","0.000","0.000"
"Singapore","SGP","2002","9.696018","115456.867","0.000","54.280","0.000","0.000","0.000","0.000"
"Singapore","SGP","2003","9.553345","107484.375","0.000","54.282","0.000","0.000","0.000","0.000"
"Singapore","SGP","2004","9.825615","119262.508","0.000","57.452","0.000","0.000","0.000","0.000"
"Singapore","SGP","2005","9.277561","123551.641","0.000","61.075","0.000","0.000","0.000","0.000"
"Singapore","SGP","2006","9.212482","131721.672","0.000","62.819","0.000","0.000","0.000","0.000"
"Singapore","SGP","2007","8.941555","136257.906","0.000","67.356","0.000","0.000","0.000","0.000"
"Singapore","SGP","2008","8.363253","140055.125","0.000","69.407","0.000","0.000","0.000","0.000"
"Singapore","SGP","2009","8.211612","145354.047","0.000","70.274","0.000","0.000","0.000","0.000"
"Singapore","SGP","2010","8.745288","149763.219","0.000","70.476","0.000","0.000","0.000","0.000"
"Singapore","SGP","2011","9.069433","151959.906","0.000","70.895","0.023","0.000","0.000","0.023"
"Singapore","SGP","2012","8.709049","149476.578","0.000","75.180","0.022","0.000","0.000","0.022"
"Singapore","SGP","2013","8.726994","148317.188","0.000","88.830","0.044","0.000","0.000","0.350"
"Singapore","SGP","2014","8.721305","148692.516","0.000","94.974","0.085","0.000","0.000","0.596"
"Singapore","SGP","2015","8.940621","155468.984","0.000","95.153","0.146","0.000","0.000","0.857"
"Singapore","SGP","2016","8.802539","162248.219","0.000","96.009","0.305","0.000","0.000","1.079"
"Singapore","SGP","2017","8.939904","164801.438","0.000","95.353","0.342","0.000","0.000","1.106"
"Singapore","SGP","2018","8.927358","163526.766","0.000","96.082","0.475","0.000","0.000","1.326"
"Singapore","SGP","2019","8.642643","158657.891","0.000","95.922","0.792","0.000","0.000","1.508"
"Singapore","SGP","2020","8.309385","154256.297","0.000","95.793","0.983","0.000","0.000","1.632"
"Singapore","SGP","2021","9.033064","153295.156","0.000","95.474","1.253","0.000","0.000","1.964"
"Singapore","SGP","2022","8.6610365","147084.844","0.000","93.794","1.716","0.000","0.000","2.409"
"Slovakia","SVK","1985","11.486152","46568.305","","","0.000","0.000","9.406","9.406"
"Slovakia","SVK","1986","11.502504","45908.125","","","0.000","0.000","6.931","6.931"
"Slovakia","SVK","1987","11.3114395","46711.984","","","0.000","0.000","8.176","8.176"
"Slovakia","SVK","1988","11.075165","46732.137","","","0.000","0.000","7.618","7.618"
"Slovakia","SVK","1989","10.5281105","47220.273","","","0.000","0.000","8.151","8.151"
"Slovakia","SVK","1990","11.683943","47203.785","29.423","7.140","0.000","0.000","7.375","7.375"
"Slovakia","SVK","1991","10.091804","42079.309","24.526","8.739","0.000","0.000","5.812","5.812"
"Slovakia","SVK","1992","9.221046","40314.297","31.110","3.744","0.000","0.000","8.348","8.348"
"Slovakia","SVK","1993","8.710321","39455.375","23.909","4.906","0.000","0.000","14.428","14.428"
"Slovakia","SVK","1994","8.1979475","38743.297","19.081","8.598","0.000","0.000","17.118","17.118"
"Slovakia","SVK","1995","8.253979","39205.477","24.404","9.005","0.000","0.000","18.464","18.464"
"Slovakia","SVK","1996","8.219317","39416.023","23.134","9.191","0.000","0.000","16.614","16.614"
"Slovakia","SVK","1997","8.221393","38637.348","25.120","9.305","0.000","0.000","16.214","16.214"
"Slovakia","SVK","1998","8.163563","39009.043","22.775","9.133","0.000","0.000","16.595","16.595"
"Slovakia","SVK","1999","8.011809","39313.191","22.697","10.850","0.000","0.000","15.902","15.902"
"Slovakia","SVK","2000","7.6555824","40591.293","18.129","10.851","0.000","0.000","14.977","14.977"
"Slovakia","SVK","2001","8.044096","41766.941","18.285","8.483","0.000","0.000","15.489","15.960"
"Slovakia","SVK","2002","7.8163185","42124.301","16.004","7.800","0.000","0.000","16.377","16.843"
"Slovakia","SVK","2003","7.879032","40913.172","19.251","7.752","0.000","0.000","11.240","11.563"
"Slovakia","SVK","2004","7.971774","40008.508","18.654","7.947","0.000","0.033","13.465","13.563"
"Slovakia","SVK","2005","7.9709287","42086.473","17.677","6.956","0.000","0.032","14.805","14.933"
"Slovakia","SVK","2006","7.9301777","40946.383","17.014","6.120","0.000","0.032","14.098","15.412"
"Slovakia","SVK","2007","7.6310034","38418.406","17.248","5.821","0.000","0.036","15.990","17.715"
"Slovakia","SVK","2008","7.7011194","39431.949","16.255","5.604","0.000","0.035","14.062","15.907"
"Slovakia","SVK","2009","6.997327","35687.539","14.909","7.609","0.000","0.039","16.879","19.003"
"Slovakia","SVK","2010","7.133786","38080.727","12.983","8.060","0.073","0.036","19.183","21.699"
"Slovakia","SVK","2011","7.0478635","36591.309","12.584","11.166","1.418","0.000","13.400","17.724"
"Slovakia","SVK","2012","6.653511","35105.086","12.075","10.092","1.487","0.035","14.518","19.370"
"Slovakia","SVK","2013","6.5839057","35936.512","10.795","8.404","2.075","0.035","17.053","22.363"
"Slovakia","SVK","2014","6.224689","33419.594","10.614","5.991","2.219","0.037","15.570","23.077"
"Slovakia","SVK","2015","6.3701262","33734.289","10.663","6.029","1.922","0.038","14.582","22.796"
"Slovakia","SVK","2016","6.444788","34015.234","10.495","5.697","1.987","0.037","16.342","24.850"
"Slovakia","SVK","2017","6.6567197","35774.910","10.956","6.119","1.869","0.037","15.830","23.965"
"Slovakia","SVK","2018","6.647537","35121.086","11.329","7.000","2.183","0.038","13.511","21.867"
"Slovakia","SVK","2019","6.2108803","33892.781","8.301","10.890","2.093","0.035","15.466","23.590"
"Slovakia","SVK","2020","5.7151237","33193.328","6.524","12.522","2.315","0.000","15.854","24.027"
"Slovakia","SVK","2021","6.47673","35836.406","5.732","14.734","2.259","0.000","14.363","22.825"
"Slovakia","SVK","2022","5.771668","33887.691","5.761","8.193","2.581","0.000","13.692","22.671"
"Slovenia","SVN","1990","7.556182","34892.684","31.270","0.000","0.000","0.000","23.714","23.714"
"Slovenia","SVN","1991","6.9910984","34882.641","28.414","0.000","0.000","0.000","28.336","28.336"
"Slovenia","SVN","1992","6.957364","32581.604","37.601","0.000","0.000","0.000","27.715","27.715"
"Slovenia","SVN","1993","7.1600075","33468.152","39.247","0.000","0.000","0.000","25.439","25.439"
"Slovenia","SVN","1994","7.362782","35627.117","35.764","0.000","0.000","0.000","26.377","26.377"
"Slovenia","SVN","1995","7.7244644","37415.051","35.659","0.078","0.000","0.000","25.194","25.194"
"Slovenia","SVN","1996","8.054499","39262.270","34.176","0.077","0.000","0.000","28.123","28.123"
"Slovenia","SVN","1997","8.321139","40170.348","35.736","0.076","0.000","0.000","23.445","23.445"
"Slovenia","SVN","1998","8.103025","40314.043","36.297","0.802","0.000","0.000","25.146","25.146"
"Slovenia","SVN","1999","7.7824874","39938.070","33.786","1.282","0.000","0.000","28.205","28.431"
"Slovenia","SVN","2000","7.579839","39623.406","33.872","2.131","0.000","0.000","28.141","28.655"
"Slovenia","SVN","2001","8.196871","41459.707","33.978","2.072","0.000","0.000","26.243","26.727"
"Slovenia","SVN","2002","8.320522","41222.289","36.301","1.986","0.000","0.000","22.671","23.356"
"Slovenia","SVN","2003","8.169682","40319.898","36.949","2.675","0.000","0.000","21.403","22.270"
"Slovenia","SVN","2004","8.382396","42659.852","33.988","2.358","0.000","0.000","26.785","27.570"
"Slovenia","SVN","2005","8.484075","42491.914","34.878","2.250","0.000","0.000","22.899","23.627"
"Slovenia","SVN","2006","8.578714","42687.348","35.936","2.449","0.000","0.000","23.759","24.487"
"Slovenia","SVN","2007","8.613562","42242.930","36.436","2.992","0.000","0.000","21.742","22.473"
"Slovenia","SVN","2008","9.029033","46037.570","32.480","2.925","0.000","0.000","24.497","26.264"
"Slovenia","SVN","2009","7.962925","42289.820","31.300","3.600","0.000","0.000","28.737","29.896"
"Slovenia","SVN","2010","8.053124","42123.359","32.534","3.383","0.062","0.000","27.798","29.213"
"Slovenia","SVN","2011","7.9871964","40734.336","33.354","3.078","0.440","0.000","22.362","24.372"
"Slovenia","SVN","2012","7.677851","39508.945","33.055","3.408","1.029","0.000","25.080","27.846"
"Slovenia","SVN","2013","7.3606315","39029.039","30.823","3.228","1.392","0.000","29.304","32.342"
"Slovenia","SVN","2014","6.5917087","39987.750","21.924","2.157","1.516","0.000","35.510","38.484"
"Slovenia","SVN","2015","6.6305976","35959.715","29.595","2.703","1.824","0.068","25.743","29.392"
"Slovenia","SVN","2016","7.0186086","38266.707","30.869","2.588","1.664","0.062","27.726","31.177"
"Slovenia","SVN","2017","7.097131","38524.098","30.031","2.991","1.745","0.062","24.112","27.664"
"Slovenia","SVN","2018","7.03719","39165.715","28.660","2.978","1.551","0.062","29.156","32.382"
"Slovenia","SVN","2019","6.7451043","37905.922","28.194","3.398","1.888","0.063","28.194","31.718"
"Slovenia","SVN","2020","6.1229367","36542.867","25.814","3.434","2.191","0.059","29.189","33.037"
"Slovenia","SVN","2021","6.186983","36175.777","24.695","3.335","2.886","0.064","30.212","34.894"
"Slovenia","SVN","2022","6.017234","34391.094","24.190","3.542","3.316","0.075","24.039","29.616"
"Solomon Islands","SLB","2000","0.5157271","2456.513","0.000","0.000","0.000","0.000","0.000","0.000"
"Solomon Islands","SLB","2001","0.5302614","2508.614","0.000","0.000","0.000","0.000","0.000","0.000"
"Solomon Islands","SLB","2002","0.53637946","2532.751","0.000","0.000","0.000","0.000","0.000","0.000"
"Solomon Islands","SLB","2003","0.55019265","2587.097","0.000","0.000","0.000","0.000","0.000","0.000"
"Solomon Islands","SLB","2004","0.57899195","2689.960","0.000","0.000","0.000","0.000","0.000","0.000"
"Solomon Islands","SLB","2005","0.58400714","2695.842","0.000","0.000","0.000","0.000","0.000","0.000"
"Solomon Islands","SLB","2006","0.5962547","2734.638","0.000","0.000","0.000","0.000","0.000","0.000"
"Solomon Islands","SLB","2007","0.6006942","2850.482","0.000","0.000","0.000","0.000","0.000","0.000"
"Solomon Islands","SLB","2008","0.61210454","2828.880","0.000","0.000","0.000","0.000","0.000","0.000"
"Solomon Islands","SLB","2009","0.6222754","2862.027","0.000","0.000","0.000","0.000","0.000","0.000"
"Solomon Islands","SLB","2010","0.62558913","2880.250","0.000","0.000","0.000","0.000","0.000","0.000"
"Solomon Islands","SLB","2011","0.6294872","2918.432","0.000","0.000","0.000","0.000","0.000","0.000"
"Solomon Islands","SLB","2012","0.6004222","2854.352","0.000","0.000","0.000","0.000","0.000","0.000"
"Solomon Islands","SLB","2013","0.6343234","2771.765","0.000","0.000","0.000","0.000","0.000","0.000"
"Solomon Islands","SLB","2014","0.5345307","2543.960","0.000","0.000","0.000","0.000","0.000","0.000"
"Solomon Islands","SLB","2015","0.46414346","2266.201","0.000","0.000","0.000","0.000","0.000","0.000"
"Solomon Islands","SLB","2016","0.44252077","2124.666","0.000","0.000","0.000","0.000","0.000","0.000"
"Solomon Islands","SLB","2017","0.4221463","2061.452","0.000","0.000","0.000","0.000","0.000","0.000"
"Solomon Islands","SLB","2018","0.4133638","2107.609","0.000","0.000","0.000","0.000","0.000","0.000"
"Solomon Islands","SLB","2019","0.407583","2027.376","0.000","0.000","0.000","0.000","0.000","0.000"
"Solomon Islands","SLB","2020","0.39371127","1877.319","0.000","0.000","0.000","0.000","0.000","0.000"
"Solomon Islands","SLB","2021","0.37956762","1892.131","0.000","0.000","0.000","0.000","0.000","0.000"
"Somalia","SOM","2000","0.05762105","340.102","0.000","0.000","0.000","0.000","0.000","0.000"
"Somalia","SOM","2001","0.058952253","332.433","0.000","0.000","0.000","0.000","0.000","0.000"
"Somalia","SOM","2002","0.060234956","346.379","0.000","0.000","0.000","0.000","0.000","0.000"
"Somalia","SOM","2003","0.06101021","334.055","0.000","0.000","0.000","0.000","0.000","0.000"
"Somalia","SOM","2004","0.060941927","322.427","0.000","0.000","0.000","0.000","0.000","0.000"
"Somalia","SOM","2005","0.060927633","314.663","0.000","0.000","0.000","0.000","0.000","0.000"
"Somalia","SOM","2006","0.06109169","307.725","0.000","0.000","0.000","0.000","0.000","0.000"
"Somalia","SOM","2007","0.061160613","302.793","0.000","0.000","0.000","0.000","0.000","0.000"
"Somalia","SOM","2008","0.06188823","291.034","0.000","0.000","0.000","0.000","0.000","0.000"
"Somalia","SOM","2009","0.0621837","283.204","0.000","0.000","0.000","0.000","0.000","0.000"
"Somalia","SOM","2010","0.063348815","283.123","0.000","0.000","0.000","0.000","0.000","0.000"
"Somalia","SOM","2011","0.06557253","278.715","0.000","0.000","0.000","0.000","0.000","0.000"
"Somalia","SOM","2012","0.06674562","274.605","0.000","0.000","0.000","0.000","0.000","0.000"
"Somalia","SOM","2013","0.06662026","265.801","0.000","0.000","0.000","0.000","0.000","0.000"
"Somalia","SOM","2014","0.06647087","256.698","0.000","0.000","0.000","0.000","0.000","0.000"
"Somalia","SOM","2015","0.06687406","257.545","0.000","0.000","0.000","0.000","0.000","0.000"
"Somalia","SOM","2016","0.06664724","253.762","0.000","0.000","2.941","0.000","0.000","2.941"
"Somalia","SOM","2017","0.066566244","244.049","0.000","0.000","2.857","2.857","0.000","5.714"
"Somalia","SOM","2018","0.066866115","236.284","0.000","0.000","2.857","2.857","0.000","5.714"
"Somalia","SOM","2019","0.06673882","227.573","0.000","0.000","2.857","2.857","0.000","5.714"
"Somalia","SOM","2020","0.06843375","212.096","0.000","0.000","5.263","2.632","0.000","7.895"
"Somalia","SOM","2021","0.06682479","217.410","0.000","0.000","7.317","2.439","0.000","9.756"
"South Africa","ZAF","1985","9.242169","27095.578","94.363","0.000","0.000","0.000","0.435","0.435"
"South Africa","ZAF","1986","9.134771","26713.270","91.734","0.000","0.000","0.000","1.095","1.095"
"South Africa","ZAF","1987","8.805399","26203.447","93.700","0.000","0.000","0.000","1.061","1.061"
"South Africa","ZAF","1988","8.904788","27873.557","90.446","0.000","0.000","0.000","1.999","1.999"
"South Africa","ZAF","1989","8.597703","25750.080","90.881","0.000","0.000","0.000","1.689","1.689"
"South Africa","ZAF","1990","7.6800613","25820.756","93.243","0.000","0.000","0.000","0.604","0.604"
"South Africa","ZAF","1991","7.8207426","24987.143","92.319","0.000","0.000","0.000","1.176","1.176"
"South Africa","ZAF","1992","7.099532","24593.379","93.234","0.000","0.000","0.000","0.447","0.447"
"South Africa","ZAF","1993","7.3989305","24109.285","94.994","0.000","0.000","0.000","0.084","0.084"
"South Africa","ZAF","1994","7.6970315","24713.633","93.237","0.000","0.000","0.000","0.591","0.591"
"South Africa","ZAF","1995","8.120774","25406.133","92.980","0.000","0.000","0.000","0.283","0.283"
"South Africa","ZAF","1996","8.060904","25519.965","92.317","0.000","0.000","0.000","0.659","0.689"
"South Africa","ZAF","1997","8.435343","25737.912","91.684","0.000","0.000","0.000","0.994","1.064"
"South Africa","ZAF","1998","8.161872","24972.111","91.310","0.000","0.000","0.000","0.777","0.889"
"South Africa","ZAF","1999","8.021964","25531.172","91.946","0.000","0.000","0.000","0.358","0.455"
"South Africa","ZAF","2000","8.022367","25321.518","92.467","0.000","0.000","0.000","0.682","0.911"
"South Africa","ZAF","2001","7.8122125","25228.531","93.294","0.000","0.000","0.000","1.048","1.252"
"South Africa","ZAF","2002","7.4241047","24361.893","92.730","0.000","0.010","0.000","1.159","1.380"
"South Africa","ZAF","2003","8.338209","26150.760","93.654","0.000","0.009","0.005","0.357","0.545"
"South Africa","ZAF","2004","9.171435","28271.896","93.161","0.000","0.009","0.004","0.412","0.583"
"South Africa","ZAF","2005","8.409871","26508.631","93.862","0.035","0.009","0.004","0.576","0.763"
"South Africa","ZAF","2006","8.935195","26793.564","94.349","0.008","0.008","0.004","1.213","1.386"
"South Africa","ZAF","2007","9.203381","27245.980","93.894","0.032","0.008","0.004","0.348","0.527"
"South Africa","ZAF","2008","9.677716","28867.244","93.927","0.033","0.008","0.008","0.494","0.690"
"South Africa","ZAF","2009","9.173127","28399.283","94.175","0.004","0.009","0.013","0.600","0.803"
"South Africa","ZAF","2010","8.928475","28247.576","93.267","0.313","0.008","0.012","0.860","1.033"
"South Africa","ZAF","2011","8.949351","27552.764","93.075","0.339","0.008","0.016","0.834","1.018"
"South Africa","ZAF","2012","8.579701","26770.203","92.727","0.689","0.012","0.017","0.494","0.689"
"South Africa","ZAF","2013","8.343052","26525.145","91.011","1.174","0.021","0.004","0.465","0.679"
"South Africa","ZAF","2014","8.663356","26411.893","89.639","1.226","0.457","0.448","0.380","1.429"
"South Africa","ZAF","2015","8.064963","25352.562","89.411","1.612","1.035","1.078","0.345","2.626"
"South Africa","ZAF","2016","7.9820704","26236.475","88.605","0.000","1.275","1.568","0.284","3.259"
"South Africa","ZAF","2017","7.6344075","26033.504","89.424","0.000","1.656","2.068","0.340","4.220"
"South Africa","ZAF","2018","7.7417293","24742.117","90.339","0.000","1.789","2.730","0.464","5.155"
"South Africa","ZAF","2019","7.899718","25511.209","88.319","0.000","2.051","2.822","0.311","5.359"
"South Africa","ZAF","2020","7.1875925","23568.951","88.362","0.000","2.266","2.676","0.649","5.781"
"South Africa","ZAF","2021","7.14546","23392.424","86.349","0.000","2.979","3.746","0.659","7.563"
"South Africa","ZAF","2022","6.8738866","22350.898","85.342","0.000","2.907","4.537","1.414","9.092"
"South Korea","KOR","1985","4.1011415","15137.730","39.511","0.092","0.000","0.000","5.082","5.082"
"South Korea","KOR","1986","4.2258763","16754.162","35.871","0.076","0.000","0.000","4.463","4.463"
"South Korea","KOR","1987","4.3797073","18311.111","29.470","11.883","0.000","0.000","4.941","4.941"
"South Korea","KOR","1988","4.914697","20161.307","31.748","11.883","0.000","0.000","2.134","2.134"
"South Korea","KOR","1989","5.1352463","21626.703","29.549","9.563","0.000","0.000","2.860","2.860"
"South Korea","KOR","1990","5.6829114","24162.186","28.290","10.461","0.001","0.000","3.954","3.955"
"South Korea","KOR","1991","6.2037244","27100.135","27.983","10.037","0.001","0.000","2.649","2.649"
"South Korea","KOR","1992","6.716251","30416.184","28.926","13.343","0.001","0.000","2.115","2.117"
"South Korea","KOR","1993","7.3555517","33184.629","33.047","11.688","0.001","0.001","2.611","2.613"
"South Korea","KOR","1994","7.8814135","35601.617","35.503","9.769","0.001","0.001","1.279","1.281"
"South Korea","KOR","1995","8.456663","38704.719","35.376","14.354","0.001","0.000","1.356","1.480"
"South Korea","KOR","1996","9.224541","42497.312","36.179","15.394","0.001","0.000","1.073","1.253"
"South Korea","KOR","1997","9.685518","46366.664","38.095","17.033","0.001","0.000","1.141","1.174"
"South Korea","KOR","1998","8.17717","42134.332","43.403","11.753","0.002","0.001","1.804","1.831"
"South Korea","KOR","1999","8.828288","45648.047","42.379","11.410","0.002","0.002","1.587","1.624"
"South Korea","KOR","2000","9.407999","48001.297","39.443","10.341","0.000","0.007","1.457","1.493"
"South Korea","KOR","2001","9.685312","48871.348","40.703","10.797","0.003","0.003","1.408","1.442"
"South Korea","KOR","2002","10.064984","50846.504","41.217","12.984","0.003","0.003","1.028","1.089"
"South Korea","KOR","2003","10.211963","52236.246","39.661","13.061","0.003","0.009","1.496","1.564"
"South Korea","KOR","2004","10.302297","53247.426","38.715","17.070","0.003","0.014","1.239","1.337"
"South Korea","KOR","2005","10.421549","54864.957","38.528","16.532","0.003","0.036","0.999","1.103"
"South Korea","KOR","2006","10.487704","55579.965","38.015","18.489","0.008","0.063","0.903","1.038"
"South Korea","KOR","2007","10.828748","57040.523","39.947","19.768","0.017","0.094","0.894","1.097"
"South Korea","KOR","2008","11.015084","57774.648","43.090","18.387","0.067","0.105","0.724","1.046"
"South Korea","KOR","2009","11.078403","57865.918","46.178","15.647","0.134","0.162","0.654","1.089"
"South Korea","KOR","2010","12.18674","62221.305","44.054","21.064","0.161","0.172","0.760","1.725"
"South Korea","KOR","2011","12.690266","64630.859","42.706","22.346","0.184","0.172","0.907","2.456"
"South Korea","KOR","2012","12.660249","64802.520","41.533","24.182","0.215","0.178","0.757","2.496"
"South Korea","KOR","2013","12.673574","64441.535","41.215","26.649","0.307","0.222","0.818","2.827"
"South Korea","KOR","2014","12.453072","64414.168","41.377","24.312","0.486","0.219","0.519","3.368"
"South Korea","KOR","2015","12.438773","64988.355","41.900","22.163","0.739","0.255","0.404","3.667"
"South Korea","KOR","2016","12.435496","66508.258","41.067","23.116","0.946","0.313","0.515","3.987"
"South Korea","KOR","2017","12.712852","66910.398","43.925","23.421","1.303","0.401","0.523","4.802"
"South Korea","KOR","2018","12.977481","67828.930","42.771","27.597","1.638","0.438","0.590","5.230"
"South Korea","KOR","2019","12.480763","66896.133","41.418","26.461","2.345","0.483","0.496","5.758"
"South Korea","KOR","2020","11.524331","64311.133","36.898","28.123","3.259","0.571","0.704","6.131"
"South Korea","KOR","2021","11.882237","67330.305","35.715","29.756","4.070","0.540","0.518","7.774"
"South Korea","KOR","2022","11.719733","68126.188","33.927","28.092","4.796","0.556","0.585","9.212"
"South Sudan","SSD","2012","0.12365207","557.737","0.000","0.000","0.000","0.000","0.000","0.000"
"South Sudan","SSD","2013","0.12928352","568.443","0.000","0.000","0.000","0.000","0.000","0.000"
"South Sudan","SSD","2014","0.13338377","582.462","0.000","0.000","0.000","0.000","0.000","0.000"
"South Sudan","SSD","2015","0.17218961","714.991","0.000","0.000","0.000","0.000","0.000","0.000"
"South Sudan","SSD","2016","0.157317","698.385","0.000","0.000","0.000","0.000","0.000","0.000"
"South Sudan","SSD","2017","0.14178641","635.443","0.000","0.000","0.000","0.000","0.000","0.000"
"South Sudan","SSD","2018","0.17156366","671.758","0.000","0.000","1.786","0.000","0.000","1.786"
"South Sudan","SSD","2019","0.16978289","747.486","0.000","0.000","1.786","0.000","0.000","1.786"
"South Sudan","SSD","2020","0.15959515","703.135","0.000","0.000","1.852","0.000","0.000","1.852"
"South Sudan","SSD","2021","0.16017249","731.989","0.000","0.000","1.754","0.000","0.000","1.754"
"Spain","ESP","1985","5.1796837","23972.881","43.145","1.986","0.000","0.000","24.721","25.203"
"Spain","ESP","1986","4.8824115","24401.979","42.640","1.648","0.000","0.000","20.612","21.031"
"Spain","ESP","1987","4.8778787","25232.549","41.250","1.128","0.000","0.000","20.641","21.065"
"Spain","ESP","1988","5.0693226","26295.514","31.040","0.984","0.000","0.000","25.401","25.886"
"Spain","ESP","1989","5.7621193","27502.225","40.544","0.951","0.004","0.009","13.158","13.564"
"Spain","ESP","1990","5.8688183","27481.551","39.508","0.999","0.007","0.007","16.844","17.214"
"Spain","ESP","1991","6.104081","28374.404","37.997","0.879","0.006","0.006","17.609","17.971"
"Spain","ESP","1992","6.283217","29567.898","40.985","1.091","0.006","0.064","12.075","12.509"
"Spain","ESP","1993","6.03","28449.670","40.152","0.772","0.006","0.077","15.708","16.165"
"Spain","ESP","1994","6.306981","29646.164","38.266","2.014","0.006","0.106","17.551","18.061"
"Spain","ESP","1995","6.6179895","30627.230","39.801","2.264","0.012","0.163","13.937","14.722"
"Spain","ESP","1996","6.276799","31666.996","31.113","3.916","0.012","0.208","22.951","23.793"
"Spain","ESP","1997","6.5530524","33261.406","33.134","9.607","0.011","0.391","18.373","19.546"
"Spain","ESP","1998","6.73725","34707.641","31.842","8.382","0.010","0.698","17.576","19.075"
"Spain","ESP","1999","7.277729","35609.875","35.797","9.269","0.015","1.332","11.098","13.233"
"Spain","ESP","2000","7.5392795","37495.703","35.800","9.135","0.005","2.141","12.792","15.612"
"Spain","ESP","2001","7.5409565","39003.945","30.150","10.023","0.009","2.900","17.544","21.152"
"Spain","ESP","2002","7.9277363","38938.438","33.838","13.501","0.008","3.893","8.845","13.826"
"Spain","ESP","2003","7.8938184","40418.156","29.044","15.301","0.008","4.691","15.733","21.667"
"Spain","ESP","2004","8.144856","41185.832","28.906","20.267","0.007","5.737","11.358","18.319"
"Spain","ESP","2005","8.358881","40779.031","27.793","27.775","0.018","7.446","6.465","14.860"
"Spain","ESP","2006","8.029218","40681.789","22.604","30.675","0.041","7.891","8.792","17.662"
"Spain","ESP","2007","8.051333","40817.645","24.144","31.440","0.172","9.143","9.057","19.335"
"Spain","ESP","2008","7.2517366","39067.871","15.679","38.884","0.830","10.606","7.519","20.005"
"Spain","ESP","2009","6.350556","35904.375","12.318","36.960","2.079","13.076","9.059","25.411"
"Spain","ESP","2010","6.032926","36714.199","8.496","31.813","2.412","14.848","14.187","32.792"
"Spain","ESP","2011","6.02738","35901.070","15.094","29.348","3.226","14.730","10.502","30.041"
"Spain","ESP","2012","5.9005117","35681.477","18.746","24.955","4.075","16.840","6.995","29.605"
"Spain","ESP","2013","5.3800054","34008.008","14.190","20.443","4.654","19.771","13.099","39.585"
"Spain","ESP","2014","5.4292984","33478.238","15.934","17.193","4.972","18.917","14.247","40.103"
"Spain","ESP","2015","5.7889185","33920.238","18.513","18.920","4.995","17.778","10.141","34.990"
"Spain","ESP","2016","5.554019","34212.625","13.433","19.481","5.030","18.032","13.422","38.582"
"Spain","ESP","2017","5.83512","34520.543","16.537","23.466","5.277","18.003","6.713","32.221"
"Spain","ESP","2018","5.701944","34986.293","13.734","21.333","4.686","18.721","12.627","38.208"
"Spain","ESP","2019","5.284558","33764.863","4.747","30.902","5.574","20.543","9.100","37.281"
"Spain","ESP","2020","4.441423","30391.289","2.125","26.851","7.958","21.730","11.747","43.811"
"Spain","ESP","2021","4.793181","32491.648","1.795","26.402","10.007","22.916","10.941","46.435"
"Spain","ESP","2022","4.8971643","33615.332","2.675","30.547","11.506","21.716","6.601","42.218"
"Sri Lanka","LKA","1985","0.24963471","1596.779","","","0.000","0.000","97.185","97.185"
"Sri Lanka","LKA","1986","0.2302952","1657.521","","","0.000","0.000","99.751","99.751"
"Sri Lanka","LKA","1987","0.25056785","1680.844","","","0.000","0.000","80.415","80.415"
"Sri Lanka","LKA","1988","0.21332496","1640.432","","","0.000","0.000","92.792","92.792"
"Sri Lanka","LKA","1989","0.21044955","1577.079","","","0.000","0.000","98.016","98.016"
"Sri Lanka","LKA","1990","0.23251896","1737.202","","","0.000","0.000","99.841","99.841"
"Sri Lanka","LKA","1991","0.24926244","1712.537","","","0.000","0.000","92.286","92.286"
"Sri Lanka","LKA","1992","0.30083695","1815.572","","","0.000","0.000","81.925","81.925"
"Sri Lanka","LKA","1993","0.28850245","1957.905","","","0.000","0.000","95.408","95.408"
"Sri Lanka","LKA","1994","0.30919212","2099.156","","","0.000","0.000","93.215","93.215"
"Sri Lanka","LKA","1995","0.32549822","2241.126","","","0.000","0.000","94.036","94.036"
"Sri Lanka","LKA","1996","0.38328636","2338.919","","","0.000","0.000","71.818","71.818"
"Sri Lanka","LKA","1997","0.405572","2397.603","","","0.000","0.000","67.016","67.016"
"Sri Lanka","LKA","1998","0.40983656","2540.602","","","0.000","0.000","68.981","68.981"
"Sri Lanka","LKA","1999","0.44241077","2716.560","","","0.000","0.056","66.513","66.568"
"Sri Lanka","LKA","2000","0.5178222","2851.808","0.000","0.000","0.155","0.000","48.992","49.147"
"Sri Lanka","LKA","2001","0.5182398","2750.116","0.000","0.000","0.153","0.000","47.167","47.320"
"Sri Lanka","LKA","2002","0.5446268","2799.956","0.000","0.000","0.147","0.000","39.265","39.412"
"Sri Lanka","LKA","2003","0.53937906","2852.466","0.000","0.000","0.135","0.000","43.995","44.130"
"Sri Lanka","LKA","2004","0.59281546","2745.289","0.000","0.000","0.127","0.000","37.183","37.310"
"Sri Lanka","LKA","2005","0.57723796","3140.531","0.000","0.000","0.112","0.000","38.298","38.410"
"Sri Lanka","LKA","2006","0.5651884","3338.283","0.000","0.000","0.119","0.000","45.779","45.898"
"Sri Lanka","LKA","2007","0.577949","3358.799","0.000","0.000","0.210","0.000","41.115","41.430"
"Sri Lanka","LKA","2008","0.5646439","3134.030","0.000","0.000","0.208","0.000","42.516","43.243"
"Sri Lanka","LKA","2009","0.605714","3147.071","0.000","0.000","0.208","0.000","40.271","40.999"
"Sri Lanka","LKA","2010","0.6081095","3368.203","0.000","0.000","0.191","0.478","53.397","54.450"
"Sri Lanka","LKA","2011","0.68904465","3623.197","10.277","0.000","0.179","0.804","40.840","42.181"
"Sri Lanka","LKA","2012","0.72696227","3708.993","12.313","0.000","0.176","1.319","28.672","30.607"
"Sri Lanka","LKA","2013","0.6621668","3748.582","7.376","0.000","0.172","1.973","58.748","61.235"
"Sri Lanka","LKA","2014","0.79248416","4007.714","24.144","0.000","0.251","2.256","37.678","40.685"
"Sri Lanka","LKA","2015","0.8826046","4476.931","21.619","0.000","0.236","2.673","46.462","49.843"
"Sri Lanka","LKA","2016","1.0195531","4878.142","28.707","0.000","0.365","2.484","30.533","34.186"
"Sri Lanka","LKA","2017","1.0036424","4726.284","29.952","0.000","0.749","2.519","27.093","31.246"
"Sri Lanka","LKA","2018","0.90489626","4876.866","23.396","0.000","1.537","2.206","42.380","47.059"
"Sri Lanka","LKA","2019","0.9417696","4973.599","26.432","0.000","2.266","2.203","30.271","35.935"
"Sri Lanka","LKA","2020","0.9047328","4853.110","25.610","0.000","2.824","2.182","31.964","38.126"
"Sri Lanka","LKA","2021","0.9173014","4884.529","24.648","8.196","3.303","2.263","30.581","37.248"
"Sri Lanka","LKA","2022","0.80477285","4347.636","","","5.989","2.905","42.104","51.574"
"Sudan","SDN","2000","0.1902314","1182.543","0.000","27.519","0.000","0.000","45.349","52.326"
"Sudan","SDN","2001","0.21101892","1239.924","0.000","28.269","0.000","0.000","44.170","51.237"
"Sudan","SDN","2002","0.2611692","1434.762","0.000","28.803","0.000","0.000","41.100","48.544"
"Sudan","SDN","2003","0.28483316","1455.157","0.000","21.321","0.000","0.000","34.535","39.940"
"Sudan","SDN","2004","0.355604","1560.131","0.000","17.630","0.000","0.000","31.792","36.416"
"Sudan","SDN","2005","0.33772862","1767.634","0.000","17.368","0.000","0.000","32.895","37.368"
"Sudan","SDN","2006","0.36085773","2052.445","0.000","17.489","0.000","0.000","30.493","34.978"
"Sudan","SDN","2007","0.41398454","2118.628","0.000","17.611","0.000","0.000","29.150","33.603"
"Sudan","SDN","2008","0.4216906","2246.169","0.000","13.704","0.000","0.000","26.852","30.370"
"Sudan","SDN","2009","0.42827997","2354.965","0.000","9.502","0.000","0.000","49.844","52.181"
"Sudan","SDN","2010","0.42553443","2604.365","0.000","3.067","0.000","0.000","81.867","82.667"
"Sudan","SDN","2011","0.4070595","2462.639","0.000","3.938","0.000","0.000","76.372","77.327"
"Sudan","SDN","2012","0.42691404","2326.128","0.000","4.716","0.107","0.000","70.204","72.883"
"Sudan","SDN","2013","0.45980862","2385.017","0.000","3.128","0.098","0.000","80.450","82.209"
"Sudan","SDN","2014","0.33729354","2378.840","0.000","3.461","0.089","0.000","78.261","80.213"
"Sudan","SDN","2015","0.3559451","2384.243","0.000","5.538","0.078","0.000","65.055","68.097"
"Sudan","SDN","2016","0.47836417","2684.055","0.000","6.809","0.142","0.000","56.525","60.284"
"Sudan","SDN","2017","0.4753949","2654.543","0.000","6.110","0.131","0.000","60.775","64.192"
"Sudan","SDN","2018","0.46384075","2554.751","0.000","5.912","0.126","0.000","60.126","63.396"
"Sudan","SDN","2019","0.48315886","2459.363","0.000","5.947","0.123","0.000","60.025","63.335"
"Sudan","SDN","2020","0.42317292","2378.228","0.000","5.586","0.182","0.000","62.356","65.513"
"Sudan","SDN","2021","0.39961275","2317.393","0.000","5.907","0.181","0.000","60.277","63.593"
"Suriname","SUR","2000","4.6005054","17458.830","0.000","0.000","0.000","0.000","50.714","50.714"
"Suriname","SUR","2001","4.857427","16939.615","0.000","0.000","0.000","0.000","51.408","51.408"
"Suriname","SUR","2002","3.1431813","18476.682","0.000","0.000","0.000","0.000","51.748","51.748"
"Suriname","SUR","2003","3.0383575","16105.433","0.000","0.000","0.000","0.000","52.083","52.083"
"Suriname","SUR","2004","3.0221334","18010.424","0.000","0.000","0.000","0.000","52.414","52.414"
"Suriname","SUR","2005","3.0538914","18127.873","0.000","0.000","0.000","0.000","53.947","53.947"
"Suriname","SUR","2006","3.3142724","19537.414","0.000","0.000","0.000","0.000","55.128","55.128"
"Suriname","SUR","2007","3.3105705","18059.730","0.000","0.000","0.000","0.000","55.128","55.128"
"Suriname","SUR","2008","3.6127217","21127.252","0.000","0.000","0.000","0.000","55.128","55.128"
"Suriname","SUR","2009","3.6592057","21246.133","0.000","0.000","0.000","0.000","55.128","55.128"
"Suriname","SUR","2010","4.319442","25234.633","0.000","0.000","0.000","0.000","71.429","71.429"
"Suriname","SUR","2011","4.9578395","20305.736","0.000","0.000","0.000","0.000","54.497","54.497"
"Suriname","SUR","2012","4.432314","21876.135","0.000","0.000","0.000","0.000","43.386","43.386"
"Suriname","SUR","2013","5.538299","20840.512","0.000","0.000","0.000","0.000","43.229","43.229"
"Suriname","SUR","2014","5.5631514","20081.727","0.000","0.000","0.000","0.000","28.646","28.646"
"Suriname","SUR","2015","4.665511","18293.592","0.000","0.000","0.513","0.000","24.103","25.128"
"Suriname","SUR","2016","4.9569607","18815.174","0.000","0.000","0.521","0.000","40.625","41.667"
"Suriname","SUR","2017","4.093148","21698.678","0.000","0.000","0.532","0.000","48.936","49.468"
"Suriname","SUR","2018","3.4912922","21688.730","0.000","0.000","0.529","0.000","52.381","52.910"
"Suriname","SUR","2019","4.3453355","21629.324","0.000","0.000","0.513","0.000","48.718","49.231"
"Suriname","SUR","2020","4.7717237","20356.205","0.000","0.000","0.521","0.000","50.521","51.042"
"Suriname","SUR","2021","4.28382","20284.996","0.000","0.000","0.990","0.000","49.505","50.495"
"Sweden","SWE","1985","7.4685206","82435.344","","","0.000","0.004","51.763","53.082"
"Sweden","SWE","1986","7.4088583","85226.414","","","0.000","0.004","43.947","45.379"
"Sweden","SWE","1987","7.1085005","83179.805","","","0.000","0.004","49.023","50.364"
"Sweden","SWE","1988","6.8068614","81001.203","","","0.000","0.003","47.790","49.189"
"Sweden","SWE","1989","6.537387","78874.500","","","0.000","0.003","50.143","51.676"
"Sweden","SWE","1990","6.708656","79817.398","0.740","0.288","0.000","0.007","49.664","51.000"
"Sweden","SWE","1991","6.691918","75294.406","1.334","0.395","0.000","0.007","43.029","44.302"
"Sweden","SWE","1992","6.635051","75456.633","1.233","0.541","0.000","0.021","50.935","52.333"
"Sweden","SWE","1993","6.5974426","74274.727","1.432","0.626","0.000","0.034","51.391","52.919"
"Sweden","SWE","1994","6.833269","73943.016","1.829","0.603","0.000","0.049","41.416","43.027"
"Sweden","SWE","1995","6.739775","74491.852","1.531","0.573","0.000","0.067","45.927","47.579"
"Sweden","SWE","1996","7.1659117","72163.617","2.624","0.484","0.000","0.100","36.797","38.404"
"Sweden","SWE","1997","6.597155","74519.523","1.347","0.442","0.000","0.134","46.284","48.274"
"Sweden","SWE","1998","6.6399035","80458.047","1.285","0.334","0.000","0.202","47.232","49.184"
"Sweden","SWE","1999","6.315034","77938.883","1.447","0.291","0.000","0.232","46.299","48.276"
"Sweden","SWE","2000","6.187081","72085.086","1.129","0.331","0.000","0.317","54.107","57.247"
"Sweden","SWE","2001","6.2704806","77094.320","1.163","0.248","0.000","0.297","48.923","51.559"
"Sweden","SWE","2002","6.3454914","71925.883","1.616","0.382","0.000","0.416","45.235","48.500"
"Sweden","SWE","2003","6.3873878","68647.008","2.105","0.539","0.000","0.502","39.545","43.378"
"Sweden","SWE","2004","6.2740436","73592.023","0.666","0.514","0.000","0.567","39.633","44.947"
"Sweden","SWE","2005","5.9566827","75121.828","0.410","0.379","0.000","0.594","45.968","51.291"
"Sweden","SWE","2006","5.9082747","70265.688","0.614","0.419","0.000","0.684","43.076","49.595"
"Sweden","SWE","2007","5.7801905","70870.680","0.437","0.558","0.000","0.961","44.456","52.029"
"Sweden","SWE","2008","5.506071","69369.703","0.340","0.414","0.000","1.334","46.077","54.310"
"Sweden","SWE","2009","5.069861","63081.840","0.373","1.142","0.007","1.823","48.206","58.426"
"Sweden","SWE","2010","5.654432","66485.906","0.687","1.960","0.007","2.351","44.729","55.298"
"Sweden","SWE","2011","5.1976295","64929.965","0.439","1.051","0.007","4.066","44.204","55.956"
"Sweden","SWE","2012","4.8959537","68276.211","0.288","0.553","0.012","4.302","47.425","59.064"
"Sweden","SWE","2013","4.698226","63351.668","0.425","0.555","0.026","6.430","40.097","54.035"
"Sweden","SWE","2014","4.4742975","62421.891","0.241","0.274","0.033","7.314","41.524","55.838"
"Sweden","SWE","2015","4.419636","63877.484","0.241","0.278","0.062","10.074","46.488","63.272"
"Sweden","SWE","2016","4.3643203","62081.117","0.167","0.436","0.090","9.930","39.784","57.175"
"Sweden","SWE","2017","4.211175","63417.605","0.195","0.201","0.140","10.723","39.664","57.882"
"Sweden","SWE","2018","4.1134505","61487.004","0.208","0.233","0.251","10.174","38.082","55.797"
"Sweden","SWE","2019","3.9665341","63283.469","0.125","0.172","0.404","11.786","38.814","58.746"
"Sweden","SWE","2020","3.5371203","59395.523","0.000","0.061","0.641","16.808","44.197","68.472"
"Sweden","SWE","2021","3.7027159","60186.461","0.006","0.169","0.891","15.858","43.017","67.381"
"Sweden","SWE","2022","3.4653375","59926.805","0.006","0.169","1.363","19.362","40.284","68.383"
"Switzerland","CHE","1985","6.14473","50044.062","","","0.000","0.000","56.892","57.540"
"Switzerland","CHE","1986","6.4915795","52258.336","","","0.000","0.000","57.316","58.114"
"Switzerland","CHE","1987","6.1386414","51625.559","","","0.000","0.000","58.049","58.904"
"Switzerland","CHE","1988","6.1630116","51638.832","","","0.000","0.000","59.130","59.978"
"Switzerland","CHE","1989","5.9250574","47871.336","","","0.000","0.000","54.522","55.491"
"Switzerland","CHE","1990","6.5764318","49410.152","","","0.002","0.000","53.196","53.979"
"Switzerland","CHE","1991","6.7869825","50118.109","","","0.003","0.000","55.252","56.006"
"Switzerland","CHE","1992","6.6934896","50348.559","","","0.005","0.000","54.948","55.767"
"Switzerland","CHE","1993","6.2855296","49807.938","","","0.006","0.000","58.128","58.932"
"Switzerland","CHE","1994","6.1010094","51916.375","","","0.008","0.000","59.081","59.920"
"Switzerland","CHE","1995","6.1663036","48874.762","","","0.010","0.000","55.950","56.872"
"Switzerland","CHE","1996","6.2369266","47002.172","","","0.012","0.002","50.146","51.231"
"Switzerland","CHE","1997","6.072131","50136.387","","","0.011","0.003","54.126","55.186"
"Switzerland","CHE","1998","6.2757573","50269.312","","","0.013","0.005","52.894","54.000"
"Switzerland","CHE","1999","6.2214174","52284.445","","","0.015","0.004","58.306","59.417"
"Switzerland","CHE","2000","6.071895","50728.715","0.000","0.000","0.016","0.000","54.818","55.061"
"Switzerland","CHE","2001","6.2389235","53862.719","0.000","0.000","0.015","0.000","57.467","57.692"
"Switzerland","CHE","2002","5.9717827","49782.922","0.000","0.000","0.016","0.000","52.871","53.116"
"Switzerland","CHE","2003","6.088628","48884.531","0.000","0.000","0.033","0.000","52.308","52.570"
"Switzerland","CHE","2004","6.1253977","47846.156","0.000","0.000","0.034","0.017","51.869","52.171"
"Switzerland","CHE","2005","6.1594725","45606.344","0.000","0.000","0.037","0.019","53.143","53.495"
"Switzerland","CHE","2006","6.0660357","47162.109","0.000","0.000","0.035","0.017","48.800","49.128"
"Switzerland","CHE","2007","5.7464805","46220.898","0.000","0.000","0.048","0.032","52.143","52.465"
"Switzerland","CHE","2008","5.849575","47155.750","0.000","0.000","0.048","0.032","52.950","53.268"
"Switzerland","CHE","2009","5.625207","46436.273","0.000","0.000","0.080","0.032","52.697","53.018"
"Switzerland","CHE","2010","5.754552","44714.965","0.000","0.000","0.145","0.064","53.602","54.037"
"Switzerland","CHE","2011","5.1770616","41971.254","0.000","0.000","0.287","0.118","50.524","51.182"
"Switzerland","CHE","2012","5.280982","43889.645","0.000","0.000","0.468","0.140","55.758","56.600"
"Switzerland","CHE","2013","5.3370247","44514.031","0.000","0.000","0.773","0.139","55.053","56.196"
"Switzerland","CHE","2014","4.791576","41980.578","0.000","0.000","1.274","0.152","53.261","54.898"
"Switzerland","CHE","2015","4.6784573","40582.914","0.000","0.000","1.802","0.177","56.927","59.099"
"Switzerland","CHE","2016","4.6836095","37755.191","0.000","0.000","2.313","0.191","55.617","58.383"
"Switzerland","CHE","2017","4.522791","37489.188","0.000","0.000","2.967","0.230","55.599","59.078"
"Switzerland","CHE","2018","4.3381386","37794.062","0.000","0.000","3.132","0.193","51.550","55.115"
"Switzerland","CHE","2019","4.2928753","39156.449","0.000","0.000","3.278","0.226","52.872","56.602"
"Switzerland","CHE","2020","3.974646","35766.375","0.000","0.000","3.858","0.223","56.187","60.519"
"Switzerland","CHE","2021","4.1233916","34368.309","0.000","0.000","4.760","0.247","60.870","66.057"
"Switzerland","CHE","2022","3.7477124","33350.754","0.000","0.000","4.337","0.096","54.795","59.406"
"Syria","SYR","2000","3.2772665","13354.251","0.000","38.410","0.000","0.000","13.389","13.473"
"Syria","SYR","2001","3.0110767","12865.062","0.000","38.428","0.000","0.000","13.349","13.428"
"Syria","SYR","2002","2.3314688","13570.627","0.000","40.279","0.000","0.000","9.173","9.287"
"Syria","SYR","2003","3.095555","12843.790","0.000","40.014","0.000","0.000","9.771","9.878"
"Syria","SYR","2004","2.818992","13915.218","0.000","38.322","0.000","0.000","13.586","13.684"
"Syria","SYR","2005","2.719332","15298.658","0.000","38.622","0.000","0.000","12.934","13.025"
"Syria","SYR","2006","2.751944","15247.384","0.000","39.427","0.000","0.000","11.083","11.168"
"Syria","SYR","2007","3.2068613","14764.992","0.000","46.851","0.000","0.000","9.419","9.502"
"Syria","SYR","2008","3.1467137","14448.704","0.000","47.935","0.000","0.000","7.331","7.408"
"Syria","SYR","2009","2.878524","13302.270","0.000","55.841","0.000","0.000","4.531","4.604"
"Syria","SYR","2010","2.76026","13451.906","0.639","55.903","0.000","0.000","5.869","5.937"
"Syria","SYR","2011","2.5823045","11966.390","0.582","56.410","0.000","0.000","8.217","8.293"
"Syria","SYR","2012","2.035984","9298.453","0.573","55.549","0.000","0.000","9.650","9.710"
"Syria","SYR","2013","1.5810518","7177.317","0.546","53.824","0.000","0.000","12.479","12.521"
"Syria","SYR","2014","1.7199317","6826.982","0.547","54.378","0.000","0.000","11.542","11.592"
"Syria","SYR","2015","1.6018543","6352.633","0.649","59.965","0.000","0.000","2.417","2.476"
"Syria","SYR","2016","1.5193428","6267.527","0.582","58.207","0.000","0.000","5.355","5.413"
"Syria","SYR","2017","1.7931892","6299.887","0.633","58.803","0.000","0.000","4.315","4.373"
"Syria","SYR","2018","1.6228212","7240.203","0.583","58.810","0.000","0.000","4.376","4.434"
"Syria","SYR","2019","1.6454934","6154.949","0.542","61.446","0.000","0.000","4.518","4.578"
"Syria","SYR","2020","1.5365934","5564.748","0.570","61.266","0.000","0.000","4.747","4.810"
"Syria","SYR","2021","1.5030166","5507.217","0.537","61.456","0.000","0.000","4.475","4.535"
"Taiwan","TWN","1985","3.9061084","20364.154","26.389","0.000","0.000","0.000","10.802","10.807"
"Taiwan","TWN","1986","4.350301","21881.869","32.859","0.000","0.000","0.000","9.834","9.841"
"Taiwan","TWN","1987","4.5223956","23409.428","32.758","0.000","0.000","0.000","7.963","7.967"
"Taiwan","TWN","1988","5.260161","25580.686","31.200","0.000","0.000","0.000","6.129","6.133"
"Taiwan","TWN","1989","5.632518","26892.926","31.556","0.155","0.000","0.000","5.786","6.018"
"Taiwan","TWN","1990","6.0334334","28396.725","28.122","1.334","0.000","0.000","7.075","7.310"
"Taiwan","TWN","1991","6.4302087","29759.426","29.910","2.894","0.000","0.000","3.886","4.131"
"Taiwan","TWN","1992","6.788266","31345.549","35.687","2.863","0.000","0.000","6.212","6.460"
"Taiwan","TWN","1993","7.27501","32885.426","39.013","2.264","0.000","0.000","3.567","3.769"
"Taiwan","TWN","1994","7.564869","34624.047","38.881","4.319","0.000","0.000","4.061","4.267"
"Taiwan","TWN","1995","7.897282","36522.035","37.970","4.390","0.000","0.000","3.636","3.924"
"Taiwan","TWN","1996","8.201981","37761.367","42.313","4.388","0.000","0.000","3.341","3.672"
"Taiwan","TWN","1997","8.717345","39699.840","43.699","5.961","0.000","0.000","3.486","3.835"
"Taiwan","TWN","1998","9.095376","41802.527","43.153","8.750","0.000","0.000","3.800","4.172"
"Taiwan","TWN","1999","9.368807","43448.121","43.670","9.138","0.000","0.000","2.988","3.436"
"Taiwan","TWN","2000","10.161433","45925.504","48.482","9.833","0.000","0.000","2.526","3.108"
"Taiwan","TWN","2001","10.310451","47058.730","51.925","11.200","0.000","0.005","2.759","3.486"
"Taiwan","TWN","2002","10.571547","48811.523","53.106","13.542","0.000","0.010","1.424","2.259"
"Taiwan","TWN","2003","10.992215","50724.273","55.249","13.938","0.000","0.010","1.477","2.359"
"Taiwan","TWN","2004","11.403037","52616.082","54.120","16.963","0.000","0.014","1.493","2.376"
"Taiwan","TWN","2005","11.692828","53089.465","54.169","17.548","0.000","0.040","1.820","2.696"
"Taiwan","TWN","2006","12.068789","54304.156","54.028","17.460","0.000","0.121","1.766","2.690"
"Taiwan","TWN","2007","12.173728","56416.973","54.183","18.981","0.000","0.184","1.848","2.826"
"Taiwan","TWN","2008","11.564249","54421.785","52.483","20.827","0.000","0.251","1.835","2.866"
"Taiwan","TWN","2009","10.923162","52871.984","53.691","21.028","0.004","0.348","1.654","2.783"
"Taiwan","TWN","2010","11.6567955","56590.176","50.557","24.889","0.008","0.422","1.717","2.906"
"Taiwan","TWN","2011","11.892325","56172.340","50.339","25.964","0.024","0.598","1.605","2.969"
"Taiwan","TWN","2012","11.70575","55441.309","49.885","27.006","0.065","0.570","2.292","3.674"
"Taiwan","TWN","2013","11.725564","56396.766","49.153","27.675","0.128","0.658","2.175","3.709"
"Taiwan","TWN","2014","11.799141","57422.891","48.449","28.678","0.206","0.584","1.682","3.224"
"Taiwan","TWN","2015","11.741296","57150.895","46.298","31.222","0.333","0.600","1.752","3.449"
"Taiwan","TWN","2016","11.879731","57332.219","46.845","32.187","0.426","0.560","2.515","4.237"
"Taiwan","TWN","2017","12.090577","57079.031","48.286","34.496","0.626","0.644","2.042","4.012"
"Taiwan","TWN","2018","12.010115","57705.945","48.596","34.211","0.996","0.628","1.646","3.998"
"Taiwan","TWN","2019","11.603549","56546.945","47.026","33.907","1.484","0.697","2.044","4.963"
"Taiwan","TWN","2020","11.514132","54861.707","45.836","36.361","2.193","0.835","1.091","4.837"
"Taiwan","TWN","2021","12.047583","57989.336","45.123","37.915","2.770","0.768","1.206","5.439"
"Taiwan","TWN","2022","11.698872","55606.547","42.851","39.508","3.750","1.238","2.052","7.731"
"Tajikistan","TJK","2000","0.35585627","9375.051","0.000","1.502","0.000","0.000","98.498","98.498"
"Tajikistan","TJK","2001","0.35699433","9605.366","0.000","1.195","0.000","0.000","98.805","98.805"
"Tajikistan","TJK","2002","0.28666478","9681.626","0.000","0.859","0.000","0.000","99.141","99.141"
"Tajikistan","TJK","2003","0.3111332","9982.501","0.000","0.980","0.000","0.000","99.020","99.020"
"Tajikistan","TJK","2004","0.37721658","9975.018","0.000","0.858","0.000","0.000","99.142","99.142"
"Tajikistan","TJK","2005","0.35243553","10009.744","0.000","0.709","0.000","0.000","99.291","99.291"
"Tajikistan","TJK","2006","0.37636617","9612.615","0.000","1.372","0.000","0.000","98.628","98.628"
"Tajikistan","TJK","2007","0.448784","8899.638","0.000","2.194","0.000","0.000","97.806","97.806"
"Tajikistan","TJK","2008","0.39477503","8418.195","0.000","2.060","0.000","0.000","97.940","97.940"
"Tajikistan","TJK","2009","0.326419","7411.495","0.000","1.378","0.000","0.000","98.622","98.622"
"Tajikistan","TJK","2010","0.33125174","7504.402","0.000","0.184","0.000","0.000","99.816","99.816"
"Tajikistan","TJK","2011","0.29936174","7255.999","0.000","0.249","0.000","0.000","99.751","99.751"
"Tajikistan","TJK","2012","0.36616522","7500.791","0.000","0.417","0.000","0.000","99.583","99.583"
"Tajikistan","TJK","2013","0.35394663","7599.083","0.000","0.236","0.000","0.000","99.764","99.764"
"Tajikistan","TJK","2014","0.5466963","7586.009","0.313","0.625","0.000","0.000","99.062","99.062"
"Tajikistan","TJK","2015","0.61391324","7419.728","0.294","0.589","0.000","0.000","99.117","99.117"
"Tajikistan","TJK","2016","0.67856306","7461.840","2.173","1.116","0.000","0.000","96.712","96.712"
"Tajikistan","TJK","2017","0.7571574","7440.846","3.412","1.734","0.000","0.000","94.855","94.855"
"Tajikistan","TJK","2018","0.8682259","7761.816","4.312","2.207","0.000","0.000","93.480","93.480"
"Tajikistan","TJK","2019","0.91439617","8041.595","4.565","2.331","0.000","0.000","93.103","93.103"
"Tajikistan","TJK","2020","0.9665616","7819.390","5.423","2.788","0.000","0.000","91.789","91.789"
"Tajikistan","TJK","2021","0.9415492","7674.914","5.778","2.990","0.000","0.000","91.232","91.232"
"Tanzania","TZA","2000","0.07506744","507.400","0.000","0.000","0.000","0.000","87.243","93.004"
"Tanzania","TZA","2001","0.086390816","568.767","0.000","0.000","0.000","0.000","94.853","97.059"
"Tanzania","TZA","2002","0.09649752","609.646","0.000","0.000","0.000","0.000","95.730","96.441"
"Tanzania","TZA","2003","0.09941454","599.979","0.000","0.000","0.000","0.000","96.183","96.947"
"Tanzania","TZA","2004","0.11076673","711.855","0.000","0.000","0.000","0.000","82.042","86.268"
"Tanzania","TZA","2005","0.13669047","731.133","0.000","0.000","0.000","0.000","51.312","62.099"
"Tanzania","TZA","2006","0.14583088","731.379","0.000","0.000","0.000","0.000","42.900","55.589"
"Tanzania","TZA","2007","0.1377115","770.020","0.000","0.000","0.000","0.000","61.576","69.951"
"Tanzania","TZA","2008","0.14067575","781.391","0.000","0.000","0.000","0.000","61.502","69.953"
"Tanzania","TZA","2009","0.13309541","755.739","0.000","0.000","0.000","0.000","56.009","65.665"
"Tanzania","TZA","2010","0.16073172","846.932","0.000","0.000","0.194","0.000","51.845","63.689"
"Tanzania","TZA","2011","0.1833679","838.510","0.000","0.000","0.200","0.000","39.321","49.501"
"Tanzania","TZA","2012","0.21884245","978.381","0.000","0.000","0.183","0.000","31.993","42.230"
"Tanzania","TZA","2013","0.23044902","991.198","0.000","0.000","0.173","0.000","29.463","38.821"
"Tanzania","TZA","2014","0.2184132","1005.088","0.000","0.000","0.329","0.000","42.105","51.151"
"Tanzania","TZA","2015","0.24572158","1002.209","0.000","0.000","0.305","0.000","31.860","43.750"
"Tanzania","TZA","2016","0.25136462","1062.155","0.000","0.000","0.430","0.000","33.572","45.194"
"Tanzania","TZA","2017","0.24281736","931.573","0.000","0.000","0.571","0.000","33.238","45.078"
"Tanzania","TZA","2018","0.24780245","968.898","0.000","25.208","0.693","0.000","30.609","38.643"
"Tanzania","TZA","2019","0.27361012","956.226","0.000","24.506","0.659","0.000","32.675","40.448"
"Tanzania","TZA","2020","0.261632","913.588","0.000","22.097","0.624","0.000","39.201","46.317"
"Tanzania","TZA","2021","0.28135568","907.404","0.000","22.983","0.733","0.000","36.675","44.132"
"Thailand","THA","1985","0.9521474","3761.084","23.070","46.314","0.000","0.000","16.027","16.027"
"Thailand","THA","1986","0.95685625","3930.103","22.462","41.556","0.000","0.000","22.423","22.423"
"Thailand","THA","1987","1.0334193","4406.041","23.441","54.679","0.000","0.000","14.196","14.213"
"Thailand","THA","1988","1.1465358","4872.000","20.978","57.754","0.000","0.000","11.471","11.564"
"Thailand","THA","1989","1.3314259","5543.588","21.068","51.387","0.000","0.000","14.757","14.815"
"Thailand","THA","1990","1.5814012","6410.971","25.056","40.272","0.000","0.000","11.108","11.165"
"Thailand","THA","1991","1.708289","6963.272","27.504","38.011","0.000","0.000","8.989","9.048"
"Thailand","THA","1992","1.8665421","7506.605","25.978","40.231","0.000","0.000","7.293","7.329"
"Thailand","THA","1993","2.1226072","8394.396","21.320","44.134","0.000","0.000","5.704","5.750"
"Thailand","THA","1994","2.3492622","9300.798","19.874","44.281","0.000","0.000","6.193","6.265"
"Thailand","THA","1995","2.599909","10355.312","19.019","42.469","0.000","0.000","8.268","8.447"
"Thailand","THA","1996","2.896623","11562.688","20.209","41.881","0.000","0.000","8.294","8.532"
"Thailand","THA","1997","2.9840093","12016.980","20.533","48.104","0.000","0.000","7.643","7.938"
"Thailand","THA","1998","2.5958583","10935.625","18.530","54.752","0.000","0.000","5.684","6.029"
"Thailand","THA","1999","2.6843865","11459.634","18.437","59.640","0.000","0.000","3.779","4.275"
"Thailand","THA","2000","2.656054","11764.549","18.988","63.744","0.000","0.000","6.579","7.126"
"Thailand","THA","2001","2.7064219","12293.458","20.025","70.281","0.000","0.000","6.445","7.062"
"Thailand","THA","2002","2.8734357","13208.064","17.700","72.406","0.000","0.000","7.255","7.944"
"Thailand","THA","2003","2.9457862","14080.671","16.573","73.598","0.000","0.000","6.616","7.672"
"Thailand","THA","2004","3.167673","15161.756","16.389","72.517","0.000","0.000","5.039","6.516"
"Thailand","THA","2005","3.246494","15521.235","15.764","72.228","0.000","0.000","4.610","6.033"
"Thailand","THA","2006","3.2421837","15733.904","17.829","68.823","0.000","0.000","6.152","7.599"
"Thailand","THA","2007","3.3394127","16149.867","21.569","68.629","0.000","0.000","6.016","7.709"
"Thailand","THA","2008","3.3163161","16027.417","21.139","71.601","0.000","0.000","5.096","6.563"
"Thailand","THA","2009","3.3592572","16344.104","20.367","72.671","0.007","0.000","5.081","6.626"
"Thailand","THA","2010","3.5144494","17299.504","18.862","75.050","0.013","0.000","3.560","5.709"
"Thailand","THA","2011","3.548588","17644.098","20.640","70.457","0.061","0.000","5.389","8.040"
"Thailand","THA","2012","3.778261","18817.510","20.363","70.296","0.318","0.089","5.364","8.540"
"Thailand","THA","2013","3.776263","18809.137","20.925","70.558","0.784","0.193","3.368","7.677"
"Thailand","THA","2014","3.880686","19310.582","21.572","69.075","1.184","0.190","3.167","8.396"
"Thailand","THA","2015","3.9282057","19661.768","19.397","72.093","1.427","0.198","2.255","7.995"
"Thailand","THA","2016","4.008554","19981.582","20.623","70.117","1.901","0.191","1.991","8.984"
"Thailand","THA","2017","3.9818282","20264.654","20.253","68.603","2.497","0.611","2.580","10.957"
"Thailand","THA","2018","4.039237","20834.088","20.176","65.535","2.493","0.901","4.174","14.190"
"Thailand","THA","2019","3.9411147","20792.385","19.243","65.453","2.702","1.925","3.310","14.700"
"Thailand","THA","2020","3.7956123","19298.086","20.965","64.826","2.806","1.796","2.533","13.796"
"Thailand","THA","2021","3.7244072","19425.641","20.569","64.517","2.296","2.301","2.504","14.507"
"Thailand","THA","2022","3.7997093","19616.777","19.850","63.962","2.630","1.572","3.526","15.256"
"Togo","TGO","2000","0.25901946","918.548","0.000","0.000","0.000","0.000","58.824","58.824"
"Togo","TGO","2001","0.21959981","790.456","0.000","0.000","0.000","0.000","41.667","41.667"
"Togo","TGO","2002","0.24430129","844.633","0.000","0.000","0.000","0.000","60.000","60.000"
"Togo","TGO","2003","0.32504973","1026.268","0.000","0.000","0.000","0.000","70.588","70.588"
"Togo","TGO","2004","0.30613974","983.673","0.000","0.000","0.000","0.000","44.444","44.444"
"Togo","TGO","2005","0.2945591","934.848","0.000","0.000","0.000","0.000","38.889","38.889"
"Togo","TGO","2006","0.24964027","792.303","0.000","0.000","0.000","0.000","42.857","42.857"
"Togo","TGO","2007","0.24509797","939.687","0.000","0.000","0.000","0.000","50.000","50.000"
"Togo","TGO","2008","0.23909892","1089.204","0.000","0.000","0.000","0.000","75.000","75.000"
"Togo","TGO","2009","0.38701236","1878.342","0.000","0.000","0.000","0.000","78.571","78.571"
"Togo","TGO","2010","0.38554192","1746.390","0.000","0.000","0.000","0.000","52.941","52.941"
"Togo","TGO","2011","0.3620224","1573.317","0.000","0.000","0.000","0.000","83.333","83.333"
"Togo","TGO","2012","0.31202778","1360.630","0.000","0.000","0.000","0.000","81.818","81.818"
"Togo","TGO","2013","0.2244507","1350.635","0.000","0.000","0.000","0.000","40.000","40.000"
"Togo","TGO","2014","0.1994795","1142.697","0.000","0.000","0.000","0.000","60.000","60.000"
"Togo","TGO","2015","0.23467498","868.264","0.000","0.000","0.000","0.000","16.216","16.216"
"Togo","TGO","2016","0.2917477","1134.572","0.000","0.000","0.000","0.000","46.512","46.512"
"Togo","TGO","2017","0.23730287","1072.428","0.000","0.000","0.000","0.000","27.273","27.273"
"Togo","TGO","2018","0.24626246","1253.321","0.000","0.000","1.754","0.000","35.088","36.842"
"Togo","TGO","2019","0.27929592","1304.058","0.000","0.000","1.429","0.000","34.286","35.714"
"Togo","TGO","2020","0.31734377","1152.519","0.000","0.000","1.724","0.000","24.138","25.862"
"Togo","TGO","2021","0.2951192","1115.704","0.000","22.222","3.175","0.000","23.810","26.984"
"Tonga","TON","2000","0.9633186","4269.807","0.000","0.000","0.000","0.000","0.000","0.000"
"Tonga","TON","2001","0.8866947","3823.292","0.000","0.000","0.000","0.000","0.000","0.000"
"Tonga","TON","2002","0.91698754","4121.723","0.000","0.000","0.000","0.000","0.000","0.000"
"Tonga","TON","2003","1.1221944","5048.995","0.000","0.000","0.000","0.000","0.000","0.000"
"Tonga","TON","2004","1.0808465","4648.040","0.000","0.000","0.000","0.000","0.000","0.000"
"Tonga","TON","2005","1.0747511","4922.036","0.000","0.000","0.000","0.000","0.000","0.000"
"Tonga","TON","2006","1.206783","5507.442","0.000","0.000","0.000","0.000","0.000","0.000"
"Tonga","TON","2007","1.0640786","4695.167","0.000","0.000","0.000","0.000","0.000","0.000"
"Tonga","TON","2008","0.99271274","5056.352","0.000","0.000","0.000","0.000","0.000","0.000"
"Tonga","TON","2009","1.1277106","5477.178","0.000","0.000","0.000","0.000","0.000","0.000"
"Tonga","TON","2010","1.0915421","4973.945","0.000","0.000","0.000","0.000","0.000","0.000"
"Tonga","TON","2011","0.9876562","4697.069","0.000","0.000","0.000","0.000","0.000","0.000"
"Tonga","TON","2012","0.98864865","4791.762","0.000","0.000","0.000","0.000","0.000","0.000"
"Tonga","TON","2013","1.0263976","4721.155","0.000","0.000","0.000","0.000","0.000","0.000"
"Tonga","TON","2014","0.9965206","5144.916","0.000","0.000","0.000","0.000","0.000","0.000"
"Tonga","TON","2015","1.0013759","5404.378","0.000","0.000","0.000","0.000","0.000","0.000"
"Tonga","TON","2016","1.3192844","5738.483","0.000","0.000","0.000","0.000","0.000","0.000"
"Tonga","TON","2017","1.3560969","6831.240","0.000","0.000","16.667","0.000","0.000","16.667"
"Tonga","TON","2018","1.2492092","5979.639","0.000","0.000","14.286","0.000","0.000","14.286"
"Tonga","TON","2019","1.5253955","6863.214","0.000","0.000","14.286","0.000","0.000","14.286"
"Tonga","TON","2020","1.3169758","6542.066","0.000","0.000","14.286","0.000","0.000","14.286"
"Tonga","TON","2021","1.3196845","6698.594","0.000","0.000","12.500","0.000","0.000","12.500"
"Trinidad and Tobago","TTO","1985","17.451769","49260.430","","","0.000","0.000","","0.562"
"Trinidad and Tobago","TTO","1986","14.423494","50520.031","","","0.000","0.000","","0.790"
"Trinidad and Tobago","TTO","1987","14.364983","47110.281","","","0.000","0.000","","0.891"
"Trinidad and Tobago","TTO","1988","12.870115","51222.977","","","0.000","0.000","","0.775"
"Trinidad and Tobago","TTO","1989","12.969335","49929.008","","","0.000","0.000","","0.758"
"Trinidad and Tobago","TTO","1990","13.5587225","54953.477","","","0.000","0.000","","0.867"
"Trinidad and Tobago","TTO","1991","13.440606","54370.102","","","0.000","0.000","","0.672"
"Trinidad and Tobago","TTO","1992","15.018117","57134.273","","","0.000","0.000","","0.755"
"Trinidad and Tobago","TTO","1993","13.592954","59829.051","","","0.000","0.000","","0.734"
"Trinidad and Tobago","TTO","1994","11.908295","63042.270","","","0.000","0.000","","0.786"
"Trinidad and Tobago","TTO","1995","11.368929","68030.164","","","0.000","0.000","","0.766"
"Trinidad and Tobago","TTO","1996","14.181079","76745.875","","","0.000","0.000","","0.374"
"Trinidad and Tobago","TTO","1997","14.473443","76450.297","","","0.000","0.000","","0.361"
"Trinidad and Tobago","TTO","1998","15.182312","77341.914","","","0.000","0.000","","0.348"
"Trinidad and Tobago","TTO","1999","17.175169","85669.414","","","0.000","0.000","","0.343"
"Trinidad and Tobago","TTO","2000","18.450056","89203.078","0.000","90.078","0.000","0.000","0.000","0.584"
"Trinidad and Tobago","TTO","2001","20.172216","95790.320","0.000","90.189","0.000","0.000","0.000","0.566"
"Trinidad and Tobago","TTO","2002","21.533157","103376.062","0.000","90.189","0.000","0.000","0.000","0.566"
"Trinidad and Tobago","TTO","2003","24.179798","115246.711","0.000","90.248","0.000","0.000","0.000","0.496"
"Trinidad and Tobago","TTO","2004","24.296642","126030.695","0.000","90.232","0.000","0.000","0.000","0.497"
"Trinidad and Tobago","TTO","2005","28.25722","134353.781","0.000","90.060","0.000","0.000","0.000","0.602"
"Trinidad and Tobago","TTO","2006","31.432772","156027.703","0.000","90.074","0.000","0.000","0.000","0.593"
"Trinidad and Tobago","TTO","2007","33.370617","159970.844","0.000","91.274","0.000","0.000","0.000","0.416"
"Trinidad and Tobago","TTO","2008","32.39037","156718.938","0.000","91.736","0.000","0.000","0.000","0.000"
"Trinidad and Tobago","TTO","2009","32.208622","154489.578","0.000","91.723","0.000","0.000","0.000","0.000"
"Trinidad and Tobago","TTO","2010","33.961063","165831.281","0.000","91.719","0.000","0.000","0.000","0.000"
"Trinidad and Tobago","TTO","2011","33.72311","161740.312","0.000","98.058","0.000","0.000","0.000","0.000"
"Trinidad and Tobago","TTO","2012","32.881195","158071.062","0.000","98.834","0.000","0.000","0.000","0.000"
"Trinidad and Tobago","TTO","2013","32.420662","159847.203","0.000","98.770","0.000","0.000","0.000","0.000"
"Trinidad and Tobago","TTO","2014","32.977737","157936.938","0.000","98.870","0.000","0.000","0.000","0.000"
"Trinidad and Tobago","TTO","2015","31.859777","152244.281","0.000","98.668","0.111","0.000","0.000","0.111"
"Trinidad and Tobago","TTO","2016","27.742865","134233.719","0.000","98.871","0.113","0.000","0.000","0.113"
"Trinidad and Tobago","TTO","2017","27.882011","141542.453","0.000","98.860","0.114","0.000","0.000","0.114"
"Trinidad and Tobago","TTO","2018","27.410236","131650.609","0.000","98.848","0.115","0.000","0.000","0.115"
"Trinidad and Tobago","TTO","2019","27.446016","123712.938","0.000","98.843","0.116","0.000","0.000","0.116"
"Trinidad and Tobago","TTO","2020","23.661348","108794.930","0.000","98.782","0.122","0.000","0.000","0.122"
"Trinidad and Tobago","TTO","2021","24.459532","111051.422","0.000","98.855","0.115","0.000","0.000","0.115"
"Trinidad and Tobago","TTO","2022","25.063381","107268.734","","","0.054","0.000","0.000","0.055"
"Tunisia","TUN","2000","1.9903848","9003.821","0.000","99.197","0.000","0.201","0.602","0.803"
"Tunisia","TUN","2001","2.0528083","9892.748","0.000","99.346","0.000","0.187","0.467","0.654"
"Tunisia","TUN","2002","2.0438244","9695.501","0.000","99.191","0.000","0.270","0.539","0.809"
"Tunisia","TUN","2003","2.0891855","9464.025","0.000","98.372","0.000","0.257","1.371","1.628"
"Tunisia","TUN","2004","2.178221","9557.016","0.000","98.454","0.000","0.325","1.221","1.546"
"Tunisia","TUN","2005","2.1955013","10276.655","0.000","98.612","0.000","0.308","1.079","1.388"
"Tunisia","TUN","2006","2.2147713","9603.969","0.000","99.021","0.000","0.301","0.678","0.979"
"Tunisia","TUN","2007","2.3679278","8479.419","0.000","99.303","0.000","0.310","0.387","0.697"
"Tunisia","TUN","2008","2.4143114","9715.218","0.000","99.482","0.000","0.296","0.222","0.518"
"Tunisia","TUN","2009","2.380448","8024.898","0.000","98.746","0.000","0.697","0.557","1.254"
"Tunisia","TUN","2010","2.5914676","8150.696","0.000","98.729","0.000","0.936","0.334","1.271"
"Tunisia","TUN","2011","2.427807","7678.843","0.000","98.956","0.000","0.718","0.326","1.044"
"Tunisia","TUN","2012","2.5608695","8332.082","0.000","98.095","0.060","1.190","0.655","1.905"
"Tunisia","TUN","2013","2.5825608","8726.086","0.000","97.424","0.117","2.108","0.351","2.576"
"Tunisia","TUN","2014","2.6497953","9507.342","0.000","96.697","0.168","2.856","0.280","3.303"
"Tunisia","TUN","2015","2.7521307","9709.658","0.000","96.839","0.327","2.452","0.381","3.161"
"Tunisia","TUN","2016","2.6864736","9585.773","0.000","96.593","0.595","2.542","0.270","3.407"
"Tunisia","TUN","2017","2.718931","10039.691","0.000","96.870","0.678","2.347","0.104","3.130"
"Tunisia","TUN","2018","2.6451635","10208.622","0.000","96.721","0.871","2.305","0.102","3.279"
"Tunisia","TUN","2019","2.5750186","10128.142","0.000","96.010","1.217","2.433","0.341","3.990"
"Tunisia","TUN","2020","2.408942","9290.702","0.000","95.659","1.685","2.400","0.255","4.341"
"Tunisia","TUN","2021","2.6166234","9524.104","0.000","95.222","1.959","2.532","0.287","4.778"
"Tunisia","TUN","2022","2.5401497","","0.000","95.611","2.022","2.071","0.296","4.389"
"Turkey","TUR","1985","2.0888505","7851.291","43.917","0.170","0.000","0.000","35.200","35.217"
"Turkey","TUR","1986","2.2378783","8376.549","48.967","3.378","0.000","0.000","29.910","30.020"
"Turkey","TUR","1987","2.4363854","9357.895","39.802","5.700","0.000","0.000","41.977","42.107"
"Turkey","TUR","1988","2.319897","10088.486","25.987","6.742","0.000","0.000","60.250","60.393"
"Turkey","TUR","1989","2.5089312","9710.353","38.947","18.300","0.000","0.000","34.471","34.591"
"Turkey","TUR","1990","2.759446","10345.272","35.071","17.709","0.000","0.000","40.233","40.372"
"Turkey","TUR","1991","2.8262804","10370.723","35.790","20.900","0.000","0.000","37.649","37.849"
"Turkey","TUR","1992","2.883836","10715.418","36.392","16.050","0.000","0.000","39.451","39.629"
"Turkey","TUR","1993","2.954129","11443.642","32.109","14.619","0.000","0.000","45.996","46.186"
"Turkey","TUR","1994","2.8416047","10889.127","35.989","17.643","0.000","0.000","39.053","39.219"
"Turkey","TUR","1995","3.026239","11981.615","31.780","19.223","0.000","0.000","41.206","41.565"
"Turkey","TUR","1996","3.2783573","12855.497","31.330","18.100","0.000","0.000","42.663","42.937"
"Turkey","TUR","1997","3.4288201","13231.365","31.859","21.384","0.000","0.000","38.548","38.906"
"Turkey","TUR","1998","3.382567","13358.573","31.550","22.381","0.000","0.000","38.035","38.332"
"Turkey","TUR","1999","3.2703485","12813.210","31.106","31.278","0.000","0.017","29.784","29.981"
"Turkey","TUR","2000","3.5602684","13486.676","30.025","37.433","0.000","0.024","24.837","25.062"
"Turkey","TUR","2001","3.2737877","12073.247","30.886","40.683","0.000","0.049","19.650","19.920"
"Turkey","TUR","2002","3.3456197","13026.979","24.474","40.905","0.000","0.039","26.226","26.444"
"Turkey","TUR","2003","3.5359342","13613.353","22.520","45.542","0.000","0.043","25.323","25.487"
"Turkey","TUR","2004","3.6132612","14380.439","22.419","41.585","0.000","0.040","30.773","30.927"
"Turkey","TUR","2005","3.861422","14507.764","26.122","45.484","0.000","0.037","24.488","24.599"
"Turkey","TUR","2006","4.074923","15888.103","25.890","45.802","0.000","0.074","25.112","25.271"
"Turkey","TUR","2007","4.473424","16664.893","27.339","49.647","0.000","0.188","18.729","19.048"
"Turkey","TUR","2008","4.3686132","16521.768","28.430","49.760","0.000","0.429","16.777","17.357"
"Turkey","TUR","2009","4.396172","16535.234","27.849","49.350","0.000","0.770","18.467","19.591"
"Turkey","TUR","2010","4.345254","17211.758","25.287","46.499","0.000","1.383","24.543","26.400"
"Turkey","TUR","2011","4.6380634","18146.143","28.171","45.381","0.000","2.059","22.828","25.336"
"Turkey","TUR","2012","4.769388","18988.320","27.709","43.654","0.000","2.448","24.171","27.241"
"Turkey","TUR","2013","4.5892625","18532.307","25.814","43.824","0.000","3.152","24.772","28.857"
"Turkey","TUR","2014","4.7064295","18718.594","29.525","47.921","0.008","3.386","16.151","20.912"
"Turkey","TUR","2015","4.8454375","20173.496","28.390","37.973","0.073","4.459","25.699","32.014"
"Turkey","TUR","2016","4.9668326","20824.393","33.026","32.603","0.380","5.671","24.564","32.972"
"Turkey","TUR","2017","5.182988","21773.725","32.176","37.274","0.975","6.039","19.640","29.430"
"Turkey","TUR","2018","5.020594","21345.375","36.648","30.435","2.567","6.566","19.726","32.176"
"Turkey","TUR","2019","4.7631073","21973.062","36.715","18.921","3.055","7.177","29.334","43.680"
"Turkey","TUR","2020","4.8358684","21435.070","34.058","23.224","3.585","8.130","25.568","42.021"
"Turkey","TUR","2021","5.2762375","22817.182","30.476","33.346","4.181","9.430","16.775","35.557"
"Turkey","TUR","2022","5.095457","22824.150","34.064","23.214","4.858","10.776","20.574","41.973"
"Turkmenistan","TKM","1990","8.871327","40827.949","","","0.000","0.000","0.021","0.021"
"Turkmenistan","TKM","1991","7.894196","40816.238","","","0.000","0.000","0.020","0.020"
"Turkmenistan","TKM","1992","8.110698","37941.172","","","0.000","0.000","0.032","0.032"
"Turkmenistan","TKM","1993","6.8238006","30332.881","","","0.000","0.000","0.040","0.040"
"Turkmenistan","TKM","1994","8.311623","31563.586","","","0.000","0.000","0.038","0.038"
"Turkmenistan","TKM","1995","8.248024","25405.623","","","0.000","0.000","0.040","0.040"
"Turkmenistan","TKM","1996","7.42391","36365.113","","","0.000","0.000","0.049","0.049"
"Turkmenistan","TKM","1997","7.1934524","27446.891","","","0.000","0.000","0.053","0.053"
"Turkmenistan","TKM","1998","7.583137","33653.324","","","0.000","0.000","0.064","0.064"
"Turkmenistan","TKM","1999","8.859164","31627.238","","","0.000","0.000","0.056","0.056"
"Turkmenistan","TKM","2000","8.589196","26223.863","0.000","100.000","0.000","0.000","0.000","0.000"
"Turkmenistan","TKM","2001","7.279392","32628.650","0.000","100.000","0.000","0.000","0.000","0.000"
"Turkmenistan","TKM","2002","6.3174276","27147.498","0.000","100.000","0.000","0.000","0.000","0.000"
"Turkmenistan","TKM","2003","8.340591","37007.590","0.000","100.000","0.000","0.000","0.000","0.000"
"Turkmenistan","TKM","2004","9.954457","36185.508","0.000","100.000","0.000","0.000","0.000","0.000"
"Turkmenistan","TKM","2005","9.486579","36145.840","0.000","100.000","0.000","0.000","0.000","0.000"
"Turkmenistan","TKM","2006","9.6169815","36023.754","0.000","100.000","0.000","0.000","0.000","0.000"
"Turkmenistan","TKM","2007","9.378812","34462.887","0.000","100.000","0.000","0.000","0.000","0.000"
"Turkmenistan","TKM","2008","11.120309","27853.562","0.000","100.000","0.000","0.000","0.000","0.000"
"Turkmenistan","TKM","2009","9.6233015","44702.367","0.000","100.000","0.000","0.000","0.000","0.000"
"Turkmenistan","TKM","2010","10.636284","47374.234","0.000","100.000","0.000","0.000","0.000","0.000"
"Turkmenistan","TKM","2011","11.464075","51670.953","0.000","100.000","0.000","0.000","0.000","0.000"
"Turkmenistan","TKM","2012","11.52416","55318.344","0.000","100.000","0.000","0.000","0.000","0.000"
"Turkmenistan","TKM","2013","10.832779","48244.711","0.000","100.000","0.000","0.000","0.000","0.000"
"Turkmenistan","TKM","2014","10.336854","49096.004","0.000","100.000","0.000","0.000","0.000","0.000"
"Turkmenistan","TKM","2015","10.150254","57717.438","0.000","100.000","0.000","0.000","0.000","0.000"
"Turkmenistan","TKM","2016","9.762661","56153.699","0.000","100.000","0.000","0.000","0.000","0.000"
"Turkmenistan","TKM","2017","9.675111","54625.520","0.000","100.000","0.000","0.000","0.000","0.000"
"Turkmenistan","TKM","2018","9.210645","59849.832","0.000","100.000","0.000","0.000","0.000","0.000"
"Turkmenistan","TKM","2019","9.149726","57961.055","0.000","100.000","0.000","0.000","0.000","0.000"
"Turkmenistan","TKM","2020","9.051186","67626.922","0.000","100.000","0.000","0.000","0.000","0.000"
"Turkmenistan","TKM","2021","12.929089","70866.023","0.000","100.000","0.000","0.000","0.000","0.000"
"Turkmenistan","TKM","2022","14.11619","71367.344","","","0.022","0.000","0.018","0.040"
"Turks and Caicos Islands","TCA","2000","5.665778","15402.543","0.000","0.000","0.000","0.000","0.000","0.000"
"Turks and Caicos Islands","TCA","2001","5.794215","15659.168","0.000","0.000","0.000","0.000","0.000","0.000"
"Turks and Caicos Islands","TCA","2002","7.2857075","19820.557","0.000","0.000","0.000","0.000","0.000","0.000"
"Turks and Caicos Islands","TCA","2003","7.0756354","19310.029","0.000","0.000","0.000","0.000","0.000","0.000"
"Turks and Caicos Islands","TCA","2004","7.045846","18909.895","0.000","0.000","0.000","0.000","0.000","0.000"
"Turks and Caicos Islands","TCA","2005","7.782433","21208.637","0.000","0.000","0.000","0.000","0.000","0.000"
"Turks and Caicos Islands","TCA","2006","8.596834","23291.262","0.000","0.000","0.000","0.000","0.000","0.000"
"Turks and Caicos Islands","TCA","2007","9.616431","26156.391","0.000","0.000","0.000","0.000","0.000","0.000"
"Turks and Caicos Islands","TCA","2008","9.609792","26676.770","0.000","0.000","0.000","0.000","0.000","0.000"
"Turks and Caicos Islands","TCA","2009","9.605033","25825.842","0.000","0.000","0.000","0.000","0.000","0.000"
"Turks and Caicos Islands","TCA","2010","9.479152","25683.688","0.000","0.000","0.000","0.000","0.000","0.000"
"Turks and Caicos Islands","TCA","2011","9.139229","24776.764","0.000","0.000","0.000","0.000","0.000","0.000"
"Turks and Caicos Islands","TCA","2012","8.774819","23800.510","0.000","0.000","0.000","0.000","0.000","0.000"
"Turks and Caicos Islands","TCA","2013","8.486771","22917.402","0.000","0.000","0.000","0.000","0.000","0.000"
"Turks and Caicos Islands","TCA","2014","8.774297","23641.734","0.000","0.000","0.000","0.000","0.000","0.000"
"Turks and Caicos Islands","TCA","2015","8.601878","23337.617","0.000","0.000","0.000","0.000","0.000","0.000"
"Turks and Caicos Islands","TCA","2016","8.50493","23060.000","0.000","0.000","0.000","0.000","0.000","0.000"
"Turks and Caicos Islands","TCA","2017","8.808795","23959.471","0.000","0.000","0.000","0.000","0.000","0.000"
"Turks and Caicos Islands","TCA","2018","8.635691","23070.922","0.000","0.000","0.000","0.000","0.000","0.000"
"Turks and Caicos Islands","TCA","2019","8.3984165","22899.154","0.000","0.000","0.000","0.000","0.000","0.000"
"Turks and Caicos Islands","TCA","2020","8.086297","18772.568","0.000","0.000","0.000","0.000","0.000","0.000"
"Turks and Caicos Islands","TCA","2021","8.095091","19615.283","0.000","0.000","0.000","0.000","0.000","0.000"
"Uganda","UGA","2000","0.056702543","430.945","0.000","0.000","0.000","0.000","97.484","97.484"
"Uganda","UGA","2001","0.057266083","426.191","0.000","0.000","0.000","0.000","97.484","97.484"
"Uganda","UGA","2002","0.056498032","423.493","0.000","0.000","0.000","0.000","97.661","97.661"
"Uganda","UGA","2003","0.05740505","432.856","0.000","0.000","0.000","0.000","97.222","97.222"
"Uganda","UGA","2004","0.059197746","447.659","0.000","0.000","0.000","0.000","97.423","97.423"
"Uganda","UGA","2005","0.07216394","493.468","0.000","0.000","0.000","0.000","94.359","94.359"
"Uganda","UGA","2006","0.082900934","465.703","0.000","0.000","0.637","0.000","73.885","74.522"
"Uganda","UGA","2007","0.09126517","545.608","0.000","0.000","0.508","0.000","71.066","71.574"
"Uganda","UGA","2008","0.09101687","557.287","0.000","0.000","0.862","0.000","70.259","73.276"
"Uganda","UGA","2009","0.09526311","552.865","0.000","0.000","0.833","0.000","58.333","62.917"
"Uganda","UGA","2010","0.11020471","604.450","0.000","0.000","0.743","0.000","54.647","59.108"
"Uganda","UGA","2011","0.114758976","614.269","0.000","0.000","0.766","0.000","57.471","61.686"
"Uganda","UGA","2012","0.105627775","577.693","0.000","0.000","1.531","0.000","76.531","80.612"
"Uganda","UGA","2013","0.10624911","651.414","0.000","0.000","1.158","0.000","91.506","94.595"
"Uganda","UGA","2014","0.11236722","728.951","0.000","0.000","1.068","0.000","84.342","89.680"
"Uganda","UGA","2015","0.12066013","707.743","0.000","0.000","1.045","0.000","83.972","89.895"
"Uganda","UGA","2016","0.124162994","765.058","0.000","0.000","1.061","0.000","87.533","92.308"
"Uganda","UGA","2017","0.13455833","804.894","0.000","0.000","1.535","0.000","87.980","93.350"
"Uganda","UGA","2018","0.1334906","841.204","0.000","0.000","1.624","0.000","84.455","92.807"
"Uganda","UGA","2019","0.13398339","811.628","0.000","0.000","2.771","0.000","93.303","97.921"
"Uganda","UGA","2020","0.12532032","766.414","0.000","0.000","2.697","0.000","91.685","97.079"
"Uganda","UGA","2021","0.13574822","766.846","0.000","0.000","3.409","0.000","90.909","97.045"
"Ukraine","UKR","1990","13.572912","61924.961","37.482","16.707","0.000","0.000","3.520","3.520"
"Ukraine","UKR","1991","12.136901","57952.484","37.591","16.673","0.000","0.000","4.205","4.205"
"Ukraine","UKR","1992","11.26651","48866.383","41.194","16.741","0.000","0.000","3.123","3.123"
"Ukraine","UKR","1993","9.751561","42841.754","37.356","16.930","0.000","0.000","4.806","4.806"
"Ukraine","UKR","1994","8.058036","36821.680","37.187","16.899","0.000","0.000","5.978","5.978"
"Ukraine","UKR","1995","7.55191","36226.188","35.399","16.887","0.000","0.000","5.134","5.134"
"Ukraine","UKR","1996","6.8682594","34061.734","29.989","18.206","0.000","0.000","4.721","4.721"
"Ukraine","UKR","1997","6.7061806","33145.512","30.210","17.445","0.000","0.000","5.545","5.545"
"Ukraine","UKR","1998","6.5279827","32257.029","28.283","16.913","0.000","0.000","9.117","9.117"
"Ukraine","UKR","1999","5.9755263","32047.443","30.563","17.593","0.000","0.000","8.328","8.328"
"Ukraine","UKR","2000","5.764382","32435.855","29.345","17.487","0.000","0.006","6.580","6.586"
"Ukraine","UKR","2001","6.1880574","32281.633","30.079","17.568","0.000","0.012","6.961","6.973"
"Ukraine","UKR","2002","6.07883","32374.943","30.823","17.566","0.000","0.012","5.548","5.560"
"Ukraine","UKR","2003","6.3591957","33439.895","29.700","19.001","0.000","0.017","5.128","5.144"
"Ukraine","UKR","2004","6.474135","33554.930","24.157","20.613","0.000","0.016","6.455","6.472"
"Ukraine","UKR","2005","6.588396","34223.043","24.861","18.374","0.000","0.022","6.648","6.670"
"Ukraine","UKR","2006","7.044489","34864.605","31.983","12.653","0.000","0.016","6.671","6.686"
"Ukraine","UKR","2007","7.1570063","34933.590","34.700","11.446","0.000","0.025","5.170","5.338"
"Ukraine","UKR","2008","6.9626055","33911.270","35.507","10.027","0.000","0.026","5.977","6.138"
"Ukraine","UKR","2009","5.9539065","29011.010","36.269","6.733","0.000","0.023","6.877","6.981"
"Ukraine","UKR","2010","6.3364434","31235.119","35.642","8.315","0.000","0.026","6.964","7.091"
"Ukraine","UKR","2011","6.659268","32400.471","38.030","9.464","0.015","0.046","5.617","5.745"
"Ukraine","UKR","2012","6.5879583","31779.547","40.316","8.086","0.166","0.146","5.283","5.661"
"Ukraine","UKR","2013","6.4504905","30228.559","41.366","7.217","0.294","0.330","7.124","7.800"
"Ukraine","UKR","2014","5.605606","26764.613","38.213","6.984","0.236","0.621","4.660","5.589"
"Ukraine","UKR","2015","4.889162","22306.594","34.237","6.248","0.297","0.668","3.341","4.392"
"Ukraine","UKR","2016","5.1320014","23419.848","36.596","6.042","0.301","0.583","4.710","5.680"
"Ukraine","UKR","2017","4.914332","21840.365","30.967","4.786","0.479","0.635","5.796","7.046"
"Ukraine","UKR","2018","5.1295204","22768.459","30.152","6.686","0.695","0.752","6.592","8.229"
"Ukraine","UKR","2019","4.942182","21661.146","29.215","7.815","1.919","1.323","4.264","7.775"
"Ukraine","UKR","2020","4.635197","20916.844","26.056","9.571","4.027","2.206","5.099","11.844"
"Ukraine","UKR","2021","4.7549105","21459.945","23.202","6.268","3.834","2.864","6.852","14.038"
"Ukraine","UKR","2022","3.4846325","16309.124","19.814","4.109","5.333","1.090","9.416","16.518"
"United Arab Emirates","ARE","1985","36.161884","146159.641","0.000","99.992","0.000","0.000","0.000","0.000"
"United Arab Emirates","ARE","1986","32.136078","166396.859","0.000","99.992","0.000","0.000","0.000","0.000"
"United Arab Emirates","ARE","1987","30.240154","173281.828","0.000","99.992","0.000","0.000","0.000","0.000"
"United Arab Emirates","ARE","1988","28.703812","179298.469","0.000","99.992","0.000","0.000","0.000","0.000"
"United Arab Emirates","ARE","1989","30.384678","189840.281","0.000","99.992","0.000","0.000","0.000","0.000"
"United Arab Emirates","ARE","1990","27.345585","181538.766","0.000","99.992","0.000","0.000","0.000","0.000"
"United Arab Emirates","ARE","1991","28.353796","209539.703","0.000","99.992","0.000","0.000","0.000","0.000"
"United Arab Emirates","ARE","1992","27.429031","192178.875","0.000","99.992","0.000","0.000","0.000","0.000"
"United Arab Emirates","ARE","1993","29.62612","190470.219","0.000","99.992","0.000","0.000","0.000","0.000"
"United Arab Emirates","ARE","1994","32.36436","199513.672","0.000","99.992","0.000","0.000","0.000","0.000"
"United Arab Emirates","ARE","1995","29.931713","199207.391","0.000","99.993","0.000","0.000","0.000","0.000"
"United Arab Emirates","ARE","1996","29.195024","194224.094","0.000","99.992","0.000","0.000","0.000","0.000"
"United Arab Emirates","ARE","1997","26.015919","189887.922","0.000","99.991","0.000","0.000","0.000","0.000"
"United Arab Emirates","ARE","1998","26.517456","182844.297","0.000","99.992","0.000","0.000","0.000","0.000"
"United Arab Emirates","ARE","1999","23.834599","173803.531","0.000","99.992","0.000","0.000","0.000","0.000"
"United Arab Emirates","ARE","2000","32.138012","163580.656","0.000","100.000","0.000","0.000","0.000","0.000"
"United Arab Emirates","ARE","2001","27.36482","156784.594","0.000","100.000","0.000","0.000","0.000","0.000"
"United Arab Emirates","ARE","2002","21.535686","162836.453","0.000","100.000","0.000","0.000","0.000","0.000"
"United Arab Emirates","ARE","2003","25.547222","165507.594","0.000","100.000","0.000","0.000","0.000","0.000"
"United Arab Emirates","ARE","2004","25.393887","169047.547","0.000","100.000","0.000","0.000","0.000","0.000"
"United Arab Emirates","ARE","2005","24.711319","164587.453","0.000","100.000","0.000","0.000","0.000","0.000"
"United Arab Emirates","ARE","2006","24.500017","151316.516","0.000","100.000","0.000","0.000","0.000","0.000"
"United Arab Emirates","ARE","2007","23.842087","139351.469","0.000","100.000","0.000","0.000","0.000","0.000"
"United Arab Emirates","ARE","2008","24.597576","134274.219","0.000","100.000","0.000","0.000","0.000","0.000"
"United Arab Emirates","ARE","2009","25.210455","115803.188","0.000","99.988","0.012","0.000","0.000","0.012"
"United Arab Emirates","ARE","2010","26.785591","114656.625","0.000","99.977","0.023","0.000","0.000","0.023"
"United Arab Emirates","ARE","2011","27.574131","119056.133","0.000","99.968","0.032","0.000","0.000","0.032"
"United Arab Emirates","ARE","2012","27.787138","123958.766","0.000","99.980","0.020","0.000","0.000","0.020"
"United Arab Emirates","ARE","2013","27.348331","129486.234","0.000","99.923","0.077","0.000","0.000","0.077"
"United Arab Emirates","ARE","2014","26.045097","127985.820","0.000","99.717","0.274","0.000","0.000","0.283"
"United Arab Emirates","ARE","2015","25.942865","137896.344","0.000","99.741","0.251","0.000","0.000","0.259"
"United Arab Emirates","ARE","2016","25.235403","142115.266","0.000","99.737","0.254","0.000","0.000","0.263"
"United Arab Emirates","ARE","2017","21.278515","135601.266","0.000","99.407","0.585","0.000","0.000","0.593"
"United Arab Emirates","ARE","2018","21.8367","132789.172","0.000","98.968","1.024","0.000","0.000","1.032"
"United Arab Emirates","ARE","2019","21.75957","134878.391","0.000","97.069","2.923","0.000","0.000","2.931"
"United Arab Emirates","ARE","2020","22.783035","126073.656","0.000","94.421","4.338","0.000","0.000","4.346"
"United Arab Emirates","ARE","2021","21.67451","139828.766","0.000","93.740","4.933","0.000","0.000","4.940"
"United Arab Emirates","ARE","2022","20.220825","148576.547","0.000","82.506","4.495","0.000","","4.500"
"United Kingdom","GBR","1985","9.886416","42206.887","59.433","0.972","0.000","0.000","1.327","1.327"
"United Kingdom","GBR","1986","10.018491","43317.570","66.882","0.579","0.000","0.000","1.584","1.584"
"United Kingdom","GBR","1987","10.049029","43165.488","69.485","1.500","0.000","0.000","1.386","1.386"
"United Kingdom","GBR","1988","10.000239","43644.805","65.854","1.547","0.000","0.000","1.582","1.582"
"United Kingdom","GBR","1989","10.170335","43603.059","63.556","1.573","0.000","0.003","1.516","1.519"
"United Kingdom","GBR","1990","10.4927225","43845.027","64.407","1.574","0.000","0.003","1.640","1.832"
"United Kingdom","GBR","1991","10.588317","44652.039","65.205","1.811","0.000","0.003","1.438","1.656"
"United Kingdom","GBR","1992","10.288521","44259.449","60.318","3.939","0.000","0.013","1.700","2.004"
"United Kingdom","GBR","1993","10.017321","44663.285","52.781","10.582","0.000","0.068","1.337","1.778"
"United Kingdom","GBR","1994","9.896297","44021.512","49.237","16.387","0.000","0.105","1.566","2.138"
"United Kingdom","GBR","1995","9.735405","44062.301","46.270","19.171","0.000","0.117","1.456","2.066"
"United Kingdom","GBR","1996","10.0647545","46080.582","41.572","24.072","0.000","0.140","0.970","1.626"
"United Kingdom","GBR","1997","9.62765","45150.043","34.285","31.776","0.000","0.192","1.194","1.990"
"United Kingdom","GBR","1998","9.697672","45378.082","34.056","32.624","0.000","0.244","1.418","2.396"
"United Kingdom","GBR","1999","9.545588","45017.871","29.070","39.124","0.000","0.233","1.462","2.634"
"United Kingdom","GBR","2000","9.635275","45275.645","32.040","39.553","0.000","0.254","1.360","2.666"
"United Kingdom","GBR","2001","9.748509","45559.023","34.380","37.111","0.000","0.254","1.062","2.500"
"United Kingdom","GBR","2002","9.40991","44332.898","32.314","39.594","0.000","0.328","1.245","2.894"
"United Kingdom","GBR","2003","9.555585","44750.703","34.972","37.647","0.000","0.326","0.817","2.685"
"United Kingdom","GBR","2004","9.530167","44856.602","33.681","40.142","0.000","0.496","1.237","3.614"
"United Kingdom","GBR","2005","9.412128","44937.305","34.050","38.602","0.003","0.733","1.244","4.282"
"United Kingdom","GBR","2006","9.301154","44057.820","37.833","35.795","0.003","1.075","1.167","4.603"
"United Kingdom","GBR","2007","9.09334","42517.129","34.595","42.188","0.003","1.341","1.293","5.010"
"United Kingdom","GBR","2008","8.785364","41451.902","32.320","45.790","0.005","1.850","1.336","5.678"
"United Kingdom","GBR","2009","7.9049363","39040.559","27.619","44.628","0.005","2.487","1.402","6.768"
"United Kingdom","GBR","2010","8.124634","39540.008","28.395","46.357","0.011","2.716","0.947","6.909"
"United Kingdom","GBR","2011","7.3959785","37007.074","29.705","40.130","0.066","4.372","1.559","9.642"
"United Kingdom","GBR","2012","7.62153","37292.910","39.566","27.756","0.374","5.500","1.471","11.427"
"United Kingdom","GBR","2013","7.4175463","36881.977","36.654","26.968","0.566","7.991","1.323","14.973"
"United Kingdom","GBR","2014","6.764833","34583.770","29.904","30.098","1.208","9.534","1.757","19.248"
"United Kingdom","GBR","2015","6.461413","34890.320","22.628","29.785","2.245","12.009","1.879","24.623"
"United Kingdom","GBR","2016","6.061766","34296.684","9.120","42.631","3.093","11.050","1.597","24.679"
"United Kingdom","GBR","2017","5.8378453","34098.812","6.723","40.809","3.420","14.813","1.755","29.499"
"United Kingdom","GBR","2018","5.6886244","33771.496","5.092","39.785","3.855","17.219","1.646","33.292"
"United Kingdom","GBR","2019","5.4350777","32893.762","2.142","40.597","4.017","20.000","1.844","37.457"
"United Kingdom","GBR","2020","4.84416","29425.539","1.737","36.184","4.337","23.958","2.173","42.860"
"United Kingdom","GBR","2021","5.059431","29716.807","1.927","40.233","4.063","21.168","1.820","39.784"
"United Kingdom","GBR","2022","4.563232","30097.885","1.610","39.259","4.281","24.618","1.758","41.448"
"United States","USA","1985","18.599737","85837.016","56.740","11.814","0.000","0.000","10.808","12.178"
"United States","USA","1986","18.438473","85772.086","55.683","9.985","0.001","0.000","11.097","12.544"
"United States","USA","1987","19.06039","87787.266","56.776","10.574","0.000","0.000","9.213","10.753"
"United States","USA","1988","19.717833","90862.547","56.842","9.327","0.000","0.000","7.836","9.291"
"United States","USA","1989","19.78752","92050.438","54.238","12.016","0.008","0.068","8.706","10.330"
"United States","USA","1990","20.253748","91124.930","53.364","12.399","0.011","0.087","9.041","10.917"
"United States","USA","1991","19.793287","89745.156","52.665","12.544","0.015","0.091","8.785","10.742"
"United States","USA","1992","19.948572","89778.836","53.511","13.229","0.012","0.089","7.655","9.730"
"United States","USA","1993","20.102255","90385.828","53.785","13.104","0.014","0.089","8.202","10.271"
"United States","USA","1994","20.197258","90822.672","52.978","14.308","0.015","0.101","7.499","9.532"
"United States","USA","1995","20.230127","91624.125","51.944","14.952","0.014","0.090","8.724","10.602"
"United States","USA","1996","20.678873","93542.242","53.114","13.357","0.015","0.089","9.487","11.361"
"United States","USA","1997","20.745182","93064.172","53.769","13.871","0.014","0.089","9.578","11.453"
"United States","USA","1998","20.774931","92491.875","52.623","14.815","0.014","0.079","8.353","10.148"
"United States","USA","1999","20.805534","93004.367","51.774","15.200","0.013","0.115","8.044","9.861"
"United States","USA","2000","21.39786","93999.859","51.715","16.175","0.013","0.147","7.102","9.230"
"United States","USA","2001","20.766743","90772.180","51.078","17.146","0.014","0.181","5.584","7.513"
"United States","USA","2002","20.718021","91201.062","50.287","17.975","0.014","0.269","6.649","8.749"
"United States","USA","2003","20.718428","90619.109","51.015","16.798","0.014","0.289","6.908","9.025"
"United States","USA","2004","20.873743","91504.484","50.059","17.968","0.015","0.358","6.577","8.733"
"United States","USA","2005","20.71883","90654.531","49.885","18.859","0.014","0.441","6.537","8.749"
"United States","USA","2006","20.236742","89067.039","49.186","20.174","0.013","0.657","6.985","9.418"
"United States","USA","2007","20.28047","89395.141","48.677","21.643","0.015","0.832","5.808","8.398"
"United States","USA","2008","19.409172","86378.648","48.345","21.497","0.021","1.348","6.051","9.181"
"United States","USA","2009","17.81067","81376.180","44.568","23.376","0.023","1.875","6.823","10.548"
"United States","USA","2010","18.22542","83397.477","44.903","24.009","0.029","2.301","6.191","10.318"
"United States","USA","2011","17.634142","81962.359","42.394","24.791","0.045","2.939","7.653","12.467"
"United States","USA","2012","16.812391","79102.344","37.470","30.339","0.107","3.485","6.714","12.184"
"United States","USA","2013","17.09857","80556.516","38.986","27.735","0.223","4.138","6.507","12.831"
"United States","USA","2014","17.118917","80725.086","38.616","27.505","0.706","4.435","6.181","13.350"
"United States","USA","2015","16.461393","79317.367","33.115","32.651","0.956","4.670","5.974","13.626"
"United States","USA","2016","15.934658","78613.539","30.315","33.720","1.342","5.553","6.388","15.288"
"United States","USA","2017","15.639208","78289.008","29.757","31.993","1.907","6.275","7.251","17.452"
"United States","USA","2018","16.000992","80583.344","27.359","34.966","2.222","6.490","6.822","17.450"
"United States","USA","2019","15.500492","79489.016","23.205","38.135","2.570","7.115","6.796","18.295"
"United States","USA","2020","13.8168955","73236.141","19.128","40.171","3.233","8.358","6.924","20.316"
"United States","USA","2021","14.758024","76988.750","21.620","38.020","3.958","9.105","5.934","20.743"
"United States","USA","2022","14.802047","78754.273","19.293","39.318","4.754","10.119","5.957","22.521"
"United States Virgin Islands","VIR","2000","","359735.062","0.000","0.000","0.000","0.000","0.000","0.000"
"United States Virgin Islands","VIR","2001","","521581.844","0.000","0.000","0.000","0.000","0.000","0.000"
"United States Virgin Islands","VIR","2002","","517419.844","0.000","0.000","0.000","0.000","0.000","0.000"
"United States Virgin Islands","VIR","2003","","611765.812","0.000","0.000","0.000","0.000","0.000","0.000"
"United States Virgin Islands","VIR","2004","","630411.375","0.000","0.000","0.000","0.000","0.000","0.000"
"United States Virgin Islands","VIR","2005","","618156.688","0.000","0.000","0.000","0.000","0.000","0.000"
"United States Virgin Islands","VIR","2006","","657539.188","0.000","0.000","0.000","0.000","0.000","0.000"
"United States Virgin Islands","VIR","2007","","613870.812","0.000","0.000","0.000","0.000","0.000","0.000"
"United States Virgin Islands","VIR","2008","","355868.812","0.000","0.000","0.000","0.000","0.000","0.000"
"United States Virgin Islands","VIR","2009","","310681.125","0.000","0.000","0.000","0.000","0.000","0.000"
"United States Virgin Islands","VIR","2010","","281959.750","0.000","0.000","0.000","0.000","0.000","0.000"
"United States Virgin Islands","VIR","2011","","187854.500","0.000","0.000","0.000","0.000","0.000","0.000"
"United States Virgin Islands","VIR","2012","","108371.031","0.000","0.000","0.000","0.000","0.000","0.000"
"United States Virgin Islands","VIR","2013","","57181.285","0.000","0.000","0.000","0.000","0.000","0.000"
"United States Virgin Islands","VIR","2014","","117629.797","0.000","0.000","1.429","0.000","0.000","1.429"
"United States Virgin Islands","VIR","2015","","117262.195","0.000","0.000","1.449","0.000","0.000","1.449"
"United States Virgin Islands","VIR","2016","","97531.430","0.000","0.000","1.471","0.000","0.000","1.471"
"United States Virgin Islands","VIR","2017","","97552.562","0.000","0.000","1.887","0.000","0.000","1.887"
"United States Virgin Islands","VIR","2018","","98192.977","0.000","0.000","1.639","0.000","0.000","1.639"
"United States Virgin Islands","VIR","2019","","98710.719","0.000","0.000","1.613","0.000","0.000","1.613"
"United States Virgin Islands","VIR","2020","","92570.039","0.000","0.000","1.562","0.000","0.000","1.562"
"United States Virgin Islands","VIR","2021","","97972.117","0.000","0.000","2.857","0.000","0.000","2.857"
"Uruguay","URY","2000","1.6156275","14601.469","0.000","0.000","0.000","0.000","93.191","93.458"
"Uruguay","URY","2001","1.5394372","15946.608","0.000","0.000","0.000","0.000","99.345","99.345"
"Uruguay","URY","2002","1.3935276","14137.804","0.000","0.000","0.000","0.000","99.264","99.264"
"Uruguay","URY","2003","1.3827674","14181.147","0.000","0.000","0.000","0.000","99.062","99.062"
"Uruguay","URY","2004","1.6977994","13627.525","0.000","0.000","0.000","0.000","81.834","82.526"
"Uruguay","URY","2005","1.7460424","14696.390","0.000","0.000","0.000","0.000","87.566","88.095"
"Uruguay","URY","2006","2.0097208","13377.312","0.000","18.282","0.000","0.000","65.082","65.814"
"Uruguay","URY","2007","1.8086414","15803.453","0.000","5.603","0.000","0.000","86.099","89.547"
"Uruguay","URY","2008","2.4885283","16750.070","0.000","18.801","0.000","0.000","52.291","64.630"
"Uruguay","URY","2009","2.4139204","17655.945","0.000","14.432","0.000","0.455","59.205","69.091"
"Uruguay","URY","2010","1.9049841","18292.451","0.000","7.253","0.000","0.635","77.788","84.406"
"Uruguay","URY","2011","2.3104563","17861.395","0.000","12.440","0.000","1.061","61.813","73.385"
"Uruguay","URY","2012","2.579765","17839.785","0.000","14.703","0.000","1.037","50.613","63.713"
"Uruguay","URY","2013","2.2392287","18592.736","0.000","7.249","0.000","1.223","70.917","82.183"
"Uruguay","URY","2014","1.9913993","19071.291","0.000","5.214","0.000","5.681","74.319","87.237"
"Uruguay","URY","2015","2.00062","19596.402","0.000","7.201","0.367","15.209","60.103","85.966"
"Uruguay","URY","2016","1.9295201","19814.260","0.000","7.709","1.091","21.745","56.436","90.255"
"Uruguay","URY","2017","1.8152955","19084.248","0.000","7.298","1.895","26.456","52.211","90.737"
"Uruguay","URY","2018","1.9355792","19538.711","0.000","7.379","2.828","32.621","44.759","90.621"
"Uruguay","URY","2019","1.886396","19985.010","0.000","10.841","2.617","29.595","50.530","88.224"
"Uruguay","URY","2020","1.9055269","17631.439","0.000","16.322","3.397","40.473","30.207","82.275"
"Uruguay","URY","2021","2.3049502","18316.926","0.000","20.228","3.034","31.542","33.312","78.066"
"Uruguay","URY","2022","2.212046","","0.000","14.878","3.261","32.609","38.111","84.443"
"Uzbekistan","UZB","1990","5.039025","25312.494","","","0.000","0.000","11.803","11.803"
"Uzbekistan","UZB","1991","4.881197","24421.416","","","0.000","0.000","11.134","11.134"
"Uzbekistan","UZB","1992","5.165951","22601.271","","","0.000","0.000","12.337","12.337"
"Uzbekistan","UZB","1993","5.2582917","23760.521","","","0.000","0.000","14.971","14.971"
"Uzbekistan","UZB","1994","4.887378","22817.238","","","0.000","0.000","14.971","14.971"
"Uzbekistan","UZB","1995","4.5730877","22078.691","","","0.000","0.000","13.040","13.040"
"Uzbekistan","UZB","1996","4.632963","22350.256","","","0.000","0.000","14.366","14.366"
"Uzbekistan","UZB","1997","4.588964","21735.543","","","0.000","0.000","12.544","12.544"
"Uzbekistan","UZB","1998","5.0124907","21355.254","","","0.000","0.000","12.545","12.545"
"Uzbekistan","UZB","1999","5.0493393","23867.217","","","0.000","0.000","12.545","12.545"
"Uzbekistan","UZB","2000","4.9815717","24053.547","22.062","62.238","0.000","0.000","13.129","13.129"
"Uzbekistan","UZB","2001","5.0307326","23824.650","22.069","62.247","0.000","0.000","13.126","13.126"
"Uzbekistan","UZB","2002","5.219552","24111.441","22.070","62.246","0.000","0.000","13.113","13.113"
"Uzbekistan","UZB","2003","5.067656","21826.992","21.299","60.115","0.000","0.000","16.108","16.108"
"Uzbekistan","UZB","2004","4.959756","21485.609","20.612","58.186","0.000","0.000","18.819","18.819"
"Uzbekistan","UZB","2005","4.6136413","21171.098","19.119","59.847","0.000","0.000","18.821","18.821"
"Uzbekistan","UZB","2006","4.678025","19566.176","21.048","65.923","0.000","0.000","10.592","10.592"
"Uzbekistan","UZB","2007","4.573151","20663.172","21.116","66.106","0.000","0.000","10.334","10.334"
"Uzbekistan","UZB","2008","4.6694994","19085.639","20.945","65.572","0.000","0.000","11.045","11.045"
"Uzbekistan","UZB","2009","3.9095335","18643.188","20.157","63.117","0.000","0.000","14.395","14.395"
"Uzbekistan","UZB","2010","3.7930706","18563.715","19.667","61.579","0.000","0.000","16.460","16.460"
"Uzbekistan","UZB","2011","4.050717","19236.137","20.889","65.372","0.000","0.000","11.316","11.316"
"Uzbekistan","UZB","2012","4.061949","18406.984","19.601","64.985","0.000","0.000","13.141","13.141"
"Uzbekistan","UZB","2013","3.7812703","18200.295","20.089","66.641","0.000","0.000","10.945","10.945"
"Uzbekistan","UZB","2014","3.5567496","18518.158","19.996","66.287","0.000","0.000","11.402","11.402"
"Uzbekistan","UZB","2015","3.3618135","17386.195","19.047","65.903","0.000","0.000","12.832","12.832"
"Uzbekistan","UZB","2016","3.5109115","16374.342","19.161","65.786","0.000","0.000","12.946","12.946"
"Uzbekistan","UZB","2017","3.4219267","16642.676","16.896","66.690","0.017","0.000","14.364","14.382"
"Uzbekistan","UZB","2018","3.160928","16445.740","17.802","70.217","0.017","0.000","9.827","9.844"
"Uzbekistan","UZB","2019","3.2746303","16212.221","17.002","70.188","0.017","0.000","10.747","10.764"
"Uzbekistan","UZB","2020","3.2197232","15860.609","15.606","73.561","0.018","0.000","8.938","8.956"
"Uzbekistan","UZB","2021","3.5966222","16552.881","15.405","74.274","0.017","0.000","8.446","8.463"
"Uzbekistan","UZB","2022","3.4089596","16929.814","","","0.259","0.002","7.484","7.744"
"Vanuatu","VUT","2000","0.45236996","1988.279","0.000","0.000","0.000","0.000","0.000","0.000"
"Vanuatu","VUT","2001","0.4219276","2158.842","0.000","0.000","0.000","0.000","0.000","0.000"
"Vanuatu","VUT","2002","0.39282998","2008.195","0.000","0.000","0.000","0.000","0.000","0.000"
"Vanuatu","VUT","2003","0.3832636","2298.145","0.000","0.000","0.000","0.000","0.000","0.000"
"Vanuatu","VUT","2004","0.35621232","1804.732","0.000","0.000","0.000","0.000","0.000","0.000"
"Vanuatu","VUT","2005","0.34767425","1761.544","0.000","0.000","0.000","0.000","0.000","0.000"
"Vanuatu","VUT","2006","0.33935508","1595.110","0.000","0.000","0.000","0.000","0.000","0.000"
"Vanuatu","VUT","2007","0.34770507","2524.643","0.000","0.000","0.000","0.000","0.000","0.000"
"Vanuatu","VUT","2008","0.3875403","2429.722","0.000","0.000","0.000","0.000","0.000","0.000"
"Vanuatu","VUT","2009","0.51951534","2740.902","0.000","0.000","0.000","0.000","0.000","0.000"
"Vanuatu","VUT","2010","0.5228662","2766.514","0.000","0.000","0.000","0.000","0.000","0.000"
"Vanuatu","VUT","2011","0.54173803","3125.876","0.000","0.000","0.000","0.000","0.000","16.667"
"Vanuatu","VUT","2012","0.47107604","2561.162","0.000","0.000","0.000","0.000","0.000","16.667"
"Vanuatu","VUT","2013","0.43191418","2422.626","0.000","0.000","0.000","14.286","0.000","28.571"
"Vanuatu","VUT","2014","0.6053941","2701.039","0.000","0.000","0.000","14.286","0.000","28.571"
"Vanuatu","VUT","2015","0.4956654","2484.069","0.000","0.000","0.000","14.286","0.000","28.571"
"Vanuatu","VUT","2016","0.5520972","2445.868","0.000","0.000","0.000","14.286","0.000","28.571"
"Vanuatu","VUT","2017","0.49990305","2661.322","0.000","0.000","0.000","0.000","0.000","16.667"
"Vanuatu","VUT","2018","0.6165042","3346.090","0.000","0.000","14.286","0.000","0.000","28.571"
"Vanuatu","VUT","2019","0.5646672","3154.472","0.000","0.000","14.286","0.000","0.000","28.571"
"Vanuatu","VUT","2020","0.6865395","2923.538","0.000","0.000","14.286","0.000","0.000","28.571"
"Vanuatu","VUT","2021","0.70673007","2957.444","0.000","0.000","14.286","0.000","0.000","28.571"
"Venezuela","VEN","1985","5.7895436","28948.621","","","0.000","0.000","47.892","47.892"
"Venezuela","VEN","1986","6.099254","30303.463","","","0.000","0.000","50.206","50.206"
"Venezuela","VEN","1987","6.0209045","29506.631","","","0.000","0.000","56.977","56.977"
"Venezuela","VEN","1988","6.139265","29962.816","","","0.000","0.000","58.723","58.723"
"Venezuela","VEN","1989","5.615367","29470.947","","","0.000","0.000","60.163","60.163"
"Venezuela","VEN","1990","6.095922","30558.836","","","0.000","0.000","62.344","62.344"
"Venezuela","VEN","1991","5.62527","30042.266","","","0.000","0.000","70.325","70.325"
"Venezuela","VEN","1992","5.040127","31768.113","","","0.000","0.000","70.093","70.093"
"Venezuela","VEN","1993","5.789427","30731.828","","","0.000","0.000","68.430","68.430"
"Venezuela","VEN","1994","5.4802866","32638.688","","","0.000","0.000","72.007","72.007"
"Venezuela","VEN","1995","5.624556","32903.047","","","0.000","0.000","70.051","70.051"
"Venezuela","VEN","1996","5.222229","31404.355","","","0.000","0.000","71.238","71.238"
"Venezuela","VEN","1997","5.609388","32527.557","","","0.000","0.000","73.358","73.358"
"Venezuela","VEN","1998","5.7197266","33812.812","","","0.000","0.000","71.595","71.595"
"Venezuela","VEN","1999","5.9470773","33186.238","","","0.000","0.000","75.200","75.200"
"Venezuela","VEN","2000","5.826397","33499.535","0.000","15.293","0.000","0.000","74.724","74.724"
"Venezuela","VEN","2001","5.228908","34171.555","0.000","15.569","0.000","0.000","68.213","68.213"
"Venezuela","VEN","2002","6.4567943","33954.152","0.000","16.076","0.000","0.000","68.021","68.021"
"Venezuela","VEN","2003","5.9616804","31175.873","0.000","15.660","0.000","0.000","67.133","67.133"
"Venezuela","VEN","2004","5.422836","33286.898","0.000","13.242","0.000","0.000","72.103","72.103"
"Venezuela","VEN","2005","5.540558","33737.117","0.000","11.244","0.000","0.000","75.412","75.412"
"Venezuela","VEN","2006","5.724261","35027.711","0.000","11.149","0.000","0.000","74.866","74.866"
"Venezuela","VEN","2007","5.5758047","36432.215","0.000","13.385","0.000","0.000","73.525","73.525"
"Venezuela","VEN","2008","5.5521493","35231.301","0.000","12.784","0.000","0.000","73.813","73.813"
"Venezuela","VEN","2009","5.3510833","34660.012","0.000","13.385","0.000","0.000","72.922","72.922"
"Venezuela","VEN","2010","6.579704","32956.672","0.000","14.508","0.000","0.000","68.620","68.620"
"Venezuela","VEN","2011","5.7807517","33334.719","0.000","13.609","0.000","0.000","71.982","71.982"
"Venezuela","VEN","2012","5.9499927","34445.082","0.000","13.594","0.000","0.042","68.509","68.551"
"Venezuela","VEN","2013","6.63449","34310.512","0.000","14.212","0.000","0.075","68.902","68.977"
"Venezuela","VEN","2014","5.8171196","32559.598","0.000","19.253","0.000","0.090","63.428","63.518"
"Venezuela","VEN","2015","5.4401956","31748.311","0.000","20.327","0.008","0.076","62.206","62.290"
"Venezuela","VEN","2016","4.9644036","27460.873","0.000","22.373","0.010","0.086","59.543","59.639"
"Venezuela","VEN","2017","4.5506883","27842.625","0.000","25.877","0.010","0.089","59.787","59.885"
"Venezuela","VEN","2018","3.7319212","24079.881","0.000","26.370","0.010","0.093","59.782","59.885"
"Venezuela","VEN","2019","3.6433108","21230.727","0.000","27.682","0.012","0.108","59.771","59.892"
"Venezuela","VEN","2020","2.8442175","17725.270","0.000","23.164","0.011","0.096","66.331","66.437"
"Venezuela","VEN","2021","3.3608282","20686.414","0.000","24.509","0.011","0.095","64.387","64.492"
"Venezuela","VEN","2022","3.8430314","21683.146","","","0.000","0.021","80.446","80.468"
"Vietnam","VNM","1985","0.35721636","1030.753","45.453","1.420","0.000","0.000","29.138","29.138"
"Vietnam","VNM","1986","0.3411048","1091.651","48.073","1.194","0.000","0.000","25.457","25.457"
"Vietnam","VNM","1987","0.3782907","1201.461","50.653","1.091","0.000","0.000","22.872","22.872"
"Vietnam","VNM","1988","0.36714432","1174.563","50.700","0.943","0.000","0.000","26.396","26.396"
"Vietnam","VNM","1989","0.27121788","1095.021","35.021","0.488","0.000","0.000","49.306","49.306"
"Vietnam","VNM","1990","0.32514757","1152.668","23.050","0.069","0.000","0.000","61.848","61.848"
"Vietnam","VNM","1991","0.31955397","1148.560","14.832","0.380","0.000","0.000","68.588","68.588"
"Vietnam","VNM","1992","0.31447926","1229.321","8.769","0.062","0.000","0.000","74.477","74.477"
"Vietnam","VNM","1993","0.32841194","1376.473","5.974","0.131","0.000","0.000","74.705","74.705"
"Vietnam","VNM","1994","0.38617438","1509.568","8.716","0.033","0.000","0.000","75.220","75.220"
"Vietnam","VNM","1995","0.41760576","1723.892","13.811","5.106","0.000","0.000","72.242","72.242"
"Vietnam","VNM","1996","0.48500863","1945.025","14.023","6.474","0.000","0.000","70.869","70.869"
"Vietnam","VNM","1997","0.6130133","2207.749","17.379","10.313","0.000","0.000","60.929","60.929"
"Vietnam","VNM","1998","0.6356782","2354.646","16.046","15.847","0.000","0.000","51.157","51.157"
"Vietnam","VNM","1999","0.63638675","2407.067","12.373","15.264","0.000","0.000","58.466","58.466"
"Vietnam","VNM","2000","0.69906235","2710.707","11.785","16.416","0.000","0.000","54.782","54.782"
"Vietnam","VNM","2001","0.78214556","3032.469","10.519","14.440","0.000","0.000","59.490","59.490"
"Vietnam","VNM","2002","0.8826836","3283.082","13.631","23.268","0.000","0.000","50.838","50.838"
"Vietnam","VNM","2003","0.9710582","3502.004","17.689","29.416","0.000","0.000","46.396","46.396"
"Vietnam","VNM","2004","1.107049","4225.116","15.519","42.273","0.000","0.000","38.571","38.571"
"Vietnam","VNM","2005","1.1819466","4447.702","21.141","42.857","0.000","0.000","31.740","31.836"
"Vietnam","VNM","2006","1.2128327","4037.653","21.123","42.314","0.000","0.000","34.041","34.145"
"Vietnam","VNM","2007","1.2128248","4368.380","19.264","41.490","0.000","0.000","34.975","35.100"
"Vietnam","VNM","2008","1.3419256","5341.395","17.322","43.777","0.000","0.000","36.617","36.688"
"Vietnam","VNM","2009","1.4398954","5408.298","15.439","45.089","0.000","0.012","37.178","37.264"
"Vietnam","VNM","2010","1.5958333","6180.288","17.314","48.724","0.011","0.044","31.095","31.204"
"Vietnam","VNM","2011","1.7245036","6758.891","19.643","39.060","0.010","0.039","40.469","40.577"
"Vietnam","VNM","2012","1.6119647","6990.851","18.454","35.067","0.009","0.035","46.296","46.392"
"Vietnam","VNM","2013","1.6722333","7305.416","19.299","33.545","0.008","0.056","46.457","46.569"
"Vietnam","VNM","2014","1.963878","7980.971","24.687","30.712","0.007","0.050","44.007","44.106"
"Vietnam","VNM","2015","2.2988992","8997.649","33.371","29.826","0.006","0.114","36.195","36.360"
"Vietnam","VNM","2016","2.3513482","9659.209","36.398","25.923","0.006","0.114","36.512","36.671"
"Vietnam","VNM","2017","2.392326","10293.654","32.677","20.856","0.005","0.183","45.720","45.950"
"Vietnam","VNM","2018","2.654567","11443.453","40.083","19.083","0.048","0.234","40.389","40.733"
"Vietnam","VNM","2019","3.4918098","12585.570","48.888","18.547","2.309","0.317","29.259","31.941"
"Vietnam","VNM","2020","3.697001","12467.438","48.751","14.422","4.613","0.455","31.172","36.296"
"Vietnam","VNM","2021","3.175785","12375.912","46.623","10.712","10.528","0.976","31.009","42.579"
"Vietnam","VNM","2022","3.2368684","12983.017","37.793","10.576","9.984","3.285","38.222","51.551"
"Western Sahara","ESH","2000","","3953.299","0.000","0.000","0.000","0.000","0.000","0.000"
"Western Sahara","ESH","2001","","3766.286","0.000","0.000","0.000","0.000","0.000","0.000"
"Western Sahara","ESH","2002","","3594.004","0.000","0.000","0.000","0.000","0.000","0.000"
"Western Sahara","ESH","2003","","3434.971","0.000","0.000","0.000","0.000","0.000","0.000"
"Western Sahara","ESH","2004","","3287.747","0.000","0.000","0.000","0.000","0.000","0.000"
"Western Sahara","ESH","2005","","3151.369","0.000","0.000","0.000","0.000","0.000","0.000"
"Western Sahara","ESH","2006","","3022.416","0.000","0.000","0.000","0.000","0.000","0.000"
"Western Sahara","ESH","2007","","2901.229","0.000","0.000","0.000","0.000","0.000","0.000"
"Western Sahara","ESH","2008","","2790.339","0.000","0.000","0.000","0.000","0.000","0.000"
"Western Sahara","ESH","2009","","2686.304","0.000","0.000","0.000","0.000","0.000","0.000"
"Yemen","YEM","2000","0.80674857","3228.210","0.000","0.000","0.000","0.000","0.000","0.000"
"Yemen","YEM","2001","0.8500973","3380.405","0.000","0.000","0.000","0.000","0.000","0.000"
"Yemen","YEM","2002","0.80187774","3320.324","0.000","0.000","0.000","0.000","0.000","0.000"
"Yemen","YEM","2003","0.867305","3707.222","0.000","0.000","0.000","0.000","0.000","0.000"
"Yemen","YEM","2004","0.91009945","3811.397","0.000","0.000","0.000","0.000","0.000","0.000"
"Yemen","YEM","2005","0.9564252","3906.308","0.000","0.000","0.000","0.000","0.000","0.000"
"Yemen","YEM","2006","1.0154182","3788.246","0.000","0.000","0.000","0.000","0.000","0.000"
"Yemen","YEM","2007","0.97361034","3902.286","0.000","0.000","0.000","0.000","0.000","0.000"
"Yemen","YEM","2008","0.9771064","3976.890","0.000","0.000","0.000","0.000","0.000","0.000"
"Yemen","YEM","2009","1.0373657","4277.224","0.000","0.000","0.000","0.000","0.000","0.000"
"Yemen","YEM","2010","0.9649854","4030.759","0.000","21.811","0.000","0.000","0.000","0.000"
"Yemen","YEM","2011","0.8202578","3289.451","0.000","22.298","0.000","0.000","0.000","0.000"
"Yemen","YEM","2012","0.7198333","2769.040","0.000","22.256","0.000","0.000","0.000","0.000"
"Yemen","YEM","2013","0.93068147","3797.829","0.000","22.904","0.000","0.000","0.000","0.000"
"Yemen","YEM","2014","0.87977016","3495.329","0.000","22.500","0.139","0.000","0.000","0.139"
"Yemen","YEM","2015","0.45324463","1837.103","0.000","22.091","2.024","0.000","0.000","2.024"
"Yemen","YEM","2016","0.31279996","1432.552","0.000","21.681","3.540","0.000","0.000","3.540"
"Yemen","YEM","2017","0.27844176","1288.877","0.000","21.466","4.974","0.000","0.000","4.974"
"Yemen","YEM","2018","0.33750373","1170.726","0.000","19.091","14.545","0.000","0.000","14.545"
"Yemen","YEM","2019","0.33572507","1475.985","0.000","18.182","14.076","0.000","0.000","14.076"
"Yemen","YEM","2020","0.2976907","1092.002","0.000","17.647","15.170","0.000","0.000","15.170"
"Yemen","YEM","2021","0.285619","1080.039","0.000","20.963","16.997","0.000","0.000","16.997"
"Zambia","ZMB","2000","0.17809726","2951.367","0.000","0.000","0.000","0.000","98.840","99.098"
"Zambia","ZMB","2001","0.1826217","2997.712","0.000","0.000","0.000","0.000","98.861","99.114"
"Zambia","ZMB","2002","0.18415658","3006.324","0.000","0.000","0.000","0.000","98.890","99.014"
"Zambia","ZMB","2003","0.18886451","3019.908","0.000","0.000","0.000","0.000","98.910","99.031"
"Zambia","ZMB","2004","0.18557891","3013.000","0.000","0.000","0.000","0.000","99.054","99.173"
"Zambia","ZMB","2005","0.19136254","3068.174","0.000","0.000","0.000","0.000","98.986","99.099"
"Zambia","ZMB","2006","0.18394056","3064.469","0.000","0.000","0.000","0.000","99.068","99.172"
"Zambia","ZMB","2007","0.18285252","2793.334","0.000","0.000","0.000","0.000","99.271","99.375"
"Zambia","ZMB","2008","0.19606511","2786.650","0.000","0.000","0.000","0.000","99.368","99.579"
"Zambia","ZMB","2009","0.21792424","2734.891","0.000","0.000","0.000","0.000","99.189","99.493"
"Zambia","ZMB","2010","0.22346665","2768.134","0.000","0.000","0.000","0.000","99.232","99.520"
"Zambia","ZMB","2011","0.23404986","2998.159","0.000","0.000","0.000","0.000","99.301","99.563"
"Zambia","ZMB","2012","0.28006828","3116.737","0.000","0.000","0.000","0.000","99.269","99.513"
"Zambia","ZMB","2013","0.28745684","3198.529","0.000","0.000","0.000","0.000","99.395","99.622"
"Zambia","ZMB","2014","0.3323784","3323.385","0.000","0.000","0.000","0.000","96.797","97.563"
"Zambia","ZMB","2015","0.33675572","3115.068","0.449","0.000","0.000","0.000","96.632","97.305"
"Zambia","ZMB","2016","0.35341817","2846.699","3.959","0.000","0.000","0.000","93.890","94.406"
"Zambia","ZMB","2017","0.42765597","3202.072","7.756","0.000","0.000","0.000","86.496","87.535"
"Zambia","ZMB","2018","0.48169613","3494.537","8.741","0.000","0.000","0.000","84.997","86.113"
"Zambia","ZMB","2019","0.47782284","2983.882","8.793","0.000","0.818","0.000","84.049","86.026"
"Zambia","ZMB","2020","0.52418166","3099.083","8.344","0.000","0.993","0.000","84.702","86.755"
"Zambia","ZMB","2021","0.47694507","3418.863","4.912","0.000","0.847","0.000","90.740","92.208"
"Zimbabwe","ZWE","2000","1.1616611","4919.522","48.961","0.000","0.000","0.000","47.923","51.039"
"Zimbabwe","ZWE","2001","1.0448399","4614.958","57.124","0.000","0.000","0.000","39.182","42.876"
"Zimbabwe","ZWE","2002","0.98413074","4561.243","49.879","0.000","0.000","0.000","45.884","50.121"
"Zimbabwe","ZWE","2003","0.8673399","4397.342","34.895","0.000","0.000","0.000","62.061","65.105"
"Zimbabwe","ZWE","2004","0.7624711","4045.232","38.576","0.000","0.000","0.000","58.130","61.424"
"Zimbabwe","ZWE","2005","0.85701495","4160.413","42.478","0.000","0.000","0.000","53.872","57.522"
"Zimbabwe","ZWE","2006","0.8202832","4158.782","29.036","0.000","0.000","0.000","68.490","70.964"
"Zimbabwe","ZWE","2007","0.7681282","4036.720","25.306","0.000","0.000","0.000","72.517","74.694"
"Zimbabwe","ZWE","2008","0.5957252","3324.860","21.651","0.000","0.000","0.000","76.455","78.349"
"Zimbabwe","ZWE","2009","0.62770295","3254.282","22.082","0.000","0.000","0.000","75.949","77.918"
"Zimbabwe","ZWE","2010","0.65540963","3592.672","29.502","0.000","0.000","0.000","68.009","70.498"
"Zimbabwe","ZWE","2011","0.76225656","3860.790","37.919","0.000","0.000","0.000","57.606","61.633"
"Zimbabwe","ZWE","2012","0.8147","4106.950","36.058","0.000","0.000","0.000","59.798","63.606"
"Zimbabwe","ZWE","2013","0.83284795","4085.332","41.685","0.000","0.000","0.000","53.456","57.883"
"Zimbabwe","ZWE","2014","0.84084177","3940.886","39.959","0.000","0.000","0.000","55.407","59.629"
"Zimbabwe","ZWE","2015","0.83455706","3860.920","42.386","0.000","0.106","0.000","52.609","57.188"
"Zimbabwe","ZWE","2016","0.7252073","3227.680","50.733","0.000","0.147","0.000","43.255","48.680"
"Zimbabwe","ZWE","2017","0.6636679","3068.011","41.088","0.000","0.136","0.000","54.014","58.503"
"Zimbabwe","ZWE","2018","0.7455699","3441.986","40.152","0.000","0.218","0.000","54.951","59.412"
"Zimbabwe","ZWE","2019","0.6722901","3003.655","43.932","0.000","0.364","0.000","50.607","55.583"
"Zimbabwe","ZWE","2020","0.54684746","2680.132","44.269","0.000","0.395","0.000","50.198","55.204"
"Zimbabwe","ZWE","2021","0.6471251","2635.154","44.458","0.000","0.498","0.000","49.813","55.044"
