"CountryName","Year","Coal_Pct","Gas_Pct","Hydro_Pct","Solar_Pct","Wind_Pct"
"Afghanistan","2000","0.000","0.000","65.957","0.000","0.000"
"Afghanistan","2001","0.000","0.000","84.746","0.000","0.000"
"Afghanistan","2002","0.000","0.000","81.159","0.000","0.000"
"Afghanistan","2003","0.000","0.000","67.021","0.000","0.000"
"Afghanistan","2004","0.000","0.000","62.921","0.000","0.000"
"Afghanistan","2005","0.000","0.000","63.441","0.000","0.000"
"Afghanistan","2006","0.000","0.000","76.190","0.000","0.000"
"Afghanistan","2007","0.000","0.000","78.947","0.000","0.000"
"Afghanistan","2008","0.000","0.000","73.973","0.000","0.000"
"Afghanistan","2009","0.000","0.000","82.979","0.000","0.000"
"Afghanistan","2010","0.000","0.000","79.787","0.000","0.000"
"Afghanistan","2011","0.000","0.000","76.923","0.000","0.000"
"Afghanistan","2012","0.000","0.000","80.682","3.409","0.000"
"Afghanistan","2013","0.000","0.000","77.477","2.703","0.000"
"Afghanistan","2014","0.000","0.000","83.621","2.586","0.000"
"Afghanistan","2015","0.000","0.000","84.746","2.542","0.000"
"Afghanistan","2016","0.000","0.000","84.298","3.306","0.000"
"Afghanistan","2017","0.000","0.000","82.677","3.150","0.000"
"Afghanistan","2018","0.000","0.000","79.487","3.419","0.000"
"Afghanistan","2019","0.000","0.000","78.505","4.673","0.000"
"Afghanistan","2020","0.000","0.000","77.500","7.500","0.000"
"Afghanistan","2021","0.000","0.000","74.699","9.639","0.000"
"Albania","1990","0.000","0.000","86.364","0.000","0.000"
"Albania","1991","0.000","0.000","92.147","0.000","0.000"
"Albania","1992","0.000","0.000","95.000","0.000","0.000"
"Albania","1993","0.000","0.000","93.768","0.000","0.000"
"Albania","1994","0.000","0.000","95.685","0.000","0.000"
"Albania","1995","0.000","0.000","93.960","0.000","0.000"
"Albania","1996","0.000","0.000","95.659","0.000","0.000"
"Albania","1997","0.000","0.000","96.176","0.000","0.000"
"Albania","1998","0.000","0.000","96.282","0.000","0.000"
"Albania","1999","0.000","0.000","97.417","0.000","0.000"
"Albania","2000","0.000","0.000","97.015","0.000","0.000"
"Albania","2001","0.000","0.000","96.438","0.000","0.000"
"Albania","2002","0.000","0.000","95.604","0.000","0.000"
"Albania","2003","0.000","0.000","98.084","0.000","0.000"
"Albania","2004","0.000","0.000","97.653","0.000","0.000"
"Albania","2005","0.000","0.000","98.701","0.000","0.000"
"Albania","2006","0.000","0.000","98.214","0.000","0.000"
"Albania","2007","0.000","0.000","97.527","0.000","0.000"
"Albania","2008","0.000","0.000","98.172","0.000","0.000"
"Albania","2009","0.000","0.000","100.000","0.000","0.000"
"Albania","2010","0.000","0.000","100.000","0.000","0.000"
"Albania","2011","0.000","0.000","98.554","0.000","0.000"
"Albania","2012","0.000","0.000","100.000","0.000","0.000"
"Albania","2013","0.000","0.000","100.000","0.000","0.000"
"Albania","2014","0.000","0.000","100.000","0.000","0.000"
"Albania","2015","0.000","0.000","100.000","0.000","0.000"
"Albania","2016","0.000","0.000","100.000","0.000","0.000"
"Albania","2017","0.000","0.000","100.000","0.000","0.000"
"Albania","2018","0.000","0.000","100.000","0.000","0.000"
"Albania","2019","0.000","0.000","99.613","0.387","0.000"
"Albania","2020","0.000","0.000","99.435","0.565","0.000"
"Albania","2021","0.000","0.000","99.219","0.781","0.000"
"Algeria","1990","","","0.838","0.000","0.000"
"Algeria","1991","","","1.689","0.000","0.000"
"Algeria","1992","","","1.088","0.000","0.000"
"Algeria","1993","","","1.818","0.000","0.000"
"Algeria","1994","","","0.835","0.000","0.000"
"Algeria","1995","","","0.979","0.000","0.000"
"Algeria","1996","","","0.654","0.000","0.000"
"Algeria","1997","","","0.349","0.000","0.000"
"Algeria","1998","","","0.924","0.000","0.000"
"Algeria","1999","","","0.820","0.000","0.000"
"Algeria","2000","0.000","90.707","0.209","0.000","0.000"
"Algeria","2001","0.000","91.250","0.280","0.000","0.000"
"Algeria","2002","0.000","90.962","0.231","0.000","0.000"
"Algeria","2003","0.000","90.396","0.935","0.000","0.000"
"Algeria","2004","0.000","90.915","0.851","0.000","0.000"
"Algeria","2005","0.000","89.376","1.724","0.000","0.000"
"Algeria","2006","0.000","91.546","0.664","0.000","0.000"
"Algeria","2007","0.000","90.535","0.629","0.000","0.000"
"Algeria","2008","0.000","90.087","0.740","0.000","0.000"
"Algeria","2009","0.000","91.052","0.829","0.000","0.000"
"Algeria","2010","0.000","92.277","0.395","0.000","0.000"
"Algeria","2011","0.000","91.156","1.038","0.000","0.000"
"Algeria","2012","0.000","91.719","1.149","0.000","0.000"
"Algeria","2013","0.000","91.264","0.586","0.000","0.000"
"Algeria","2014","0.000","91.424","0.414","0.000","0.000"
"Algeria","2015","0.000","92.053","0.216","0.093","0.031"
"Algeria","2016","0.000","91.703","0.329","0.135","0.045"
"Algeria","2017","0.000","90.769","0.084","0.797","0.014"
"Algeria","2018","0.000","91.262","0.166","0.902","0.014"
"Algeria","2019","0.000","91.981","0.196","0.887","0.013"
"Algeria","2020","0.000","91.709","0.069","0.907","0.014"
"Algeria","2021","0.000","92.093","0.116","1.045","0.013"
"Algeria","2022","","","0.084","0.744","0.011"
"American Samoa","2000","0.000","0.000","0.000","0.000","0.000"
"American Samoa","2001","0.000","0.000","0.000","0.000","0.000"
"American Samoa","2002","0.000","0.000","0.000","0.000","0.000"
"American Samoa","2003","0.000","0.000","0.000","0.000","0.000"
"American Samoa","2004","0.000","0.000","0.000","0.000","0.000"
"American Samoa","2005","0.000","0.000","0.000","0.000","0.000"
"American Samoa","2006","0.000","0.000","0.000","0.000","0.000"
"American Samoa","2007","0.000","0.000","0.000","0.000","0.000"
"American Samoa","2008","0.000","0.000","0.000","0.000","0.000"
"American Samoa","2009","0.000","0.000","0.000","0.000","0.000"
"American Samoa","2010","0.000","0.000","0.000","0.000","0.000"
"American Samoa","2011","0.000","0.000","0.000","0.000","0.000"
"American Samoa","2012","0.000","0.000","0.000","0.000","0.000"
"American Samoa","2013","0.000","0.000","0.000","0.000","0.000"
"American Samoa","2014","0.000","0.000","0.000","0.000","0.000"
"American Samoa","2015","0.000","0.000","0.000","0.000","0.000"
"American Samoa","2016","0.000","0.000","0.000","0.000","0.000"
"American Samoa","2017","0.000","0.000","0.000","0.000","0.000"
"American Samoa","2018","0.000","0.000","0.000","0.000","0.000"
"American Samoa","2019","0.000","0.000","0.000","0.000","0.000"
"American Samoa","2020","0.000","0.000","0.000","0.000","0.000"
"American Samoa","2021","0.000","0.000","0.000","0.000","0.000"
"Angola","2000","0.000","0.000","64.286","0.000","0.000"
"Angola","2001","0.000","0.000","63.522","0.000","0.000"
"Angola","2002","0.000","0.000","66.082","0.000","0.000"
"Angola","2003","0.000","0.000","63.402","0.000","0.000"
"Angola","2004","0.000","0.000","79.358","0.000","0.000"
"Angola","2005","0.000","0.000","80.586","0.000","0.000"
"Angola","2006","0.000","0.000","81.481","0.000","0.000"
"Angola","2007","0.000","0.000","78.413","0.000","0.000"
"Angola","2008","0.000","0.000","76.355","0.000","0.000"
"Angola","2009","0.000","0.000","66.522","0.000","0.000"
"Angola","2010","0.000","0.000","68.985","0.188","0.000"
"Angola","2011","0.000","0.000","71.790","0.181","0.000"
"Angola","2012","0.000","0.000","61.857","0.166","0.000"
"Angola","2013","0.000","0.000","59.222","0.125","0.000"
"Angola","2014","0.000","0.000","54.121","0.217","0.000"
"Angola","2015","0.000","0.000","54.135","0.215","0.000"
"Angola","2016","0.000","0.000","56.415","0.196","0.000"
"Angola","2017","0.000","11.891","70.974","0.187","0.000"
"Angola","2018","0.000","9.743","76.306","0.156","0.000"
"Angola","2019","0.000","11.948","70.584","0.130","0.000"
"Angola","2020","0.000","11.392","72.031","0.121","0.000"
"Angola","2021","0.000","12.234","69.994","0.122","0.000"
"Antigua and Barbuda","2000","0.000","0.000","0.000","0.000","0.000"
"Antigua and Barbuda","2001","0.000","0.000","0.000","0.000","0.000"
"Antigua and Barbuda","2002","0.000","0.000","0.000","0.000","0.000"
"Antigua and Barbuda","2003","0.000","0.000","0.000","0.000","0.000"
"Antigua and Barbuda","2004","0.000","0.000","0.000","0.000","0.000"
"Antigua and Barbuda","2005","0.000","0.000","0.000","0.000","0.000"
"Antigua and Barbuda","2006","0.000","0.000","0.000","0.000","0.000"
"Antigua and Barbuda","2007","0.000","0.000","0.000","0.000","0.000"
"Antigua and Barbuda","2008","0.000","0.000","0.000","0.000","0.000"
"Antigua and Barbuda","2009","0.000","0.000","0.000","0.000","0.000"
"Antigua and Barbuda","2010","0.000","0.000","0.000","0.000","0.000"
"Antigua and Barbuda","2011","0.000","0.000","0.000","0.000","0.000"
"Antigua and Barbuda","2012","0.000","0.000","0.000","0.000","0.000"
"Antigua and Barbuda","2013","0.000","0.000","0.000","0.000","0.000"
"Antigua and Barbuda","2014","0.000","0.000","0.000","0.000","0.000"
"Antigua and Barbuda","2015","0.000","0.000","0.000","3.030","0.000"
"Antigua and Barbuda","2016","0.000","0.000","0.000","0.000","0.000"
"Antigua and Barbuda","2017","0.000","0.000","0.000","3.030","0.000"
"Antigua and Barbuda","2018","0.000","0.000","0.000","3.030","0.000"
"Antigua and Barbuda","2019","0.000","0.000","0.000","2.941","0.000"
"Antigua and Barbuda","2020","0.000","0.000","0.000","6.061","0.000"
"Antigua and Barbuda","2021","0.000","0.000","0.000","5.714","0.000"
"Argentina","1990","1.294","38.917","34.728","0.000","0.000"
"Argentina","1991","1.719","38.933","29.467","0.000","0.000"
"Argentina","1992","1.486","37.063","34.158","0.000","0.000"
"Argentina","1993","1.907","35.550","38.417","0.000","0.000"
"Argentina","1994","3.578","34.622","41.582","0.000","0.000"
"Argentina","1995","2.841","39.453","39.458","0.000","0.000"
"Argentina","1996","2.748","46.654","32.213","0.000","0.014"
"Argentina","1997","2.617","44.421","38.537","0.000","0.020"
"Argentina","1998","2.438","46.195","35.696","0.000","0.044"
"Argentina","1999","2.608","56.638","26.499","0.000","0.043"
"Argentina","2000","1.971","53.935","33.419","0.000","0.047"
"Argentina","2001","1.480","47.046","42.375","0.000","0.058"
"Argentina","2002","0.937","47.110","43.734","0.000","0.086"
"Argentina","2003","0.998","50.942","37.974","0.000","0.091"
"Argentina","2004","1.651","54.311","31.498","0.000","0.073"
"Argentina","2005","2.033","51.983","33.373","0.000","0.079"
"Argentina","2006","1.768","49.982","33.725","0.000","0.063"
"Argentina","2007","2.093","53.893","27.118","0.000","0.054"
"Argentina","2008","1.586","53.447","26.240","0.000","0.035"
"Argentina","2009","1.436","50.516","28.831","0.000","0.034"
"Argentina","2010","2.374","50.159","27.599","0.000","0.025"
"Argentina","2011","2.232","51.992","25.279","0.000","0.049"
"Argentina","2012","1.927","55.467","22.309","0.008","0.637"
"Argentina","2013","1.685","52.778","24.571","0.008","0.763"
"Argentina","2014","1.821","54.472","24.528","0.015","0.470"
"Argentina","2015","1.626","53.930","23.180","0.007","0.428"
"Argentina","2016","1.303","56.896","21.054","0.007","0.387"
"Argentina","2017","1.371","62.156","22.703","0.014","0.440"
"Argentina","2018","1.373","64.211","22.863","0.079","1.002"
"Argentina","2019","0.826","64.749","20.524","0.593","3.717"
"Argentina","2020","1.118","60.091","17.492","0.959","6.720"
"Argentina","2021","1.895","60.669","13.765","1.479","8.733"
"Argentina","2022","1.872","56.205","18.201","2.025","9.758"
"Armenia","2000","0.000","45.018","22.242","0.000","0.000"
"Armenia","2001","0.000","47.038","17.235","0.000","0.000"
"Armenia","2002","0.000","28.407","31.478","0.000","0.000"
"Armenia","2003","0.000","27.447","37.620","0.000","0.000"
"Armenia","2004","0.000","29.153","33.559","0.000","0.000"
"Armenia","2005","0.000","28.811","29.313","0.000","0.000"
"Armenia","2006","0.000","24.733","32.206","0.000","0.000"
"Armenia","2007","0.000","25.090","32.796","0.000","0.000"
"Armenia","2008","0.000","25.960","32.541","0.000","0.000"
"Armenia","2009","0.000","20.112","37.244","0.000","0.000"
"Armenia","2010","0.000","21.845","40.939","0.000","0.162"
"Armenia","2011","0.000","31.825","34.795","0.000","0.000"
"Armenia","2012","0.000","41.919","30.223","0.000","0.000"
"Armenia","2013","0.000","40.822","29.452","0.000","0.000"
"Armenia","2014","0.000","42.156","26.876","0.000","0.000"
"Armenia","2015","0.000","35.637","29.539","0.000","0.000"
"Armenia","2016","0.000","34.964","33.525","0.000","0.000"
"Armenia","2017","0.000","36.685","30.571","0.000","0.000"
"Armenia","2018","0.000","42.954","31.030","0.271","0.000"
"Armenia","2019","0.000","39.178","32.192","0.822","0.000"
"Armenia","2020","0.000","40.000","23.893","1.879","0.000"
"Armenia","2021","0.000","43.443","30.055","1.230","0.000"
"Aruba","2000","0.000","0.000","0.000","0.000","0.000"
"Aruba","2001","0.000","0.000","0.000","0.000","0.000"
"Aruba","2002","0.000","0.000","0.000","0.000","0.000"
"Aruba","2003","0.000","0.000","0.000","0.000","0.000"
"Aruba","2004","0.000","0.000","0.000","0.000","0.000"
"Aruba","2005","0.000","0.000","0.000","0.000","0.000"
"Aruba","2006","0.000","0.000","0.000","0.000","0.000"
"Aruba","2007","0.000","0.000","0.000","0.000","0.000"
"Aruba","2008","0.000","0.000","0.000","0.000","0.000"
"Aruba","2009","0.000","0.000","0.000","0.000","3.333"
"Aruba","2010","0.000","0.000","0.000","0.000","12.360"
"Aruba","2011","0.000","0.000","0.000","0.000","12.500"
"Aruba","2012","0.000","0.000","0.000","0.000","16.092"
"Aruba","2013","0.000","0.000","0.000","0.000","16.854"
"Aruba","2014","0.000","0.000","0.000","1.124","16.854"
"Aruba","2015","0.000","0.000","0.000","1.075","18.280"
"Aruba","2016","0.000","0.000","0.000","1.111","14.444"
"Aruba","2017","0.000","0.000","0.000","1.075","13.978"
"Aruba","2018","0.000","0.000","0.000","1.099","15.385"
"Aruba","2019","0.000","0.000","0.000","1.087","15.217"
"Aruba","2020","0.000","0.000","0.000","1.136","15.909"
"Aruba","2021","0.000","0.000","0.000","1.075","15.054"
"Australia","1990","79.255","8.073","9.482","0.000","0.000"
"Australia","1991","80.539","7.092","9.910","0.003","0.000"
"Australia","1992","80.546","7.413","9.877","0.007","0.000"
"Australia","1993","80.587","7.405","9.909","0.009","0.001"
"Australia","1994","80.458","7.967","9.492","0.010","0.003"
"Australia","1995","81.002","7.807","8.921","0.012","0.004"
"Australia","1996","82.403","6.626","8.865","0.014","0.004"
"Australia","1997","83.329","6.445","8.441","0.016","0.004"
"Australia","1998","83.193","7.253","7.920","0.018","0.009"
"Australia","1999","82.727","7.793","7.869","0.020","0.021"
"Australia","2000","82.792","7.696","8.175","0.020","0.030"
"Australia","2001","79.904","10.882","7.746","0.019","0.099"
"Australia","2002","77.260","13.735","7.324","0.023","0.168"
"Australia","2003","77.246","13.416","7.550","0.028","0.328"
"Australia","2004","78.388","11.983","7.123","0.031","0.314"
"Australia","2005","79.462","10.102","7.028","0.037","0.408"
"Australia","2006","77.705","11.414","7.171","0.041","0.778"
"Australia","2007","75.810","13.650","6.187","0.048","1.137"
"Australia","2008","75.535","14.886","5.136","0.057","1.346"
"Australia","2009","74.129","16.746","4.976","0.068","1.627"
"Australia","2010","70.868","18.837","5.778","0.167","2.114"
"Australia","2011","68.168","19.337","6.928","0.577","2.819"
"Australia","2012","66.968","20.169","5.990","0.998","3.167"
"Australia","2013","62.153","21.080","7.879","1.513","4.148"
"Australia","2014","61.454","21.241","7.591","1.660","4.309"
"Australia","2015","63.706","19.524","5.770","2.175","4.960"
"Australia","2016","63.380","18.779","6.104","2.524","5.568"
"Australia","2017","60.678","21.000","6.418","3.229","5.310"
"Australia","2018","60.919","20.026","6.310","3.966","5.472"
"Australia","2019","56.023","20.832","6.243","5.943","7.892"
"Australia","2020","53.091","19.732","5.883","9.505","8.848"
"Australia","2021","51.320","17.789","5.974","11.349","10.560"
"Australia","2022","47.254","18.730","6.194","13.307","11.590"
"Austria","1990","12.556","15.659","63.915","0.000","0.000"
"Austria","1991","13.631","14.886","62.654","0.000","0.000"
"Austria","1992","8.228","13.293","69.770","0.000","0.000"
"Austria","1993","5.801","13.218","71.462","0.000","0.000"
"Austria","1994","5.949","16.580","68.528","0.000","0.000"
"Austria","1995","7.829","16.147","67.180","0.000","0.000"
"Austria","1996","9.856","17.547","63.879","0.000","0.000"
"Austria","1997","10.471","15.212","64.853","0.000","0.036"
"Austria","1998","7.386","15.862","66.452","0.000","0.089"
"Austria","1999","7.377","15.504","67.924","0.000","0.083"
"Austria","2000","9.557","13.116","69.908","0.000","0.117"
"Austria","2001","11.284","14.330","66.263","0.016","0.164"
"Austria","2002","10.891","15.340","66.288","0.016","0.231"
"Austria","2003","14.537","19.221","57.199","0.017","0.637"
"Austria","2004","12.772","17.681","59.357","0.032","1.502"
"Austria","2005","11.118","20.205","57.528","0.031","2.062"
"Austria","2006","11.834","17.132","57.258","0.032","2.810"
"Austria","2007","10.491","15.737","58.894","0.032","3.243"
"Austria","2008","8.574","17.333","59.426","0.047","3.116"
"Austria","2009","5.671","18.612","61.689","0.075","2.941"
"Austria","2010","7.245","21.131","56.487","0.133","3.033"
"Austria","2011","8.721","19.981","54.995","0.273","3.116"
"Austria","2012","6.390","14.134","63.828","0.495","3.581"
"Austria","2013","6.518","10.296","65.057","0.975","4.877"
"Austria","2014","4.771","8.634","66.553","1.282","6.248"
"Austria","2015","4.770","12.385","60.081","1.520","7.825"
"Austria","2016","3.126","13.011","61.257","1.686","8.015"
"Austria","2017","2.611","16.182","56.793","1.884","9.745"
"Austria","2018","2.783","15.252","57.872","2.245","9.271"
"Austria","2019","2.117","15.975","57.621","2.399","10.514"
"Austria","2020","0.809","14.381","60.702","2.948","9.814"
"Austria","2021","0.209","15.863","57.879","4.152","10.067"
"Austria","2022","0.216","18.179","55.758","4.220","10.713"
"Azerbaijan","1990","","","7.161","0.000","0.000"
"Azerbaijan","1991","","","7.503","0.000","0.000"
"Azerbaijan","1992","","","8.841","0.000","0.000"
"Azerbaijan","1993","","","12.734","0.000","0.000"
"Azerbaijan","1994","","","10.415","0.000","0.000"
"Azerbaijan","1995","","","9.129","0.000","0.000"
"Azerbaijan","1996","","","8.996","0.000","0.000"
"Azerbaijan","1997","","","10.169","0.000","0.000"
"Azerbaijan","1998","","","10.842","0.000","0.000"
"Azerbaijan","1999","","","8.286","0.000","0.000"
"Azerbaijan","2000","0.000","46.686","8.612","0.000","0.000"
"Azerbaijan","2001","0.000","47.430","7.207","0.000","0.000"
"Azerbaijan","2002","0.000","48.836","10.828","0.000","0.000"
"Azerbaijan","2003","0.000","48.137","12.121","0.000","0.000"
"Azerbaijan","2004","0.000","47.487","13.324","0.000","0.000"
"Azerbaijan","2005","0.000","46.667","14.826","0.000","0.000"
"Azerbaijan","2006","0.000","48.656","11.156","0.000","0.000"
"Azerbaijan","2007","0.000","48.571","11.332","0.000","0.000"
"Azerbaijan","2008","0.000","48.851","10.807","0.000","0.000"
"Azerbaijan","2009","0.000","51.288","12.822","0.000","0.000"
"Azerbaijan","2010","0.000","47.549","19.211","0.000","0.000"
"Azerbaijan","2011","0.000","50.728","13.788","0.000","0.000"
"Azerbaijan","2012","0.000","53.963","8.295","0.000","0.000"
"Azerbaijan","2013","0.000","59.464","6.673","0.000","0.000"
"Azerbaijan","2014","0.000","60.163","5.532","0.000","0.000"
"Azerbaijan","2015","0.000","59.278","6.959","0.000","0.000"
"Azerbaijan","2016","0.000","58.294","8.231","0.170","0.085"
"Azerbaijan","2017","0.000","58.754","7.535","0.174","0.087"
"Azerbaijan","2018","0.000","58.690","7.347","0.168","0.336"
"Azerbaijan","2019","0.000","61.260","6.301","0.163","0.407"
"Azerbaijan","2020","0.000","62.469","4.389","0.205","0.410"
"Azerbaijan","2021","0.000","62.229","4.869","0.190","0.342"
"Azerbaijan","2022","","","5.493","0.210","0.287"
"Bahamas","2000","0.000","0.000","0.000","0.000","0.000"
"Bahamas","2001","0.000","0.000","0.000","0.000","0.000"
"Bahamas","2002","0.000","0.000","0.000","0.000","0.000"
"Bahamas","2003","0.000","0.000","0.000","0.000","0.000"
"Bahamas","2004","0.000","0.000","0.000","0.000","0.000"
"Bahamas","2005","0.000","0.000","0.000","0.000","0.000"
"Bahamas","2006","0.000","0.000","0.000","0.000","0.000"
"Bahamas","2007","0.000","0.000","0.000","0.000","0.000"
"Bahamas","2008","0.000","0.000","0.000","0.000","0.000"
"Bahamas","2009","0.000","0.000","0.000","0.000","0.000"
"Bahamas","2010","0.000","0.000","0.000","0.000","0.000"
"Bahamas","2011","0.000","0.000","0.000","0.000","0.000"
"Bahamas","2012","0.000","0.000","0.000","0.000","0.000"
"Bahamas","2013","0.000","0.000","0.000","0.000","0.000"
"Bahamas","2014","0.000","0.000","0.000","0.000","0.000"
"Bahamas","2015","0.000","0.000","0.000","0.000","0.000"
"Bahamas","2016","0.000","0.000","0.000","0.000","0.000"
"Bahamas","2017","0.000","0.000","0.000","0.000","0.000"
"Bahamas","2018","0.000","0.000","0.000","0.000","0.000"
"Bahamas","2019","0.000","0.000","0.000","0.000","0.000"
"Bahamas","2020","0.000","0.000","0.000","0.000","0.000"
"Bahamas","2021","0.000","0.000","0.000","0.000","0.000"
"Bahrain","2000","0.000","100.000","0.000","0.000","0.000"
"Bahrain","2001","0.000","100.000","0.000","0.000","0.000"
"Bahrain","2002","0.000","100.000","0.000","0.000","0.000"
"Bahrain","2003","0.000","100.000","0.000","0.000","0.000"
"Bahrain","2004","0.000","100.000","0.000","0.000","0.000"
"Bahrain","2005","0.000","100.000","0.000","0.000","0.000"
"Bahrain","2006","0.000","100.000","0.000","0.000","0.000"
"Bahrain","2007","0.000","100.000","0.000","0.000","0.000"
"Bahrain","2008","0.000","100.000","0.000","0.000","0.000"
"Bahrain","2009","0.000","100.000","0.000","0.000","0.000"
"Bahrain","2010","0.000","100.000","0.000","0.000","0.000"
"Bahrain","2011","0.000","100.000","0.000","0.000","0.000"
"Bahrain","2012","0.000","100.000","0.000","0.000","0.000"
"Bahrain","2013","0.000","100.000","0.000","0.000","0.000"
"Bahrain","2014","0.000","99.961","0.000","0.039","0.000"
"Bahrain","2015","0.000","99.963","0.000","0.037","0.000"
"Bahrain","2016","0.000","99.963","0.000","0.037","0.000"
"Bahrain","2017","0.000","99.964","0.000","0.036","0.000"
"Bahrain","2018","0.000","99.964","0.000","0.036","0.000"
"Bahrain","2019","0.000","99.968","0.000","0.032","0.000"
"Bahrain","2020","0.000","99.967","0.000","0.033","0.000"
"Bahrain","2021","0.000","99.969","0.000","0.031","0.000"
"Bangladesh","1985","","","16.321","0.000","0.000"
"Bangladesh","1986","","","9.375","0.000","0.000"
"Bangladesh","1987","","","9.254","0.000","0.000"
"Bangladesh","1988","","","10.320","0.000","0.000"
"Bangladesh","1989","","","12.930","0.000","0.000"
"Bangladesh","1990","","","11.433","0.000","0.000"
"Bangladesh","1991","","","10.133","0.000","0.000"
"Bangladesh","1992","","","8.950","0.000","0.000"
"Bangladesh","1993","","","6.604","0.000","0.000"
"Bangladesh","1994","","","8.657","0.000","0.000"
"Bangladesh","1995","","","3.443","0.000","0.000"
"Bangladesh","1996","","","6.441","0.000","0.000"
"Bangladesh","1997","","","6.063","0.000","0.000"
"Bangladesh","1998","","","6.715","0.000","0.000"
"Bangladesh","1999","","","5.765","0.000","0.000"
"Bangladesh","2000","0.000","40.282","6.321","0.000","0.000"
"Bangladesh","2001","0.000","46.431","5.979","0.000","0.000"
"Bangladesh","2002","0.000","51.136","5.966","0.000","0.000"
"Bangladesh","2003","0.000","51.103","6.025","0.000","0.000"
"Bangladesh","2004","0.000","51.548","5.202","0.000","0.000"
"Bangladesh","2005","0.000","52.615","5.033","0.000","0.000"
"Bangladesh","2006","4.855","50.085","4.718","0.034","0.000"
"Bangladesh","2007","4.759","53.098","2.533","0.068","0.000"
"Bangladesh","2008","4.734","52.908","2.908","0.062","0.000"
"Bangladesh","2009","4.819","53.807","1.255","0.086","0.000"
"Bangladesh","2010","4.547","55.443","1.975","0.182","0.000"
"Bangladesh","2011","4.249","55.329","2.208","0.144","0.000"
"Bangladesh","2012","3.949","53.970","1.789","0.196","0.000"
"Bangladesh","2013","3.697","56.615","1.878","0.260","0.000"
"Bangladesh","2014","3.594","58.357","1.179","0.304","0.000"
"Bangladesh","2015","2.950","65.605","1.061","0.360","0.018"
"Bangladesh","2016","2.622","68.646","1.558","0.339","0.015"
"Bangladesh","2017","2.307","72.138","1.495","0.363","0.015"
"Bangladesh","2018","4.394","72.269","1.460","0.379","0.014"
"Bangladesh","2019","4.025","74.921","0.968","0.415","0.013"
"Bangladesh","2020","12.586","68.225","1.162","0.515","0.013"
"Bangladesh","2021","11.865","69.939","1.092","0.583","0.012"
"Bangladesh","2022","14.314","60.542","1.138","0.763","0.012"
"Barbados","2000","0.000","0.000","0.000","0.000","0.000"
"Barbados","2001","0.000","0.000","0.000","0.000","0.000"
"Barbados","2002","0.000","0.000","0.000","0.000","0.000"
"Barbados","2003","0.000","0.000","0.000","0.000","0.000"
"Barbados","2004","0.000","0.000","0.000","0.000","0.000"
"Barbados","2005","0.000","0.000","0.000","0.000","0.000"
"Barbados","2006","0.000","0.000","0.000","0.000","0.000"
"Barbados","2007","0.000","0.000","0.000","0.000","0.000"
"Barbados","2008","0.000","0.000","0.000","0.000","0.000"
"Barbados","2009","0.000","0.000","0.000","0.000","0.000"
"Barbados","2010","0.000","0.000","0.000","0.000","0.000"
"Barbados","2011","0.000","0.000","0.000","0.000","0.000"
"Barbados","2012","0.000","0.000","0.000","0.000","0.000"
"Barbados","2013","0.000","0.000","0.000","0.000","0.000"
"Barbados","2014","0.000","0.000","0.000","1.031","0.000"
"Barbados","2015","0.000","0.000","0.000","1.020","0.000"
"Barbados","2016","0.000","0.000","0.000","2.000","0.000"
"Barbados","2017","0.000","0.000","0.000","2.970","0.000"
"Barbados","2018","0.000","0.000","0.000","3.000","0.000"
"Barbados","2019","0.000","0.000","0.000","3.922","0.000"
"Barbados","2020","0.000","0.000","0.000","7.000","0.000"
"Barbados","2021","0.000","0.000","0.000","7.477","0.000"
"Belarus","1990","","","0.051","0.000","0.000"
"Belarus","1991","","","0.046","0.000","0.000"
"Belarus","1992","","","0.045","0.000","0.000"
"Belarus","1993","","","0.057","0.000","0.000"
"Belarus","1994","","","0.061","0.000","0.000"
"Belarus","1995","","","0.080","0.000","0.000"
"Belarus","1996","","","0.067","0.000","0.000"
"Belarus","1997","","","0.081","0.000","0.000"
"Belarus","1998","","","0.119","0.000","0.000"
"Belarus","1999","","","0.072","0.000","0.000"
"Belarus","2000","0.000","99.878","0.122","0.000","0.000"
"Belarus","2001","0.000","99.873","0.127","0.000","0.000"
"Belarus","2002","0.000","99.879","0.121","0.000","0.000"
"Belarus","2003","0.000","99.880","0.120","0.000","0.000"
"Belarus","2004","0.000","99.898","0.102","0.000","0.000"
"Belarus","2005","0.000","99.863","0.137","0.000","0.000"
"Belarus","2006","0.000","99.799","0.134","0.000","0.000"
"Belarus","2007","0.000","99.766","0.134","0.000","0.000"
"Belarus","2008","0.000","99.666","0.122","0.000","0.000"
"Belarus","2009","0.000","99.649","0.140","0.000","0.000"
"Belarus","2010","0.000","99.634","0.152","0.000","0.000"
"Belarus","2011","0.000","99.603","0.132","0.000","0.000"
"Belarus","2012","0.000","99.447","0.242","0.000","0.035"
"Belarus","2013","0.000","99.020","0.473","0.000","0.034"
"Belarus","2014","0.000","99.173","0.368","0.000","0.031"
"Belarus","2015","0.000","99.094","0.344","0.031","0.094"
"Belarus","2016","0.000","98.732","0.444","0.095","0.254"
"Belarus","2017","0.000","97.689","1.232","0.277","0.308"
"Belarus","2018","0.000","97.791","0.873","0.491","0.273"
"Belarus","2019","0.000","97.505","0.902","0.478","0.478"
"Belarus","2020","0.000","95.552","1.077","0.497","0.525"
"Belarus","2021","0.000","83.858","0.889","0.410","0.433"
"Belarus","2022","","","0.865","0.719","0.464"
"Belgium","1986","","","0.585","","0.000"
"Belgium","1987","","","0.677","","0.009"
"Belgium","1988","","","0.549","","0.012"
"Belgium","1989","","","0.452","","0.010"
"Belgium","1990","24.314","7.697","0.384","0.000","0.014"
"Belgium","1991","23.191","8.737","0.323","0.000","0.014"
"Belgium","1992","22.417","9.339","0.476","0.000","0.014"
"Belgium","1993","23.259","9.717","0.357","0.000","0.014"
"Belgium","1994","23.802","11.592","0.491","0.000","0.014"
"Belgium","1995","22.470","13.847","0.462","0.000","0.014"
"Belgium","1996","20.695","14.653","0.319","0.000","0.013"
"Belgium","1997","17.655","14.818","0.398","0.000","0.013"
"Belgium","1998","17.286","18.321","0.475","0.000","0.012"
"Belgium","1999","11.923","23.066","0.408","0.000","0.012"
"Belgium","2000","15.606","19.302","0.556","0.000","0.024"
"Belgium","2001","12.641","20.069","0.560","0.000","0.051"
"Belgium","2002","12.392","22.078","0.445","0.000","0.074"
"Belgium","2003","11.535","25.859","0.299","0.000","0.108"
"Belgium","2004","11.035","24.168","0.386","0.000","0.169"
"Belgium","2005","9.750","25.565","0.345","0.000","0.273"
"Belgium","2006","8.246","26.472","0.433","0.000","0.445"
"Belgium","2007","7.475","28.489","0.451","0.012","0.566"
"Belgium","2008","6.702","29.115","0.495","0.048","0.773"
"Belgium","2009","5.777","32.620","0.368","0.190","1.115"
"Belgium","2010","4.522","33.208","0.334","0.603","1.389"
"Belgium","2011","3.908","28.568","0.225","1.314","2.594"
"Belgium","2012","4.164","28.949","0.442","2.641","3.390"
"Belgium","2013","3.683","25.453","0.465","3.231","4.479"
"Belgium","2014","2.946","27.262","0.409","4.074","6.513"
"Belgium","2015","3.039","32.325","0.470","4.492","8.177"
"Belgium","2016","0.465","26.298","0.441","3.692","6.455"
"Belgium","2017","0.106","27.105","0.318","3.897","7.677"
"Belgium","2018","0.122","32.631","0.394","5.305","10.297"
"Belgium","2019","0.097","27.668","0.325","4.604","10.573"
"Belgium","2020","0.091","30.470","0.307","5.814","14.586"
"Belgium","2021","0.040","22.741","0.424","5.675","12.118"
"Belgium","2022","0.042","24.445","0.211","7.771","12.762"
"Belize","2000","0.000","0.000","50.000","0.000","0.000"
"Belize","2001","0.000","0.000","60.000","0.000","0.000"
"Belize","2002","0.000","0.000","60.000","0.000","0.000"
"Belize","2003","0.000","0.000","35.294","0.000","0.000"
"Belize","2004","0.000","0.000","37.500","0.000","0.000"
"Belize","2005","0.000","0.000","41.176","0.000","0.000"
"Belize","2006","0.000","0.000","78.261","0.000","0.000"
"Belize","2007","0.000","0.000","75.000","0.000","0.000"
"Belize","2008","0.000","0.000","86.957","0.000","0.000"
"Belize","2009","0.000","0.000","76.000","0.000","0.000"
"Belize","2010","0.000","0.000","53.061","0.000","0.000"
"Belize","2011","0.000","0.000","58.140","0.000","0.000"
"Belize","2012","0.000","0.000","44.681","0.000","0.000"
"Belize","2013","0.000","0.000","57.778","0.000","0.000"
"Belize","2014","0.000","0.000","50.980","0.000","0.000"
"Belize","2015","0.000","0.000","44.444","0.000","0.000"
"Belize","2016","0.000","0.000","49.057","0.000","0.000"
"Belize","2017","0.000","0.000","35.526","0.000","0.000"
"Belize","2018","0.000","0.000","31.646","0.000","0.000"
"Belize","2019","0.000","0.000","34.091","1.136","0.000"
"Belize","2020","0.000","0.000","12.903","1.613","0.000"
"Belize","2021","0.000","0.000","12.500","1.562","0.000"
"Benin","2000","0.000","0.000","0.000","0.000","0.000"
"Benin","2001","0.000","0.000","0.000","0.000","0.000"
"Benin","2002","0.000","0.000","0.000","0.000","0.000"
"Benin","2003","0.000","0.000","0.000","0.000","0.000"
"Benin","2004","0.000","0.000","0.000","0.000","0.000"
"Benin","2005","0.000","0.000","0.000","0.000","0.000"
"Benin","2006","0.000","0.000","0.000","0.000","0.000"
"Benin","2007","0.000","0.000","0.000","0.000","0.000"
"Benin","2008","0.000","0.000","0.000","0.000","0.000"
"Benin","2009","0.000","0.000","0.000","0.000","0.000"
"Benin","2010","0.000","0.000","0.000","0.000","0.000"
"Benin","2011","0.000","0.000","0.000","0.000","0.000"
"Benin","2012","0.000","0.000","0.000","0.000","0.000"
"Benin","2013","0.000","0.000","0.000","0.000","0.000"
"Benin","2014","0.000","0.000","0.000","0.000","0.000"
"Benin","2015","0.000","0.000","0.000","0.000","0.000"
"Benin","2016","0.000","0.000","0.000","0.000","0.000"
"Benin","2017","0.000","0.000","0.000","0.000","0.000"
"Benin","2018","0.000","0.000","0.000","0.000","0.000"
"Benin","2019","0.000","0.000","0.000","5.000","0.000"
"Benin","2020","0.000","0.000","0.000","4.348","0.000"
"Benin","2021","0.000","0.000","0.000","4.167","0.000"
"Bhutan","2000","0.000","0.000","100.000","0.000","0.000"
"Bhutan","2001","0.000","0.000","100.000","0.000","0.000"
"Bhutan","2002","0.000","0.000","100.000","0.000","0.000"
"Bhutan","2003","0.000","0.000","100.000","0.000","0.000"
"Bhutan","2004","0.000","0.000","100.000","0.000","0.000"
"Bhutan","2005","0.000","0.000","100.000","0.000","0.000"
"Bhutan","2006","0.000","0.000","100.000","0.000","0.000"
"Bhutan","2007","0.000","0.000","100.000","0.000","0.000"
"Bhutan","2008","0.000","0.000","100.000","0.000","0.000"
"Bhutan","2009","0.000","0.000","100.000","0.000","0.000"
"Bhutan","2010","0.000","0.000","100.000","0.000","0.000"
"Bhutan","2011","0.000","0.000","100.000","0.000","0.000"
"Bhutan","2012","0.000","0.000","100.000","0.000","0.000"
"Bhutan","2013","0.000","0.000","100.000","0.000","0.000"
"Bhutan","2014","0.000","0.000","100.000","0.000","0.000"
"Bhutan","2015","0.000","0.000","100.000","0.000","0.000"
"Bhutan","2016","0.000","0.000","100.000","0.000","0.000"
"Bhutan","2017","0.000","0.000","100.000","0.000","0.000"
"Bhutan","2018","0.000","0.000","100.000","0.000","0.000"
"Bhutan","2019","0.000","0.000","100.000","0.000","0.000"
"Bhutan","2020","0.000","0.000","100.000","0.000","0.000"
"Bhutan","2021","0.000","0.000","100.000","0.000","0.000"
"Bolivia","2000","0.000","34.218","51.724","0.000","0.000"
"Bolivia","2001","0.000","31.948","54.805","0.000","0.000"
"Bolivia","2002","0.000","31.852","53.827","0.000","0.000"
"Bolivia","2003","0.000","37.890","47.242","0.000","0.000"
"Bolivia","2004","0.000","30.275","48.853","0.000","0.000"
"Bolivia","2005","0.000","34.755","41.365","0.000","0.000"
"Bolivia","2006","0.000","33.268","42.126","0.000","0.000"
"Bolivia","2007","0.000","31.760","41.742","0.000","0.000"
"Bolivia","2008","0.000","32.379","40.966","0.000","0.000"
"Bolivia","2009","0.000","32.881","38.475","0.000","0.000"
"Bolivia","2010","0.000","35.404","33.540","0.000","0.000"
"Bolivia","2011","0.000","36.099","33.770","0.000","0.000"
"Bolivia","2012","0.000","48.770","31.831","0.000","0.000"
"Bolivia","2013","0.000","49.281","32.810","0.000","0.000"
"Bolivia","2014","0.000","52.206","27.328","0.123","0.123"
"Bolivia","2015","0.000","50.290","28.273","0.000","0.116"
"Bolivia","2016","0.000","55.192","19.187","0.113","0.451"
"Bolivia","2017","0.000","50.600","24.100","0.109","0.654"
"Bolivia","2018","0.000","46.815","27.495","1.380","0.637"
"Bolivia","2019","0.000","53.954","32.232","1.902","0.701"
"Bolivia","2020","0.000","54.703","30.061","3.374","0.613"
"Bolivia","2021","0.000","54.863","30.595","4.438","1.228"
"Bolivia","2022","0.000","57.941","25.555","4.348","4.259"
"Bosnia and Herzegovina","2000","49.851","0.000","50.149","0.000","0.000"
"Bosnia and Herzegovina","2001","50.000","0.000","50.000","0.000","0.000"
"Bosnia and Herzegovina","2002","49.856","0.000","50.144","0.000","0.000"
"Bosnia and Herzegovina","2003","58.780","0.000","41.220","0.000","0.000"
"Bosnia and Herzegovina","2004","51.713","0.000","48.287","0.000","0.000"
"Bosnia and Herzegovina","2005","51.111","0.000","48.889","0.000","0.000"
"Bosnia and Herzegovina","2006","54.688","0.000","45.312","0.000","0.000"
"Bosnia and Herzegovina","2007","64.894","0.000","35.106","0.000","0.000"
"Bosnia and Herzegovina","2008","66.008","0.000","33.992","0.000","0.000"
"Bosnia and Herzegovina","2009","58.910","0.000","41.090","0.000","0.000"
"Bosnia and Herzegovina","2010","51.818","0.000","48.182","0.000","0.000"
"Bosnia and Herzegovina","2011","70.233","0.000","29.767","0.000","0.000"
"Bosnia and Herzegovina","2012","68.973","0.000","31.027","0.000","0.000"
"Bosnia and Herzegovina","2013","56.623","0.000","42.721","0.000","0.000"
"Bosnia and Herzegovina","2014","61.290","0.000","37.935","0.065","0.000"
"Bosnia and Herzegovina","2015","62.525","0.000","36.673","0.067","0.000"
"Bosnia and Herzegovina","2016","66.274","0.000","32.902","0.118","0.000"
"Bosnia and Herzegovina","2017","74.774","0.000","24.256","0.129","0.000"
"Bosnia and Herzegovina","2018","63.816","0.000","34.814","0.110","0.548"
"Bosnia and Herzegovina","2019","61.548","0.000","36.113","0.180","1.500"
"Bosnia and Herzegovina","2020","68.130","0.000","29.135","0.318","1.654"
"Bosnia and Herzegovina","2021","58.113","0.000","38.665","0.403","2.186"
"Bosnia and Herzegovina","2022","61.515","0.000","34.421","0.800","2.586"
"Botswana","2000","100.000","0.000","0.000","0.000","0.000"
"Botswana","2001","100.000","0.000","0.000","0.000","0.000"
"Botswana","2002","100.000","0.000","0.000","0.000","0.000"
"Botswana","2003","100.000","0.000","0.000","0.000","0.000"
"Botswana","2004","100.000","0.000","0.000","0.000","0.000"
"Botswana","2005","100.000","0.000","0.000","0.000","0.000"
"Botswana","2006","100.000","0.000","0.000","0.000","0.000"
"Botswana","2007","100.000","0.000","0.000","0.000","0.000"
"Botswana","2008","100.000","0.000","0.000","0.000","0.000"
"Botswana","2009","65.854","0.000","0.000","0.000","0.000"
"Botswana","2010","66.000","0.000","0.000","0.000","0.000"
"Botswana","2011","44.444","0.000","0.000","0.000","0.000"
"Botswana","2012","45.455","0.000","0.000","0.000","0.000"
"Botswana","2013","73.256","0.000","0.000","0.000","0.000"
"Botswana","2014","82.028","0.000","0.000","0.000","0.000"
"Botswana","2015","82.079","0.000","0.000","0.000","0.000"
"Botswana","2016","82.143","0.000","0.000","0.000","0.000"
"Botswana","2017","82.042","0.000","0.000","0.000","0.000"
"Botswana","2018","81.818","0.000","0.000","0.337","0.000"
"Botswana","2019","81.699","0.000","0.000","0.327","0.000"
"Botswana","2020","81.553","0.000","0.000","0.485","0.000"
"Botswana","2021","81.735","0.000","0.000","0.457","0.000"
"Brazil","1985","2.553","0.000","92.097","","0.000"
"Brazil","1986","3.060","0.000","90.249","","0.000"
"Brazil","1987","2.661","0.000","91.280","","0.000"
"Brazil","1988","2.193","0.002","92.622","","0.000"
"Brazil","1989","2.457","0.097","92.311","","0.000"
"Brazil","1990","2.074","0.146","92.769","0.000","0.000"
"Brazil","1991","2.361","0.159","92.920","0.000","0.000"
"Brazil","1992","2.071","0.161","92.381","0.000","0.000"
"Brazil","1993","1.948","0.154","93.279","0.000","0.000"
"Brazil","1994","1.911","0.184","93.334","0.000","0.000"
"Brazil","1995","1.975","0.203","92.128","0.000","0.000"
"Brazil","1996","2.069","0.334","91.241","0.000","0.001"
"Brazil","1997","2.374","0.382","90.581","0.000","0.001"
"Brazil","1998","2.167","0.411","90.589","0.000","0.002"
"Brazil","1999","2.902","0.793","87.534","0.000","0.001"
"Brazil","2000","3.112","1.121","87.968","0.000","0.000"
"Brazil","2001","3.357","2.893","82.062","0.000","0.012"
"Brazil","2002","2.648","3.444","83.232","0.000","0.018"
"Brazil","2003","2.497","3.458","84.302","0.000","0.017"
"Brazil","2004","2.702","4.772","83.320","0.000","0.016"
"Brazil","2005","2.732","4.473","84.423","0.000","0.023"
"Brazil","2006","2.551","4.178","83.830","0.000","0.058"
"Brazil","2007","2.420","3.331","84.697","0.000","0.146"
"Brazil","2008","2.567","6.050","80.464","0.000","0.185"
"Brazil","2009","2.150","2.771","84.392","0.000","0.270"
"Brazil","2010","2.183","6.823","78.956","0.000","0.427"
"Brazil","2011","2.391","4.562","81.217","0.000","0.512"
"Brazil","2012","2.593","8.217","75.908","0.000","0.923"
"Brazil","2013","3.796","11.738","69.387","0.000","1.168"
"Brazil","2014","4.498","13.362","64.180","0.003","2.098"
"Brazil","2015","4.570","13.255","62.939","0.010","3.756"
"Brazil","2016","4.377","9.463","66.663","0.014","5.817"
"Brazil","2017","4.240","10.792","63.822","0.143","7.237"
"Brazil","2018","3.817","8.813","65.468","0.579","8.099"
"Brazil","2019","3.792","9.373","64.313","1.065","8.960"
"Brazil","2020","3.179","8.379","64.510","1.732","9.193"
"Brazil","2021","3.806","13.739","54.759","2.528","10.791"
"Brazil","2022","2.298","7.177","62.869","3.889","11.750"
"British Virgin Islands","2000","0.000","0.000","0.000","0.000","0.000"
"British Virgin Islands","2001","0.000","0.000","0.000","0.000","0.000"
"British Virgin Islands","2002","0.000","0.000","0.000","0.000","0.000"
"British Virgin Islands","2003","0.000","0.000","0.000","0.000","0.000"
"British Virgin Islands","2004","0.000","0.000","0.000","0.000","0.000"
"British Virgin Islands","2005","0.000","0.000","0.000","0.000","0.000"
"British Virgin Islands","2006","0.000","0.000","0.000","0.000","0.000"
"British Virgin Islands","2007","0.000","0.000","0.000","0.000","0.000"
"British Virgin Islands","2008","0.000","0.000","0.000","0.000","0.000"
"British Virgin Islands","2009","0.000","0.000","0.000","0.000","0.000"
"British Virgin Islands","2010","0.000","0.000","0.000","0.000","0.000"
"British Virgin Islands","2011","0.000","0.000","0.000","0.000","0.000"
"British Virgin Islands","2012","0.000","0.000","0.000","0.000","0.000"
"British Virgin Islands","2013","0.000","0.000","0.000","0.000","0.000"
"British Virgin Islands","2014","0.000","0.000","0.000","0.000","0.000"
"British Virgin Islands","2015","0.000","0.000","0.000","0.000","0.000"
"British Virgin Islands","2016","0.000","0.000","0.000","0.000","0.000"
"British Virgin Islands","2017","0.000","0.000","0.000","0.000","0.000"
"British Virgin Islands","2018","0.000","0.000","0.000","0.000","0.000"
"British Virgin Islands","2019","0.000","0.000","0.000","0.000","0.000"
"British Virgin Islands","2020","0.000","0.000","0.000","0.000","0.000"
"British Virgin Islands","2021","0.000","0.000","0.000","0.000","0.000"
"Brunei","2000","0.000","0.000","0.000","0.000","0.000"
"Brunei","2001","0.000","0.000","0.000","0.000","0.000"
"Brunei","2002","0.000","0.000","0.000","0.000","0.000"
"Brunei","2003","0.000","0.000","0.000","0.000","0.000"
"Brunei","2004","0.000","0.000","0.000","0.000","0.000"
"Brunei","2005","0.000","0.000","0.000","0.000","0.000"
"Brunei","2006","0.000","0.000","0.000","0.000","0.000"
"Brunei","2007","0.000","0.000","0.000","0.000","0.000"
"Brunei","2008","0.000","89.130","0.000","0.000","0.000"
"Brunei","2009","0.000","89.086","0.000","0.000","0.000"
"Brunei","2010","0.000","87.955","0.000","0.000","0.000"
"Brunei","2011","0.000","88.571","0.000","0.000","0.000"
"Brunei","2012","0.000","88.649","0.000","0.000","0.000"
"Brunei","2013","0.000","88.647","0.000","0.000","0.000"
"Brunei","2014","0.000","88.679","0.000","0.000","0.000"
"Brunei","2015","0.000","94.670","0.000","0.000","0.000"
"Brunei","2016","0.000","94.763","0.000","0.000","0.000"
"Brunei","2017","0.000","94.629","0.000","0.000","0.000"
"Brunei","2018","0.000","94.554","0.000","0.000","0.000"
"Brunei","2019","49.569","47.629","0.000","0.000","0.000"
"Brunei","2020","49.545","47.727","0.000","0.000","0.000"
"Brunei","2021","49.467","47.761","0.000","0.000","0.000"
"Bulgaria","1990","50.072","7.613","3.890","0.000","0.000"
"Bulgaria","1991","51.069","7.078","5.579","0.000","0.000"
"Bulgaria","1992","50.254","7.816","5.361","0.000","0.000"
"Bulgaria","1993","45.349","8.034","4.730","0.000","0.000"
"Bulgaria","1994","44.471","6.740","3.423","0.000","0.000"
"Bulgaria","1995","41.609","7.707","5.210","0.000","0.000"
"Bulgaria","1996","40.206","6.982","6.771","0.000","0.000"
"Bulgaria","1997","44.353","4.414","6.386","0.000","0.000"
"Bulgaria","1998","44.150","4.849","7.407","0.000","0.000"
"Bulgaria","1999","42.838","5.292","7.188","0.000","0.000"
"Bulgaria","2000","41.724","4.704","6.478","0.000","0.000"
"Bulgaria","2001","44.879","4.396","3.797","0.000","0.000"
"Bulgaria","2002","40.817","3.659","5.037","0.000","0.000"
"Bulgaria","2003","45.495","4.162","7.070","0.000","0.000"
"Bulgaria","2004","45.652","3.599","7.585","0.000","0.000"
"Bulgaria","2005","42.021","3.938","9.788","0.000","0.000"
"Bulgaria","2006","41.974","4.749","9.257","0.000","0.044"
"Bulgaria","2007","52.145","5.455","6.597","0.000","0.117"
"Bulgaria","2008","52.020","5.296","6.261","0.000","0.269"
"Bulgaria","2009","49.846","4.630","8.103","0.000","0.567"
"Bulgaria","2010","49.174","4.284","10.940","0.022","1.479"
"Bulgaria","2011","55.115","4.164","5.746","0.200","1.722"
"Bulgaria","2012","49.204","5.077","6.842","1.678","2.625"
"Bulgaria","2013","45.051","5.437","9.387","3.230","3.183"
"Bulgaria","2014","45.418","4.561","9.804","2.685","2.835"
"Bulgaria","2015","46.263","3.819","11.602","2.834","2.977"
"Bulgaria","2016","43.469","4.601","8.707","3.119","3.187"
"Bulgaria","2017","46.561","4.296","6.299","3.116","3.339"
"Bulgaria","2018","40.095","4.340","11.066","2.879","2.836"
"Bulgaria","2019","39.269","4.909","6.689","3.242","3.014"
"Bulgaria","2020","33.590","5.694","7.011","3.655","3.680"
"Bulgaria","2021","36.131","6.448","10.190","3.108","3.023"
"Bulgaria","2022","42.289","5.753","7.335","3.401","2.827"
"Burkina Faso","2000","0.000","0.000","31.250","0.000","0.000"
"Burkina Faso","2001","0.000","0.000","15.625","0.000","0.000"
"Burkina Faso","2002","0.000","0.000","16.667","0.000","0.000"
"Burkina Faso","2003","0.000","0.000","22.222","0.000","0.000"
"Burkina Faso","2004","0.000","0.000","21.277","0.000","0.000"
"Burkina Faso","2005","0.000","0.000","20.408","0.000","0.000"
"Burkina Faso","2006","0.000","0.000","15.385","0.000","0.000"
"Burkina Faso","2007","0.000","0.000","18.966","0.000","0.000"
"Burkina Faso","2008","0.000","0.000","22.414","0.000","0.000"
"Burkina Faso","2009","0.000","0.000","19.697","0.000","0.000"
"Burkina Faso","2010","0.000","0.000","18.750","1.562","0.000"
"Burkina Faso","2011","0.000","0.000","11.594","1.449","0.000"
"Burkina Faso","2012","0.000","0.000","11.494","1.149","0.000"
"Burkina Faso","2013","0.000","0.000","11.111","1.010","0.000"
"Burkina Faso","2014","0.000","0.000","8.036","0.893","0.000"
"Burkina Faso","2015","0.000","0.000","6.294","0.699","0.000"
"Burkina Faso","2016","0.000","0.000","9.032","1.290","0.000"
"Burkina Faso","2017","0.000","0.000","7.927","1.829","0.000"
"Burkina Faso","2018","0.000","0.000","7.879","6.061","0.000"
"Burkina Faso","2019","0.000","0.000","6.395","5.814","0.000"
"Burkina Faso","2020","0.000","0.000","6.707","6.098","0.000"
"Burkina Faso","2021","0.000","0.000","6.286","6.857","0.000"
"Burundi","2000","0.000","0.000","100.000","0.000","0.000"
"Burundi","2001","0.000","0.000","100.000","0.000","0.000"
"Burundi","2002","0.000","0.000","100.000","0.000","0.000"
"Burundi","2003","0.000","0.000","100.000","0.000","0.000"
"Burundi","2004","0.000","0.000","100.000","0.000","0.000"
"Burundi","2005","0.000","0.000","100.000","0.000","0.000"
"Burundi","2006","0.000","0.000","100.000","0.000","0.000"
"Burundi","2007","0.000","0.000","100.000","0.000","0.000"
"Burundi","2008","0.000","0.000","100.000","0.000","0.000"
"Burundi","2009","0.000","0.000","100.000","0.000","0.000"
"Burundi","2010","0.000","0.000","100.000","0.000","0.000"
"Burundi","2011","0.000","0.000","92.857","0.000","0.000"
"Burundi","2012","0.000","0.000","93.333","0.000","0.000"
"Burundi","2013","0.000","0.000","77.778","0.000","0.000"
"Burundi","2014","0.000","0.000","73.684","0.000","0.000"
"Burundi","2015","0.000","0.000","77.778","0.000","0.000"
"Burundi","2016","0.000","0.000","73.684","5.263","0.000"
"Burundi","2017","0.000","0.000","65.517","3.448","0.000"
"Burundi","2018","0.000","0.000","55.556","3.704","0.000"
"Burundi","2019","0.000","0.000","61.111","2.778","0.000"
"Burundi","2020","0.000","0.000","62.857","2.857","0.000"
"Burundi","2021","0.000","0.000","61.111","2.778","0.000"
"Burundi","2022","0.000","0.000","63.889","2.778","0.000"
"Cambodia","2000","0.000","0.000","10.638","0.000","0.000"
"Cambodia","2001","0.000","0.000","5.882","0.000","0.000"
"Cambodia","2002","0.000","0.000","4.348","0.000","0.000"
"Cambodia","2003","0.000","0.000","5.634","0.000","0.000"
"Cambodia","2004","0.000","0.000","3.947","0.000","0.000"
"Cambodia","2005","0.000","0.000","4.444","0.000","0.000"
"Cambodia","2006","0.000","0.000","4.505","0.000","0.000"
"Cambodia","2007","0.000","0.000","3.546","0.000","0.000"
"Cambodia","2008","0.000","0.000","2.878","0.000","0.000"
"Cambodia","2009","0.000","0.000","3.419","0.000","0.000"
"Cambodia","2010","0.000","0.000","3.226","0.000","0.000"
"Cambodia","2011","0.000","0.000","5.051","0.000","0.000"
"Cambodia","2012","0.000","0.000","37.226","0.730","0.000"
"Cambodia","2013","0.000","0.000","58.382","0.578","0.000"
"Cambodia","2014","25.753","0.000","61.204","0.334","0.000"
"Cambodia","2015","40.610","0.000","46.479","0.469","0.000"
"Cambodia","2016","39.779","0.000","47.698","0.552","0.000"
"Cambodia","2017","47.267","0.000","40.030","0.443","0.000"
"Cambodia","2018","32.161","0.000","58.920","0.503","0.000"
"Cambodia","2019","40.355","0.000","47.692","1.420","0.000"
"Cambodia","2020","40.473","0.000","48.166","3.669","0.000"
"Cambodia","2021","42.348","0.000","46.030","4.258","0.000"
"Cameroon","2000","0.000","0.000","98.841","0.000","0.000"
"Cameroon","2001","0.000","0.000","98.286","0.000","0.000"
"Cameroon","2002","0.000","0.000","96.626","0.000","0.000"
"Cameroon","2003","0.000","0.000","95.879","0.000","0.000"
"Cameroon","2004","0.000","0.000","95.567","0.000","0.000"
"Cameroon","2005","0.000","0.000","94.430","0.000","0.000"
"Cameroon","2006","0.000","0.000","87.699","0.000","0.000"
"Cameroon","2007","0.000","0.000","75.446","0.000","0.000"
"Cameroon","2008","0.000","0.000","76.460","0.000","0.000"
"Cameroon","2009","0.000","0.000","71.454","0.000","0.000"
"Cameroon","2010","0.000","0.000","73.905","0.000","0.000"
"Cameroon","2011","0.000","0.000","75.916","0.000","0.000"
"Cameroon","2012","0.000","0.000","79.434","0.000","0.000"
"Cameroon","2013","0.000","0.000","70.407","0.000","0.000"
"Cameroon","2014","0.000","0.000","64.918","0.150","0.000"
"Cameroon","2015","0.000","0.000","56.104","0.130","0.000"
"Cameroon","2016","0.000","0.000","62.572","0.145","0.000"
"Cameroon","2017","0.000","0.000","64.286","0.255","0.000"
"Cameroon","2018","0.000","0.000","60.024","0.242","0.000"
"Cameroon","2019","0.000","0.000","63.952","0.240","0.000"
"Cameroon","2020","0.000","0.000","65.501","0.241","0.000"
"Cameroon","2021","0.000","0.000","62.112","0.248","0.000"
"Canada","1985","17.308","1.483","66.151","","0.000"
"Canada","1986","15.286","1.470","66.292","","0.000"
"Canada","1987","16.970","1.241","63.700","","0.000"
"Canada","1988","18.133","1.864","60.756","","0.000"
"Canada","1989","18.418","2.978","58.312","","0.000"
"Canada","1990","17.108","2.009","61.525","0.000","0.000"
"Canada","1991","17.453","1.701","60.607","0.000","0.000"
"Canada","1992","17.359","2.530","60.771","0.000","0.011"
"Canada","1993","15.537","2.885","60.768","0.000","0.011"
"Canada","1994","15.668","2.791","59.281","0.000","0.011"
"Canada","1995","16.420","3.581","59.881","0.001","0.011"
"Canada","1996","15.678","3.258","62.033","0.001","0.011"
"Canada","1997","16.935","3.988","60.922","0.001","0.011"
"Canada","1998","18.860","4.702","58.875","0.002","0.011"
"Canada","1999","18.379","4.824","59.712","0.002","0.028"
"Canada","2000","18.560","5.720","60.317","0.003","0.044"
"Canada","2001","18.352","6.948","57.653","0.003","0.059"
"Canada","2002","17.819","6.249","59.433","0.003","0.070"
"Canada","2003","17.967","6.351","58.365","0.003","0.145"
"Canada","2004","15.999","6.477","57.937","0.002","0.163"
"Canada","2005","16.352","5.863","59.080","0.003","0.259"
"Canada","2006","15.401","6.490","58.944","0.003","0.417"
"Canada","2007","16.043","6.482","59.368","0.005","0.491"
"Canada","2008","15.399","6.055","60.777","0.007","0.616"
"Canada","2009","13.192","7.049","61.324","0.017","1.116"
"Canada","2010","13.209","8.064","59.790","0.043","1.485"
"Canada","2011","11.541","9.033","60.825","0.093","1.650"
"Canada","2012","10.123","9.231","61.486","0.142","1.829"
"Canada","2013","9.885","8.449","60.820","0.232","2.788"
"Canada","2014","9.582","9.044","59.532","0.330","3.509"
"Canada","2015","9.002","9.940","59.217","0.449","4.179"
"Canada","2016","9.039","9.240","59.171","0.619","4.748"
"Canada","2017","8.630","8.444","60.593","0.549","4.839"
"Canada","2018","7.352","9.777","60.076","0.591","5.166"
"Canada","2019","6.990","10.156","59.877","0.643","5.149"
"Canada","2020","5.494","10.467","61.039","0.679","5.727"
"Canada","2021","5.881","11.549","60.254","0.816","5.625"
"Canada","2022","6.381","10.509","61.481","0.871","5.973"
"Cape Verde","2000","0.000","0.000","0.000","0.000","7.143"
"Cape Verde","2001","0.000","0.000","0.000","0.000","6.250"
"Cape Verde","2002","0.000","0.000","0.000","0.000","5.556"
"Cape Verde","2003","0.000","0.000","0.000","0.000","0.000"
"Cape Verde","2004","0.000","0.000","0.000","0.000","4.762"
"Cape Verde","2005","0.000","0.000","0.000","0.000","4.348"
"Cape Verde","2006","0.000","0.000","0.000","0.000","4.167"
"Cape Verde","2007","0.000","0.000","0.000","0.000","3.846"
"Cape Verde","2008","0.000","0.000","0.000","0.000","3.704"
"Cape Verde","2009","0.000","0.000","0.000","0.000","3.571"
"Cape Verde","2010","0.000","0.000","0.000","0.000","0.000"
"Cape Verde","2011","0.000","0.000","0.000","2.857","5.714"
"Cape Verde","2012","0.000","0.000","0.000","2.778","16.667"
"Cape Verde","2013","0.000","0.000","0.000","2.564","20.513"
"Cape Verde","2014","0.000","0.000","0.000","2.439","19.512"
"Cape Verde","2015","0.000","0.000","0.000","2.439","19.512"
"Cape Verde","2016","0.000","0.000","0.000","2.326","18.605"
"Cape Verde","2017","0.000","0.000","0.000","2.174","15.217"
"Cape Verde","2018","0.000","0.000","0.000","2.174","17.391"
"Cape Verde","2019","0.000","0.000","0.000","2.174","15.217"
"Cape Verde","2020","0.000","0.000","0.000","2.326","13.953"
"Cape Verde","2021","0.000","0.000","0.000","2.222","13.333"
"Cayman Islands","2000","0.000","0.000","0.000","0.000","0.000"
"Cayman Islands","2001","0.000","0.000","0.000","0.000","0.000"
"Cayman Islands","2002","0.000","0.000","0.000","0.000","0.000"
"Cayman Islands","2003","0.000","0.000","0.000","0.000","0.000"
"Cayman Islands","2004","0.000","0.000","0.000","0.000","0.000"
"Cayman Islands","2005","0.000","0.000","0.000","0.000","0.000"
"Cayman Islands","2006","0.000","0.000","0.000","0.000","0.000"
"Cayman Islands","2007","0.000","0.000","0.000","0.000","0.000"
"Cayman Islands","2008","0.000","0.000","0.000","0.000","0.000"
"Cayman Islands","2009","0.000","0.000","0.000","0.000","0.000"
"Cayman Islands","2010","0.000","0.000","0.000","0.000","0.000"
"Cayman Islands","2011","0.000","0.000","0.000","0.000","0.000"
"Cayman Islands","2012","0.000","0.000","0.000","0.000","0.000"
"Cayman Islands","2013","0.000","0.000","0.000","0.000","0.000"
"Cayman Islands","2014","0.000","0.000","0.000","0.000","0.000"
"Cayman Islands","2015","0.000","0.000","0.000","0.000","0.000"
"Cayman Islands","2016","0.000","0.000","0.000","0.000","0.000"
"Cayman Islands","2017","0.000","0.000","0.000","1.515","0.000"
"Cayman Islands","2018","0.000","0.000","0.000","1.538","0.000"
"Cayman Islands","2019","0.000","0.000","0.000","2.857","0.000"
"Cayman Islands","2020","0.000","0.000","0.000","2.899","0.000"
"Cayman Islands","2021","0.000","0.000","0.000","2.740","0.000"
"Central African Republic","2000","0.000","0.000","80.000","0.000","0.000"
"Central African Republic","2001","0.000","0.000","80.000","0.000","0.000"
"Central African Republic","2002","0.000","0.000","80.000","0.000","0.000"
"Central African Republic","2003","0.000","0.000","80.000","0.000","0.000"
"Central African Republic","2004","0.000","0.000","80.000","0.000","0.000"
"Central African Republic","2005","0.000","0.000","81.250","0.000","0.000"
"Central African Republic","2006","0.000","0.000","82.353","0.000","0.000"
"Central African Republic","2007","0.000","0.000","87.500","0.000","0.000"
"Central African Republic","2008","0.000","0.000","87.500","0.000","0.000"
"Central African Republic","2009","0.000","0.000","87.500","0.000","0.000"
"Central African Republic","2010","0.000","0.000","81.250","0.000","0.000"
"Central African Republic","2011","0.000","0.000","83.333","0.000","0.000"
"Central African Republic","2012","0.000","0.000","83.333","0.000","0.000"
"Central African Republic","2013","0.000","0.000","100.000","0.000","0.000"
"Central African Republic","2014","0.000","0.000","100.000","0.000","0.000"
"Central African Republic","2015","0.000","0.000","100.000","0.000","0.000"
"Central African Republic","2016","0.000","0.000","100.000","0.000","0.000"
"Central African Republic","2017","0.000","0.000","100.000","0.000","0.000"
"Central African Republic","2018","0.000","0.000","100.000","0.000","0.000"
"Central African Republic","2019","0.000","0.000","100.000","0.000","0.000"
"Central African Republic","2020","0.000","0.000","100.000","0.000","0.000"
"Central African Republic","2021","0.000","0.000","100.000","0.000","0.000"
"Chad","2000","0.000","0.000","0.000","0.000","0.000"
"Chad","2001","0.000","0.000","0.000","0.000","0.000"
"Chad","2002","0.000","0.000","0.000","0.000","0.000"
"Chad","2003","0.000","0.000","0.000","0.000","0.000"
"Chad","2004","0.000","0.000","0.000","0.000","0.000"
"Chad","2005","0.000","0.000","0.000","0.000","0.000"
"Chad","2006","0.000","0.000","0.000","0.000","0.000"
"Chad","2007","0.000","0.000","0.000","0.000","0.000"
"Chad","2008","0.000","0.000","0.000","0.000","0.000"
"Chad","2009","0.000","0.000","0.000","0.000","0.000"
"Chad","2010","0.000","0.000","0.000","0.000","0.000"
"Chad","2011","0.000","0.000","0.000","0.000","0.000"
"Chad","2012","0.000","0.000","0.000","0.000","0.000"
"Chad","2013","0.000","0.000","0.000","0.000","0.000"
"Chad","2014","0.000","0.000","0.000","0.000","0.000"
"Chad","2015","0.000","0.000","0.000","0.000","0.000"
"Chad","2016","0.000","0.000","0.000","0.000","3.448"
"Chad","2017","0.000","0.000","0.000","0.000","3.333"
"Chad","2018","0.000","0.000","0.000","0.000","3.333"
"Chad","2019","0.000","0.000","0.000","0.000","3.226"
"Chad","2020","0.000","0.000","0.000","0.000","3.448"
"Chad","2021","0.000","0.000","0.000","0.000","3.226"
"Chile","1990","","","48.600","0.000","0.000"
"Chile","1991","","","65.800","0.000","0.000"
"Chile","1992","","","74.900","0.000","0.000"
"Chile","1993","","","71.700","0.000","0.000"
"Chile","1994","","","67.200","0.000","0.000"
"Chile","1995","","","65.700","0.000","0.000"
"Chile","1996","","","54.800","0.000","0.000"
"Chile","1997","","","56.900","0.000","0.000"
"Chile","1998","","","44.900","0.000","0.000"
"Chile","1999","","","35.372","0.000","0.000"
"Chile","2000","22.931","25.630","47.506","0.000","0.000"
"Chile","2001","14.131","31.487","51.773","0.000","0.000"
"Chile","2002","15.152","29.431","53.104","0.000","0.000"
"Chile","2003","13.602","35.711","48.383","0.000","0.000"
"Chile","2004","18.290","35.779","42.889","0.000","0.000"
"Chile","2005","16.693","25.464","50.217","0.000","0.000"
"Chile","2006","21.673","22.942","52.324","0.000","0.000"
"Chile","2007","25.420","10.432","39.818","0.000","0.000"
"Chile","2008","26.237","5.251","42.132","0.000","0.053"
"Chile","2009","26.918","8.714","43.217","0.000","0.123"
"Chile","2010","30.038","19.464","36.440","0.000","0.549"
"Chile","2011","34.155","17.940","33.398","0.000","0.516"
"Chile","2012","40.055","18.978","30.718","0.000","0.593"
"Chile","2013","45.548","16.503","28.766","0.015","0.807"
"Chile","2014","40.543","14.239","33.667","0.658","2.044"
"Chile","2015","39.164","15.443","33.324","1.909","2.927"
"Chile","2016","43.552","16.453","26.527","3.490","3.067"
"Chile","2017","39.598","16.761","29.386","5.255","4.783"
"Chile","2018","38.194","15.259","30.245","7.102","5.238"
"Chile","2019","36.697","18.530","26.916","8.244","6.228"
"Chile","2020","34.740","17.852","26.534","9.826","7.125"
"Chile","2021","33.947","17.777","20.218","13.238","8.846"
"Chile","2022","23.023","19.094","24.357","17.448","10.598"
"China","1985","63.465","0.237","22.496","0.000","0.000"
"China","1986","66.650","0.377","21.033","0.000","0.000"
"China","1987","68.346","0.550","20.115","0.000","0.000"
"China","1988","68.534","0.377","20.023","0.000","0.000"
"China","1989","69.264","0.634","20.247","0.000","0.000"
"China","1990","71.032","0.446","20.403","0.000","0.000"
"China","1991","73.564","0.358","18.403","0.000","0.001"
"China","1992","75.249","0.327","17.334","0.000","0.017"
"China","1993","72.602","0.385","18.710","0.000","0.026"
"China","1994","74.737","0.340","18.046","0.001","0.041"
"China","1995","73.671","0.298","18.925","0.001","0.061"
"China","1996","76.221","0.262","17.384","0.001","0.009"
"China","1997","76.353","0.711","17.259","0.001","0.017"
"China","1998","76.407","0.522","17.043","0.001","0.030"
"China","1999","78.245","0.388","15.862","0.001","0.038"
"China","2000","78.213","0.426","16.407","0.001","0.044"
"China","2001","76.253","0.333","18.735","0.002","0.049"
"China","2002","77.544","0.253","17.411","0.003","0.051"
"China","2003","79.555","0.270","14.848","0.003","0.052"
"China","2004","78.174","0.339","16.046","0.004","0.058"
"China","2005","79.198","0.486","15.879","0.003","0.078"
"China","2006","80.344","0.831","15.207","0.003","0.129"
"China","2007","80.959","1.033","14.788","0.003","0.167"
"China","2008","77.491","0.989","18.221","0.004","0.375"
"China","2009","78.380","1.523","16.573","0.008","0.743"
"China","2010","77.224","1.856","16.989","0.017","1.180"
"China","2011","78.674","2.319","14.666","0.056","1.580"
"China","2012","75.458","2.220","17.370","0.072","2.075"
"China","2013","75.386","2.152","16.818","0.155","2.556"
"China","2014","72.865","2.311","18.371","0.408","2.770"
"China","2015","69.909","2.884","19.256","0.682","3.207"
"China","2016","68.238","3.091","18.934","1.092","3.954"
"China","2017","67.549","3.098","17.765","1.796","4.645"
"China","2018","66.903","3.026","16.837","2.484","5.137"
"China","2019","65.070","3.116","17.055","3.002","5.432"
"China","2020","63.615","3.264","17.087","3.375","6.031"
"China","2021","62.932","3.213","15.323","3.854","7.727"
"China","2022","61.332","3.128","14.913","4.756","9.057"
"Colombia","1990","","","71.893","0.000","0.000"
"Colombia","1991","","","69.102","0.000","0.000"
"Colombia","1992","","","60.854","0.000","0.000"
"Colombia","1993","","","66.816","0.000","0.000"
"Colombia","1994","","","71.202","0.000","0.000"
"Colombia","1995","","","67.370","0.000","0.000"
"Colombia","1996","","","72.952","0.000","0.000"
"Colombia","1997","","","63.070","0.000","0.000"
"Colombia","1998","","","61.217","0.000","0.000"
"Colombia","1999","","","70.541","0.000","0.000"
"Colombia","2000","6.779","16.260","75.255","0.024","0.000"
"Colombia","2001","6.169","17.518","74.123","0.024","0.000"
"Colombia","2002","5.649","16.062","76.293","0.023","0.000"
"Colombia","2003","5.110","14.539","78.531","0.022","0.000"
"Colombia","2004","4.408","12.526","81.345","0.021","0.103"
"Colombia","2005","4.762","13.556","79.838","0.020","0.101"
"Colombia","2006","4.722","13.408","80.239","0.019","0.114"
"Colombia","2007","4.336","12.989","81.181","0.018","0.092"
"Colombia","2008","3.730","11.172","83.588","0.018","0.091"
"Colombia","2009","5.998","18.013","72.766","0.018","0.107"
"Colombia","2010","6.394","19.198","70.646","0.018","0.071"
"Colombia","2011","3.632","12.492","82.128","0.017","0.068"
"Colombia","2012","3.832","13.148","77.816","0.017","0.083"
"Colombia","2013","5.042","17.302","68.929","0.014","0.083"
"Colombia","2014","5.141","17.668","68.429","0.014","0.101"
"Colombia","2015","6.534","19.365","62.897","0.013","0.092"
"Colombia","2016","7.296","18.938","64.995","0.013","0.067"
"Colombia","2017","4.209","10.935","78.286","0.013","0.000"
"Colombia","2018","5.569","12.072","74.706","0.025","0.051"
"Colombia","2019","7.473","16.174","67.793","0.166","0.077"
"Colombia","2020","8.647","19.251","62.795","0.246","0.013"
"Colombia","2021","6.353","14.349","71.919","0.396","0.074"
"Colombia","2022","5.159","14.340","73.367","0.580","0.083"
"Comoros","2000","0.000","0.000","0.000","0.000","0.000"
"Comoros","2001","0.000","0.000","0.000","0.000","0.000"
"Comoros","2002","0.000","0.000","0.000","0.000","0.000"
"Comoros","2003","0.000","0.000","0.000","0.000","0.000"
"Comoros","2004","0.000","0.000","0.000","0.000","0.000"
"Comoros","2005","0.000","0.000","0.000","0.000","0.000"
"Comoros","2006","0.000","0.000","0.000","0.000","0.000"
"Comoros","2007","0.000","0.000","0.000","0.000","0.000"
"Comoros","2008","0.000","0.000","0.000","0.000","0.000"
"Comoros","2009","0.000","0.000","0.000","0.000","0.000"
"Comoros","2010","0.000","0.000","0.000","0.000","0.000"
"Comoros","2011","0.000","0.000","0.000","0.000","0.000"
"Comoros","2012","0.000","0.000","0.000","0.000","0.000"
"Comoros","2013","0.000","0.000","0.000","0.000","0.000"
"Comoros","2014","0.000","0.000","0.000","0.000","0.000"
"Comoros","2015","0.000","0.000","0.000","0.000","0.000"
"Comoros","2016","0.000","0.000","0.000","0.000","0.000"
"Comoros","2017","0.000","0.000","0.000","0.000","0.000"
"Comoros","2018","0.000","0.000","0.000","0.000","0.000"
"Comoros","2019","0.000","0.000","0.000","0.000","0.000"
"Comoros","2020","0.000","0.000","0.000","0.000","0.000"
"Comoros","2021","0.000","0.000","0.000","0.000","0.000"
"Congo","2000","0.000","0.000","100.000","0.000","0.000"
"Congo","2001","0.000","0.000","100.000","0.000","0.000"
"Congo","2002","0.000","0.000","100.000","0.000","0.000"
"Congo","2003","0.000","0.000","85.000","0.000","0.000"
"Congo","2004","0.000","0.000","84.615","0.000","0.000"
"Congo","2005","0.000","0.000","83.333","0.000","0.000"
"Congo","2006","0.000","0.000","84.091","0.000","0.000"
"Congo","2007","0.000","0.000","82.500","0.000","0.000"
"Congo","2008","0.000","0.000","77.083","0.000","0.000"
"Congo","2009","0.000","0.000","63.462","0.000","0.000"
"Congo","2010","0.000","35.526","56.579","0.000","0.000"
"Congo","2011","0.000","30.645","62.903","0.000","0.000"
"Congo","2012","0.000","32.927","59.756","0.000","0.000"
"Congo","2013","0.000","33.939","58.182","0.000","0.000"
"Congo","2014","0.000","35.714","55.952","0.000","0.000"
"Congo","2015","0.000","47.940","40.824","0.000","0.000"
"Congo","2016","0.000","49.117","39.576","0.000","0.000"
"Congo","2017","0.000","47.018","41.754","0.000","0.000"
"Congo","2018","0.000","51.178","36.700","0.000","0.000"
"Congo","2019","0.000","62.022","23.224","0.000","0.000"
"Congo","2020","0.000","66.319","23.499","0.000","0.000"
"Congo","2021","0.000","68.159","22.388","0.000","0.000"
"Cook Islands","2000","0.000","0.000","0.000","0.000","0.000"
"Cook Islands","2001","0.000","0.000","0.000","0.000","0.000"
"Cook Islands","2002","0.000","0.000","0.000","0.000","0.000"
"Cook Islands","2003","0.000","0.000","0.000","0.000","0.000"
"Cook Islands","2004","0.000","0.000","0.000","0.000","0.000"
"Cook Islands","2005","0.000","0.000","0.000","0.000","0.000"
"Cook Islands","2006","0.000","0.000","0.000","0.000","0.000"
"Cook Islands","2007","0.000","0.000","0.000","0.000","0.000"
"Cook Islands","2008","0.000","0.000","0.000","0.000","0.000"
"Cook Islands","2009","0.000","0.000","0.000","0.000","0.000"
"Cook Islands","2010","0.000","0.000","0.000","0.000","0.000"
"Cook Islands","2011","0.000","0.000","0.000","0.000","0.000"
"Cook Islands","2012","0.000","0.000","0.000","0.000","0.000"
"Cook Islands","2013","0.000","0.000","0.000","0.000","0.000"
"Cook Islands","2014","0.000","0.000","0.000","0.000","0.000"
"Cook Islands","2015","0.000","0.000","0.000","0.000","0.000"
"Cook Islands","2016","0.000","0.000","0.000","0.000","0.000"
"Cook Islands","2017","0.000","0.000","0.000","25.000","0.000"
"Cook Islands","2018","0.000","0.000","0.000","40.000","0.000"
"Cook Islands","2019","0.000","0.000","0.000","25.000","0.000"
"Cook Islands","2020","0.000","0.000","0.000","25.000","0.000"
"Cook Islands","2021","0.000","0.000","0.000","40.000","0.000"
"Costa Rica","2000","0.000","0.000","82.044","0.000","2.628"
"Costa Rica","2001","0.000","0.000","81.277","0.000","2.758"
"Costa Rica","2002","0.000","0.000","79.111","0.000","3.504"
"Costa Rica","2003","0.000","0.000","80.384","0.000","4.252"
"Costa Rica","2004","0.000","0.000","80.552","0.000","3.262"
"Costa Rica","2005","0.000","0.000","79.755","0.000","2.454"
"Costa Rica","2006","0.000","0.000","76.107","0.000","3.147"
"Costa Rica","2007","0.000","0.000","75.028","0.000","2.688"
"Costa Rica","2008","0.000","0.000","78.098","0.000","2.137"
"Costa Rica","2009","0.000","0.000","77.549","0.000","3.579"
"Costa Rica","2010","0.000","0.000","75.924","0.000","3.801"
"Costa Rica","2011","0.000","0.000","72.784","0.000","4.227"
"Costa Rica","2012","0.000","0.000","71.244","0.100","5.274"
"Costa Rica","2013","0.000","0.000","67.062","0.198","4.847"
"Costa Rica","2014","0.000","0.000","65.776","0.198","7.319"
"Costa Rica","2015","0.000","0.000","74.257","0.279","10.037"
"Costa Rica","2016","0.000","0.000","73.272","0.276","10.599"
"Costa Rica","2017","0.000","0.000","76.220","0.355","11.446"
"Costa Rica","2018","0.000","0.000","72.203","0.524","15.734"
"Costa Rica","2019","0.000","0.000","67.804","0.700","15.748"
"Costa Rica","2020","0.000","0.000","70.613","0.681","12.436"
"Costa Rica","2021","0.000","0.000","73.092","0.472","12.352"
"Costa Rica","2022","0.000","0.000","73.634","0.475","10.768"
"Cote d'Ivoire","2000","0.000","16.522","38.043","0.000","0.000"
"Cote d'Ivoire","2001","0.000","16.453","38.034","0.000","0.000"
"Cote d'Ivoire","2002","0.000","17.589","33.794","0.000","0.000"
"Cote d'Ivoire","2003","0.000","16.838","37.166","0.000","0.000"
"Cote d'Ivoire","2004","0.000","17.795","33.462","0.000","0.000"
"Cote d'Ivoire","2005","0.000","19.586","26.742","0.000","0.000"
"Cote d'Ivoire","2006","0.000","19.093","28.355","0.000","0.000"
"Cote d'Ivoire","2007","0.000","17.647","33.776","0.000","0.000"
"Cote d'Ivoire","2008","0.000","17.463","34.559","0.000","0.000"
"Cote d'Ivoire","2009","0.000","16.547","37.950","0.000","0.000"
"Cote d'Ivoire","2010","0.000","16.192","28.470","0.000","0.000"
"Cote d'Ivoire","2011","0.000","15.771","30.503","0.000","0.000"
"Cote d'Ivoire","2012","0.000","15.408","26.737","0.000","0.000"
"Cote d'Ivoire","2013","0.000","13.750","22.083","0.000","0.000"
"Cote d'Ivoire","2014","0.000","13.427","24.169","0.000","0.000"
"Cote d'Ivoire","2015","0.000","43.873","16.422","0.000","0.000"
"Cote d'Ivoire","2016","0.000","51.119","16.890","0.000","0.000"
"Cote d'Ivoire","2017","0.000","49.107","20.139","0.099","0.000"
"Cote d'Ivoire","2018","0.000","42.618","30.681","0.105","0.000"
"Cote d'Ivoire","2019","0.000","39.421","34.431","0.100","0.000"
"Cote d'Ivoire","2020","0.000","41.060","31.693","0.095","0.000"
"Cote d'Ivoire","2021","0.000","40.893","30.055","0.091","0.000"
"Croatia","1990","7.111","15.350","44.244","0.000","0.000"
"Croatia","1991","4.540","8.615","64.377","0.000","0.000"
"Croatia","1992","7.416","15.393","48.876","0.000","0.000"
"Croatia","1993","4.702","19.018","47.544","0.000","0.000"
"Croatia","1994","1.140","20.981","61.916","0.000","0.000"
"Croatia","1995","2.589","9.493","61.273","0.000","0.000"
"Croatia","1996","1.074","11.728","70.367","0.000","0.000"
"Croatia","1997","4.985","11.437","57.185","0.000","0.000"
"Croatia","1998","4.716","11.703","52.576","0.000","0.000"
"Croatia","1999","4.006","9.476","56.471","0.000","0.000"
"Croatia","2000","13.766","13.943","57.282","0.000","0.000"
"Croatia","2001","12.843","14.330","56.226","0.000","0.000"
"Croatia","2002","16.601","19.906","46.027","0.000","0.000"
"Croatia","2003","18.196","15.618","41.395","0.000","0.000"
"Croatia","2004","15.407","17.711","54.932","0.000","0.000"
"Croatia","2005","17.841","13.936","53.905","0.000","0.077"
"Croatia","2006","17.415","15.944","51.238","0.000","0.155"
"Croatia","2007","19.298","24.482","37.480","0.000","0.239"
"Croatia","2008","19.484","19.249","45.227","0.000","0.313"
"Croatia","2009","12.360","16.554","55.506","0.000","0.375"
"Croatia","2010","16.092","17.241","61.731","0.000","0.947"
"Croatia","2011","22.974","23.330","44.791","0.000","1.781"
"Croatia","2012","21.152","23.702","45.703","0.000","3.116"
"Croatia","2013","17.348","14.480","61.792","0.072","3.728"
"Croatia","2014","17.634","7.440","67.039","0.298","5.432"
"Croatia","2015","20.533","10.667","56.800","0.533","7.111"
"Croatia","2016","20.602","12.599","54.279","0.555","8.003"
"Croatia","2017","11.620","26.209","45.038","0.679","10.178"
"Croatia","2018","10.701","16.605","56.827","0.517","9.889"
"Croatia","2019","12.954","20.774","46.051","0.632","11.611"
"Croatia","2020","9.215","25.982","42.749","0.755","12.991"
"Croatia","2021","9.656","20.503","47.156","0.992","13.624"
"Croatia","2022","10.907","25.708","37.890","1.062","16.076"
"Cuba","2000","0.000","0.000","0.634","0.000","0.000"
"Cuba","2001","0.000","0.000","0.485","0.000","0.000"
"Cuba","2002","0.000","0.000","0.675","0.000","0.000"
"Cuba","2003","0.000","5.764","0.871","0.000","0.000"
"Cuba","2004","0.000","5.763","0.610","0.000","0.000"
"Cuba","2005","0.000","4.429","0.484","0.000","0.000"
"Cuba","2006","0.000","3.613","0.581","0.000","0.000"
"Cuba","2007","0.000","3.434","0.723","0.000","0.000"
"Cuba","2008","0.000","3.479","0.840","0.000","0.060"
"Cuba","2009","0.000","3.291","0.898","0.000","0.000"
"Cuba","2010","0.000","3.112","0.610","0.000","0.061"
"Cuba","2011","0.000","3.108","0.598","0.000","0.120"
"Cuba","2012","0.000","3.224","0.633","0.058","0.115"
"Cuba","2013","0.000","3.082","0.715","0.605","0.110"
"Cuba","2014","0.000","3.002","0.546","0.491","0.109"
"Cuba","2015","0.000","7.856","0.260","0.676","0.104"
"Cuba","2016","0.000","7.688","0.310","0.722","0.103"
"Cuba","2017","0.000","7.736","0.413","0.413","0.103"
"Cuba","2018","0.000","7.536","0.713","0.815","0.102"
"Cuba","2019","0.000","7.680","0.717","1.178","0.102"
"Cuba","2020","0.000","7.581","0.591","1.290","0.108"
"Cuba","2021","0.000","7.494","0.557","1.316","0.101"
"Cyprus","1990","0.000","0.000","0.000","0.000","0.000"
"Cyprus","1991","0.000","0.000","0.000","0.000","0.000"
"Cyprus","1992","0.000","0.000","0.000","0.000","0.000"
"Cyprus","1993","0.000","0.000","0.000","0.000","0.000"
"Cyprus","1994","0.000","0.000","0.000","0.000","0.000"
"Cyprus","1995","0.000","0.000","0.000","0.000","0.000"
"Cyprus","1996","0.000","0.000","0.000","0.000","0.000"
"Cyprus","1997","0.000","0.000","0.000","0.000","0.000"
"Cyprus","1998","0.000","0.000","0.000","0.000","0.000"
"Cyprus","1999","0.000","0.000","0.000","0.000","0.000"
"Cyprus","2000","0.000","0.000","0.000","0.000","0.000"
"Cyprus","2001","0.000","0.000","0.000","0.000","0.000"
"Cyprus","2002","0.000","0.000","0.000","0.000","0.000"
"Cyprus","2003","0.000","0.000","0.000","0.000","0.000"
"Cyprus","2004","0.000","0.000","0.000","0.000","0.000"
"Cyprus","2005","0.000","0.000","0.000","0.000","0.000"
"Cyprus","2006","0.000","0.000","0.000","0.000","0.000"
"Cyprus","2007","0.000","0.000","0.000","0.000","0.000"
"Cyprus","2008","0.000","0.000","0.000","0.000","0.000"
"Cyprus","2009","0.000","0.000","0.000","0.000","0.000"
"Cyprus","2010","0.000","0.000","0.000","0.188","0.563"
"Cyprus","2011","0.000","0.000","0.000","0.203","2.236"
"Cyprus","2012","0.000","0.000","0.000","0.424","4.025"
"Cyprus","2013","0.000","0.000","0.000","1.166","5.361"
"Cyprus","2014","0.000","0.000","0.000","1.843","4.147"
"Cyprus","2015","0.000","0.000","0.000","2.863","4.846"
"Cyprus","2016","0.000","0.000","0.000","3.067","4.703"
"Cyprus","2017","0.000","0.000","0.000","3.400","4.200"
"Cyprus","2018","0.000","0.000","0.000","3.953","4.348"
"Cyprus","2019","0.000","0.000","0.000","4.272","4.660"
"Cyprus","2020","0.000","0.000","0.000","6.186","4.948"
"Cyprus","2021","0.000","0.000","0.000","9.180","4.883"
"Cyprus","2022","0.000","0.000","0.000","11.597","4.183"
"Czechia","1990","75.510","0.610","1.863","0.000","0.000"
"Czechia","1991","75.622","0.630","1.808","0.000","0.000"
"Czechia","1992","74.361","0.644","2.371","0.000","0.000"
"Czechia","1993","73.751","0.682","2.335","0.000","0.000"
"Czechia","1994","72.329","0.668","2.500","0.000","0.000"
"Czechia","1995","73.192","0.792","3.301","0.000","0.000"
"Czechia","1996","71.173","1.629","3.086","0.000","0.000"
"Czechia","1997","71.219","1.791","2.648","0.000","0.000"
"Czechia","1998","70.118","1.996","2.167","0.000","0.000"
"Czechia","1999","68.802","2.696","2.618","0.000","0.000"
"Czechia","2000","72.359","2.318","2.414","0.000","0.000"
"Czechia","2001","70.857","2.129","2.762","0.000","0.000"
"Czechia","2002","65.671","2.118","3.276","0.000","0.000"
"Czechia","2003","61.324","1.908","1.667","0.000","0.000"
"Czechia","2004","60.043","1.838","2.411","0.000","0.012"
"Czechia","2005","60.442","1.794","2.905","0.000","0.024"
"Czechia","2006","59.347","1.877","3.048","0.000","0.060"
"Czechia","2007","61.285","1.561","2.381","0.000","0.148"
"Czechia","2008","58.561","1.225","2.426","0.012","0.288"
"Czechia","2009","56.271","1.200","2.976","0.110","0.355"
"Czechia","2010","55.021","1.619","3.273","0.727","0.399"
"Czechia","2011","53.859","1.627","2.261","2.515","0.462"
"Czechia","2012","50.779","1.720","2.459","2.482","0.485"
"Czechia","2013","47.847","2.374","3.177","2.362","0.559"
"Czechia","2014","47.912","2.141","2.247","2.494","0.565"
"Czechia","2015","49.855","2.763","2.169","2.739","0.691"
"Czechia","2016","51.177","4.548","2.439","2.597","0.610"
"Czechia","2017","48.310","4.313","2.180","2.565","0.688"
"Czechia","2018","47.433","4.340","1.877","2.717","0.702"
"Czechia","2019","43.523","6.774","2.343","2.728","0.816"
"Czechia","2020","38.677","8.571","2.670","2.920","0.873"
"Czechia","2021","40.822","8.730","2.878","2.771","0.717"
"Czechia","2022","43.438","7.813","2.385","2.949","0.764"
"Democratic Republic of Congo","2000","0.000","0.000","100.000","0.000","0.000"
"Democratic Republic of Congo","2001","0.000","0.000","100.000","0.000","0.000"
"Democratic Republic of Congo","2002","0.000","0.000","99.835","0.000","0.000"
"Democratic Republic of Congo","2003","0.000","0.000","99.836","0.000","0.000"
"Democratic Republic of Congo","2004","0.000","0.000","99.858","0.000","0.000"
"Democratic Republic of Congo","2005","0.000","0.000","99.864","0.000","0.000"
"Democratic Republic of Congo","2006","0.000","0.000","99.732","0.000","0.000"
"Democratic Republic of Congo","2007","0.000","0.000","99.614","0.000","0.000"
"Democratic Republic of Congo","2008","0.000","0.000","99.463","0.000","0.000"
"Democratic Republic of Congo","2009","0.000","0.000","99.613","0.000","0.000"
"Democratic Republic of Congo","2010","0.000","0.000","98.977","0.000","0.000"
"Democratic Republic of Congo","2011","0.000","0.000","98.976","0.000","0.000"
"Democratic Republic of Congo","2012","0.000","0.000","99.867","0.000","0.000"
"Democratic Republic of Congo","2013","0.000","0.000","99.877","0.000","0.000"
"Democratic Republic of Congo","2014","0.000","0.000","99.886","0.000","0.000"
"Democratic Republic of Congo","2015","0.000","0.000","99.887","0.000","0.000"
"Democratic Republic of Congo","2016","0.000","0.000","99.889","0.000","0.000"
"Democratic Republic of Congo","2017","0.000","0.000","99.576","0.106","0.000"
"Democratic Republic of Congo","2018","0.000","0.000","99.618","0.096","0.000"
"Democratic Republic of Congo","2019","0.000","0.000","99.639","0.090","0.000"
"Democratic Republic of Congo","2020","0.000","0.000","99.665","0.084","0.000"
"Democratic Republic of Congo","2021","0.000","0.000","99.638","0.091","0.000"
"Denmark","1985","","","0.102","","0.176"
"Denmark","1986","","","0.093","","0.408"
"Denmark","1987","","","0.100","","0.589"
"Denmark","1988","","","0.117","","1.039"
"Denmark","1989","","","0.100","","1.868"
"Denmark","1990","90.685","2.656","0.115","0.000","2.348"
"Denmark","1991","91.516","2.271","0.082","0.000","2.025"
"Denmark","1992","87.675","3.512","0.098","0.000","2.992"
"Denmark","1993","86.315","4.679","0.088","0.000","3.031"
"Denmark","1994","82.035","5.619","0.074","0.000","2.809"
"Denmark","1995","74.469","9.880","0.082","0.000","3.212"
"Denmark","1996","74.066","10.605","0.037","0.000","2.296"
"Denmark","1997","64.950","15.312","0.045","0.000","4.359"
"Denmark","1998","57.571","19.791","0.073","0.000","6.865"
"Denmark","1999","51.633","23.296","0.077","0.000","7.791"
"Denmark","2000","46.306","24.361","0.083","0.000","11.778"
"Denmark","2001","47.243","24.576","0.080","0.000","11.426"
"Denmark","2002","46.487","24.414","0.076","0.000","12.424"
"Denmark","2003","54.831","21.144","0.043","0.000","12.045"
"Denmark","2004","46.190","24.592","0.074","0.000","16.279"
"Denmark","2005","42.672","24.234","0.055","0.000","18.245"
"Denmark","2006","53.870","20.610","0.044","0.000","13.396"
"Denmark","2007","50.598","17.909","0.076","0.000","18.240"
"Denmark","2008","47.679","19.334","0.082","0.000","18.924"
"Denmark","2009","48.626","18.334","0.055","0.000","18.472"
"Denmark","2010","43.761","20.350","0.051","0.026","20.093"
"Denmark","2011","39.693","16.581","0.057","0.028","27.740"
"Denmark","2012","34.332","13.648","0.065","0.326","33.453"
"Denmark","2013","41.134","9.845","0.029","1.497","32.009"
"Denmark","2014","34.358","6.524","0.062","1.864","40.634"
"Denmark","2015","24.577","6.291","0.069","2.074","48.842"
"Denmark","2016","29.034","7.398","0.065","2.422","41.833"
"Denmark","2017","20.013","6.510","0.064","2.417","47.631"
"Denmark","2018","21.640","6.818","0.033","3.129","45.784"
"Denmark","2019","11.217","7.116","0.068","3.253","54.727"
"Denmark","2020","10.651","4.107","0.070","4.107","56.840"
"Denmark","2021","13.218","4.658","0.060","3.962","48.548"
"Denmark","2022","10.517","2.992","0.058","5.782","55.026"
"Djibouti","2000","0.000","0.000","0.000","0.000","0.000"
"Djibouti","2001","0.000","0.000","0.000","0.000","0.000"
"Djibouti","2002","0.000","0.000","0.000","0.000","0.000"
"Djibouti","2003","0.000","0.000","0.000","0.000","0.000"
"Djibouti","2004","0.000","0.000","0.000","0.000","0.000"
"Djibouti","2005","0.000","0.000","0.000","0.000","0.000"
"Djibouti","2006","0.000","0.000","0.000","0.000","0.000"
"Djibouti","2007","0.000","0.000","0.000","0.000","0.000"
"Djibouti","2008","0.000","0.000","0.000","0.000","0.000"
"Djibouti","2009","0.000","0.000","0.000","0.000","0.000"
"Djibouti","2010","0.000","0.000","0.000","0.000","0.000"
"Djibouti","2011","0.000","0.000","0.000","0.000","0.000"
"Djibouti","2012","0.000","0.000","0.000","0.000","0.000"
"Djibouti","2013","0.000","0.000","0.000","0.000","0.000"
"Djibouti","2014","0.000","0.000","0.000","0.000","0.000"
"Djibouti","2015","0.000","0.000","0.000","0.000","0.000"
"Djibouti","2016","0.000","0.000","0.000","0.000","0.000"
"Djibouti","2017","0.000","0.000","0.000","0.000","0.000"
"Djibouti","2018","0.000","0.000","0.000","0.000","0.000"
"Djibouti","2019","0.000","0.000","0.000","0.000","0.000"
"Djibouti","2020","0.000","0.000","0.000","0.000","0.000"
"Djibouti","2021","0.000","0.000","0.000","0.000","0.000"
"Dominica","2000","0.000","0.000","42.857","0.000","0.000"
"Dominica","2001","0.000","0.000","37.500","0.000","0.000"
"Dominica","2002","0.000","0.000","42.857","0.000","0.000"
"Dominica","2003","0.000","0.000","37.500","0.000","0.000"
"Dominica","2004","0.000","0.000","42.857","0.000","0.000"
"Dominica","2005","0.000","0.000","37.500","0.000","0.000"
"Dominica","2006","0.000","0.000","37.500","0.000","0.000"
"Dominica","2007","0.000","0.000","25.000","0.000","0.000"
"Dominica","2008","0.000","0.000","25.000","0.000","0.000"
"Dominica","2009","0.000","0.000","25.000","0.000","0.000"
"Dominica","2010","0.000","0.000","22.222","0.000","0.000"
"Dominica","2011","0.000","0.000","40.000","0.000","0.000"
"Dominica","2012","0.000","0.000","30.000","0.000","0.000"
"Dominica","2013","0.000","0.000","40.000","0.000","0.000"
"Dominica","2014","0.000","0.000","30.000","0.000","0.000"
"Dominica","2015","0.000","0.000","20.000","0.000","0.000"
"Dominica","2016","0.000","0.000","36.364","0.000","0.000"
"Dominica","2017","0.000","0.000","37.500","0.000","0.000"
"Dominica","2018","0.000","0.000","33.333","0.000","0.000"
"Dominica","2019","0.000","0.000","22.222","0.000","0.000"
"Dominica","2020","0.000","0.000","25.000","0.000","0.000"
"Dominica","2021","0.000","0.000","23.529","0.000","0.000"
"Dominican Republic","2000","5.562","0.000","9.271","0.000","0.000"
"Dominican Republic","2001","5.220","0.000","7.165","0.000","0.000"
"Dominican Republic","2002","5.401","0.000","7.342","0.000","0.000"
"Dominican Republic","2003","5.251","5.330","9.467","0.000","0.000"
"Dominican Republic","2004","5.635","5.814","14.311","0.000","0.000"
"Dominican Republic","2005","5.643","5.726","15.851","0.000","0.000"
"Dominican Republic","2006","6.331","6.484","13.349","0.000","0.000"
"Dominican Republic","2007","7.018","7.164","12.427","0.000","0.000"
"Dominican Republic","2008","7.082","7.253","11.775","0.000","0.000"
"Dominican Republic","2009","7.161","7.334","12.597","0.000","0.000"
"Dominican Republic","2010","7.511","7.654","10.229","0.000","0.000"
"Dominican Republic","2011","7.373","7.574","10.255","0.000","0.067"
"Dominican Republic","2012","6.713","9.183","11.273","0.000","0.633"
"Dominican Republic","2013","7.053","9.623","11.237","0.060","1.435"
"Dominican Republic","2014","7.437","10.141","8.113","0.123","1.475"
"Dominican Republic","2015","7.924","10.822","5.500","0.177","1.715"
"Dominican Republic","2016","8.409","11.462","8.034","0.428","1.714"
"Dominican Republic","2017","8.154","20.516","11.415","0.736","2.052"
"Dominican Republic","2018","8.253","20.734","8.966","1.172","2.547"
"Dominican Republic","2019","18.215","20.706","5.034","1.868","4.100"
"Dominican Republic","2020","19.772","28.486","7.091","2.584","6.851"
"Dominican Republic","2021","19.898","28.653","5.685","3.013","7.334"
"East Timor","2003","0.000","0.000","0.000","0.000","0.000"
"East Timor","2004","0.000","0.000","0.000","0.000","0.000"
"East Timor","2005","0.000","0.000","0.000","0.000","0.000"
"East Timor","2006","0.000","0.000","0.000","0.000","0.000"
"East Timor","2007","0.000","0.000","0.000","0.000","0.000"
"East Timor","2008","0.000","0.000","0.000","0.000","0.000"
"East Timor","2009","0.000","0.000","0.000","0.000","0.000"
"East Timor","2010","0.000","0.000","0.000","0.000","0.000"
"East Timor","2011","0.000","0.000","0.000","0.000","0.000"
"East Timor","2012","0.000","0.000","0.000","0.000","0.000"
"East Timor","2013","0.000","0.000","0.000","0.000","0.000"
"East Timor","2014","0.000","0.000","0.000","0.000","0.000"
"East Timor","2015","0.000","0.000","0.000","0.000","0.000"
"East Timor","2016","0.000","0.000","0.000","0.000","0.000"
"East Timor","2017","0.000","0.000","0.000","0.000","0.000"
"East Timor","2018","0.000","0.000","0.000","0.000","0.000"
"East Timor","2019","0.000","0.000","0.000","0.000","0.000"
"East Timor","2020","0.000","0.000","0.000","0.000","0.000"
"East Timor","2021","0.000","0.000","0.000","0.000","0.000"
"Ecuador","1990","","","78.545","0.000","0.000"
"Ecuador","1991","","","72.779","0.000","0.000"
"Ecuador","1992","","","69.116","0.000","0.000"
"Ecuador","1993","","","78.396","0.000","0.000"
"Ecuador","1994","","","80.615","0.000","0.000"
"Ecuador","1995","","","61.227","0.000","0.000"
"Ecuador","1996","","","65.537","0.000","0.000"
"Ecuador","1997","","","63.061","0.000","0.000"
"Ecuador","1998","","","59.742","0.000","0.000"
"Ecuador","1999","","","69.622","0.000","0.000"
"Ecuador","2000","0.000","0.000","72.754","0.000","0.000"
"Ecuador","2001","0.000","0.000","65.177","0.000","0.000"
"Ecuador","2002","0.000","3.723","64.502","0.000","0.000"
"Ecuador","2003","0.000","3.832","63.369","0.000","0.000"
"Ecuador","2004","0.000","4.431","56.073","0.000","0.000"
"Ecuador","2005","0.000","4.194","56.003","0.000","0.000"
"Ecuador","2006","0.000","3.698","52.219","0.000","0.000"
"Ecuador","2007","0.000","3.315","53.948","0.000","0.000"
"Ecuador","2008","0.000","2.683","61.227","0.000","0.000"
"Ecuador","2009","0.000","2.956","50.920","0.000","0.000"
"Ecuador","2010","0.000","3.090","45.551","0.000","0.000"
"Ecuador","2011","0.000","2.465","55.433","0.000","0.000"
"Ecuador","2012","0.000","2.397","54.817","0.000","0.000"
"Ecuador","2013","0.000","2.718","48.708","0.000","0.267"
"Ecuador","2014","0.000","2.516","48.358","0.085","0.341"
"Ecuador","2015","0.000","2.233","51.715","0.159","0.399"
"Ecuador","2016","0.000","1.842","57.775","0.147","0.295"
"Ecuador","2017","0.000","1.365","71.444","0.144","0.251"
"Ecuador","2018","0.000","1.378","70.513","0.138","0.276"
"Ecuador","2019","0.000","1.084","76.370","0.124","0.279"
"Ecuador","2020","0.000","1.023","77.781","0.128","0.256"
"Ecuador","2021","0.000","0.959","79.066","0.124","0.186"
"Ecuador","2022","0.000","0.664","74.366","0.121","0.181"
"Egypt","1990","0.000","39.201","23.724","0.000","0.000"
"Egypt","1991","0.000","47.154","22.913","0.000","0.000"
"Egypt","1992","0.000","51.003","21.784","0.000","0.000"
"Egypt","1993","0.000","56.000","21.594","0.000","0.000"
"Egypt","1994","0.000","60.333","22.097","0.000","0.000"
"Egypt","1995","0.000","60.116","22.096","0.000","0.000"
"Egypt","1996","0.000","58.827","21.437","0.000","0.000"
"Egypt","1997","0.000","57.551","20.729","0.000","0.000"
"Egypt","1998","0.000","53.593","19.943","0.000","0.000"
"Egypt","1999","0.000","56.635","20.448","0.000","0.018"
"Egypt","2000","0.000","58.292","18.209","0.000","0.188"
"Egypt","2001","0.000","59.267","18.874","0.000","0.277"
"Egypt","2002","0.000","67.598","15.010","0.000","0.236"
"Egypt","2003","0.000","69.198","14.246","0.000","0.409"
"Egypt","2004","0.000","75.793","13.013","0.000","0.540"
"Egypt","2005","0.000","73.061","12.136","0.000","0.533"
"Egypt","2006","0.000","74.164","11.689","0.000","0.566"
"Egypt","2007","0.000","73.396","12.923","0.000","0.699"
"Egypt","2008","0.000","72.797","11.690","0.000","0.732"
"Egypt","2009","0.000","72.036","9.668","0.000","0.858"
"Egypt","2010","0.000","75.426","8.060","0.131","0.936"
"Egypt","2011","0.000","77.871","8.155","0.140","0.968"
"Egypt","2012","0.000","76.714","7.902","0.146","0.681"
"Egypt","2013","0.000","73.120","7.858","0.065","0.791"
"Egypt","2014","0.000","70.768","7.804","0.137","0.821"
"Egypt","2015","0.000","69.687","7.197","0.091","1.106"
"Egypt","2016","0.000","72.327","6.710","0.306","1.161"
"Egypt","2017","0.000","77.789","6.401","0.305","1.184"
"Egypt","2018","0.000","79.466","6.397","0.761","1.513"
"Egypt","2019","0.000","76.805","6.212","2.276","2.174"
"Egypt","2020","0.000","77.368","6.387","2.383","2.235"
"Egypt","2021","0.000","75.689","6.922","2.373","2.091"
"Egypt","2022","0.000","66.265","6.761","2.427","2.033"
"El Salvador","2000","0.000","0.000","31.099","0.000","0.000"
"El Salvador","2001","0.000","0.000","30.343","0.000","0.000"
"El Salvador","2002","0.000","0.000","28.463","0.000","0.000"
"El Salvador","2003","0.000","0.000","33.958","0.000","0.000"
"El Salvador","2004","0.000","0.000","31.567","0.000","0.000"
"El Salvador","2005","0.000","0.000","35.244","0.000","0.000"
"El Salvador","2006","0.000","0.000","35.000","0.000","0.000"
"El Salvador","2007","0.000","0.000","30.245","0.000","0.000"
"El Salvador","2008","0.000","0.000","33.890","0.000","0.000"
"El Salvador","2009","0.000","0.000","25.641","0.000","0.000"
"El Salvador","2010","0.000","0.000","34.841","0.000","0.000"
"El Salvador","2011","0.000","0.000","33.005","0.000","0.000"
"El Salvador","2012","0.000","0.000","29.393","0.000","0.000"
"El Salvador","2013","0.000","0.000","28.389","0.159","0.000"
"El Salvador","2014","0.000","0.000","27.404","0.321","0.000"
"El Salvador","2015","0.000","0.000","22.463","0.499","0.000"
"El Salvador","2016","0.000","0.000","20.930","0.664","0.000"
"El Salvador","2017","0.000","0.000","29.508","3.461","0.000"
"El Salvador","2018","0.000","0.000","28.893","5.816","0.000"
"El Salvador","2019","0.000","0.000","24.040","8.347","0.000"
"El Salvador","2020","0.000","0.000","31.789","14.537","0.160"
"El Salvador","2021","0.000","0.000","30.488","16.921","0.152"
"El Salvador","2022","0.000","13.648","31.627","14.436","0.262"
"Equatorial Guinea","2000","0.000","0.000","11.111","0.000","0.000"
"Equatorial Guinea","2001","0.000","0.000","16.667","0.000","0.000"
"Equatorial Guinea","2002","0.000","0.000","9.091","0.000","0.000"
"Equatorial Guinea","2003","0.000","0.000","8.333","0.000","0.000"
"Equatorial Guinea","2004","0.000","0.000","5.882","0.000","0.000"
"Equatorial Guinea","2005","0.000","0.000","5.000","0.000","0.000"
"Equatorial Guinea","2006","0.000","0.000","3.846","0.000","0.000"
"Equatorial Guinea","2007","0.000","0.000","3.125","0.000","0.000"
"Equatorial Guinea","2008","0.000","0.000","10.870","0.000","0.000"
"Equatorial Guinea","2009","0.000","0.000","9.804","0.000","0.000"
"Equatorial Guinea","2010","0.000","0.000","5.172","0.000","0.000"
"Equatorial Guinea","2011","0.000","0.000","4.615","0.000","0.000"
"Equatorial Guinea","2012","0.000","0.000","10.667","0.000","0.000"
"Equatorial Guinea","2013","0.000","0.000","26.042","0.000","0.000"
"Equatorial Guinea","2014","0.000","0.000","34.862","0.000","0.000"
"Equatorial Guinea","2015","0.000","0.000","36.154","0.000","0.000"
"Equatorial Guinea","2016","0.000","0.000","33.571","0.000","0.000"
"Equatorial Guinea","2017","0.000","0.000","32.836","0.000","0.000"
"Equatorial Guinea","2018","0.000","0.000","32.593","0.000","0.000"
"Equatorial Guinea","2019","0.000","0.000","32.143","0.000","0.000"
"Equatorial Guinea","2020","0.000","0.000","34.752","0.000","0.000"
"Equatorial Guinea","2021","0.000","0.000","30.986","0.000","0.000"
"Eritrea","2000","0.000","0.000","0.000","0.000","0.000"
"Eritrea","2001","0.000","0.000","0.000","0.000","0.000"
"Eritrea","2002","0.000","0.000","0.000","0.000","0.000"
"Eritrea","2003","0.000","0.000","0.000","0.000","0.000"
"Eritrea","2004","0.000","0.000","0.000","0.000","0.000"
"Eritrea","2005","0.000","0.000","0.000","0.000","0.000"
"Eritrea","2006","0.000","0.000","0.000","0.000","0.000"
"Eritrea","2007","0.000","0.000","0.000","0.000","0.000"
"Eritrea","2008","0.000","0.000","0.000","0.000","0.000"
"Eritrea","2009","0.000","0.000","0.000","0.000","0.000"
"Eritrea","2010","0.000","0.000","0.000","0.000","0.000"
"Eritrea","2011","0.000","0.000","0.000","0.000","0.000"
"Eritrea","2012","0.000","0.000","0.000","0.000","0.000"
"Eritrea","2013","0.000","0.000","0.000","0.000","0.000"
"Eritrea","2014","0.000","0.000","0.000","0.000","0.000"
"Eritrea","2015","0.000","0.000","0.000","0.000","0.000"
"Eritrea","2016","0.000","0.000","0.000","0.000","0.000"
"Eritrea","2017","0.000","0.000","0.000","2.439","0.000"
"Eritrea","2018","0.000","0.000","0.000","2.326","0.000"
"Eritrea","2019","0.000","0.000","0.000","2.273","0.000"
"Eritrea","2020","0.000","0.000","0.000","2.381","0.000"
"Eritrea","2021","0.000","0.000","0.000","2.222","0.000"
"Estonia","1990","0.000","5.588","0.000","0.000","0.000"
"Estonia","1991","0.000","6.630","0.000","0.000","0.000"
"Estonia","1992","0.000","2.451","0.000","0.000","0.000"
"Estonia","1993","0.000","1.425","0.000","0.000","0.000"
"Estonia","1994","0.000","2.404","0.000","0.000","0.000"
"Estonia","1995","0.000","2.992","0.000","0.000","0.000"
"Estonia","1996","0.000","3.190","0.000","0.000","0.000"
"Estonia","1997","0.000","2.820","0.000","0.000","0.000"
"Estonia","1998","0.000","3.169","0.000","0.000","0.000"
"Estonia","1999","0.000","2.785","0.000","0.000","0.000"
"Estonia","2000","0.000","7.051","0.000","0.000","0.000"
"Estonia","2001","0.000","7.067","0.118","0.000","0.000"
"Estonia","2002","0.000","6.213","0.117","0.000","0.000"
"Estonia","2003","0.000","4.921","0.098","0.000","0.098"
"Estonia","2004","0.000","4.753","0.194","0.000","0.097"
"Estonia","2005","0.000","5.294","0.196","0.000","0.490"
"Estonia","2006","0.000","5.550","0.103","0.000","0.822"
"Estonia","2007","0.000","2.791","0.164","0.000","0.739"
"Estonia","2008","0.000","3.970","0.284","0.000","1.229"
"Estonia","2009","0.000","1.253","0.342","0.000","2.278"
"Estonia","2010","0.000","2.313","0.231","0.000","2.159"
"Estonia","2011","0.000","1.939","0.233","0.000","2.870"
"Estonia","2012","0.000","1.087","0.334","0.000","3.595"
"Estonia","2013","0.075","0.678","0.226","0.000","3.991"
"Estonia","2014","0.080","0.562","0.241","0.000","4.819"
"Estonia","2015","0.000","0.591","0.296","0.000","6.995"
"Estonia","2016","0.000","0.575","0.329","0.082","4.848"
"Estonia","2017","0.152","0.456","0.228","0.076","5.471"
"Estonia","2018","0.000","0.485","0.081","0.243","5.174"
"Estonia","2019","0.000","0.526","0.263","0.920","9.067"
"Estonia","2020","0.000","0.493","0.493","4.112","13.816"
"Estonia","2021","0.000","0.556","0.278","4.868","10.153"
"Estonia","2022","0.000","0.480","0.240","6.355","7.554"
"Eswatini","2000","0.000","0.000","31.148","0.000","0.000"
"Eswatini","2001","0.000","0.000","30.159","0.000","0.000"
"Eswatini","2002","0.000","0.000","30.769","0.000","0.000"
"Eswatini","2003","0.000","0.000","21.429","0.000","0.000"
"Eswatini","2004","0.000","0.000","18.868","0.000","0.000"
"Eswatini","2005","0.000","0.000","26.667","0.000","0.000"
"Eswatini","2006","0.000","0.000","25.000","0.000","0.000"
"Eswatini","2007","0.000","0.000","26.984","0.000","0.000"
"Eswatini","2008","0.000","0.000","26.667","0.000","0.000"
"Eswatini","2009","0.000","0.000","31.746","0.000","0.000"
"Eswatini","2010","0.000","0.000","37.500","0.000","0.000"
"Eswatini","2011","0.000","0.000","39.437","0.000","0.000"
"Eswatini","2012","0.000","0.000","32.432","0.000","0.000"
"Eswatini","2013","0.000","0.000","38.272","0.000","0.000"
"Eswatini","2014","0.000","0.000","35.385","0.000","0.000"
"Eswatini","2015","0.000","0.000","21.818","0.000","0.000"
"Eswatini","2016","0.000","0.000","21.429","0.000","0.000"
"Eswatini","2017","0.000","0.000","31.343","0.000","0.000"
"Eswatini","2018","0.000","0.000","36.000","0.000","0.000"
"Eswatini","2019","0.000","0.000","32.394","0.000","0.000"
"Eswatini","2020","0.000","0.000","36.486","0.000","0.000"
"Eswatini","2021","0.000","0.000","33.784","0.000","0.000"
"Ethiopia","2000","0.000","0.000","95.882","0.000","0.000"
"Ethiopia","2001","0.000","0.000","96.569","0.000","0.000"
"Ethiopia","2002","0.000","0.000","96.618","0.000","0.000"
"Ethiopia","2003","0.000","0.000","96.996","0.000","0.000"
"Ethiopia","2004","0.000","0.000","97.276","0.000","0.000"
"Ethiopia","2005","0.000","0.000","97.569","0.000","0.000"
"Ethiopia","2006","0.000","0.000","97.879","0.000","0.000"
"Ethiopia","2007","0.000","0.000","94.633","0.000","0.000"
"Ethiopia","2008","0.000","0.000","86.933","0.000","0.000"
"Ethiopia","2009","0.000","0.000","87.909","0.000","0.000"
"Ethiopia","2010","0.000","0.000","97.796","0.000","0.000"
"Ethiopia","2011","0.000","0.000","98.101","0.000","0.475"
"Ethiopia","2012","0.000","0.000","96.821","0.000","2.517"
"Ethiopia","2013","0.000","0.000","95.271","0.115","4.152"
"Ethiopia","2014","0.000","0.000","94.192","0.211","5.280"
"Ethiopia","2015","0.000","0.000","92.204","0.192","7.315"
"Ethiopia","2016","0.000","0.000","93.344","0.160","6.255"
"Ethiopia","2017","0.000","0.000","95.583","0.152","4.037"
"Ethiopia","2018","0.000","0.000","93.474","0.145","6.164"
"Ethiopia","2019","0.000","0.000","95.292","0.141","4.287"
"Ethiopia","2020","0.000","0.000","95.292","0.211","4.287"
"Ethiopia","2021","0.000","0.000","95.303","0.272","4.152"
"Falkland Islands","2000","0.000","0.000","0.000","0.000","0.000"
"Falkland Islands","2001","0.000","0.000","0.000","0.000","0.000"
"Falkland Islands","2002","0.000","0.000","0.000","0.000","0.000"
"Falkland Islands","2003","0.000","0.000","0.000","0.000","0.000"
"Falkland Islands","2004","0.000","0.000","0.000","0.000","0.000"
"Falkland Islands","2005","0.000","0.000","0.000","0.000","0.000"
"Falkland Islands","2006","0.000","0.000","0.000","0.000","0.000"
"Falkland Islands","2007","0.000","0.000","0.000","0.000","0.000"
"Falkland Islands","2008","0.000","0.000","0.000","0.000","0.000"
"Falkland Islands","2009","0.000","0.000","0.000","0.000","0.000"
"Falkland Islands","2010","0.000","0.000","0.000","0.000","0.000"
"Falkland Islands","2011","0.000","0.000","0.000","0.000","50.000"
"Falkland Islands","2012","0.000","0.000","0.000","0.000","50.000"
"Falkland Islands","2013","0.000","0.000","0.000","0.000","50.000"
"Falkland Islands","2014","0.000","0.000","0.000","0.000","50.000"
"Falkland Islands","2015","0.000","0.000","0.000","0.000","50.000"
"Falkland Islands","2016","0.000","0.000","0.000","0.000","50.000"
"Falkland Islands","2017","0.000","0.000","0.000","0.000","50.000"
"Falkland Islands","2018","0.000","0.000","0.000","0.000","50.000"
"Falkland Islands","2019","0.000","0.000","0.000","0.000","50.000"
"Falkland Islands","2020","0.000","0.000","0.000","0.000","50.000"
"Falkland Islands","2021","0.000","0.000","0.000","0.000","50.000"
"Faroe Islands","2000","0.000","0.000","38.095","0.000","0.000"
"Faroe Islands","2001","0.000","0.000","34.783","0.000","0.000"
"Faroe Islands","2002","0.000","0.000","43.478","0.000","0.000"
"Faroe Islands","2003","0.000","0.000","34.783","0.000","0.000"
"Faroe Islands","2004","0.000","0.000","37.500","0.000","4.167"
"Faroe Islands","2005","0.000","0.000","41.667","0.000","4.167"
"Faroe Islands","2006","0.000","0.000","41.667","0.000","4.167"
"Faroe Islands","2007","0.000","0.000","38.462","0.000","7.692"
"Faroe Islands","2008","0.000","0.000","34.615","0.000","3.846"
"Faroe Islands","2009","0.000","0.000","33.333","0.000","7.407"
"Faroe Islands","2010","0.000","0.000","25.926","0.000","3.704"
"Faroe Islands","2011","0.000","0.000","34.615","0.000","3.846"
"Faroe Islands","2012","0.000","0.000","35.714","0.000","3.571"
"Faroe Islands","2013","0.000","0.000","32.143","0.000","7.143"
"Faroe Islands","2014","0.000","0.000","40.000","0.000","13.333"
"Faroe Islands","2015","0.000","0.000","41.935","0.000","19.355"
"Faroe Islands","2016","0.000","0.000","33.333","0.000","16.667"
"Faroe Islands","2017","0.000","0.000","34.375","0.000","18.750"
"Faroe Islands","2018","0.000","0.000","32.353","0.000","17.647"
"Faroe Islands","2019","0.000","0.000","27.027","0.000","13.514"
"Faroe Islands","2020","0.000","0.000","26.829","0.000","12.195"
"Faroe Islands","2021","0.000","0.000","26.190","0.000","11.905"
"Fiji","2000","0.000","0.000","66.129","0.000","0.000"
"Fiji","2001","0.000","0.000","68.657","0.000","0.000"
"Fiji","2002","0.000","0.000","63.380","0.000","0.000"
"Fiji","2003","0.000","0.000","47.222","0.000","0.000"
"Fiji","2004","0.000","0.000","49.333","0.000","0.000"
"Fiji","2005","0.000","0.000","43.038","0.000","0.000"
"Fiji","2006","0.000","0.000","40.476","0.000","0.000"
"Fiji","2007","0.000","0.000","58.621","0.000","1.149"
"Fiji","2008","0.000","0.000","56.818","0.000","2.273"
"Fiji","2009","0.000","0.000","53.488","0.000","2.326"
"Fiji","2010","0.000","0.000","45.556","0.000","1.111"
"Fiji","2011","0.000","0.000","52.326","0.000","0.000"
"Fiji","2012","0.000","0.000","60.465","0.000","1.163"
"Fiji","2013","0.000","0.000","59.091","0.000","0.000"
"Fiji","2014","0.000","0.000","43.956","0.000","0.000"
"Fiji","2015","0.000","0.000","41.667","0.000","1.042"
"Fiji","2016","0.000","0.000","51.042","1.042","0.000"
"Fiji","2017","0.000","0.000","46.667","0.952","0.000"
"Fiji","2018","0.000","0.000","51.376","0.917","0.000"
"Fiji","2019","0.000","0.000","50.442","0.885","0.000"
"Fiji","2020","0.000","0.000","51.818","0.909","0.000"
"Fiji","2021","0.000","0.000","50.000","0.877","0.000"
"Finland","1990","17.761","8.568","19.967","0.000","0.000"
"Finland","1991","16.885","8.537","22.766","0.000","0.000"
"Finland","1992","13.269","8.973","26.174","0.000","0.000"
"Finland","1993","16.110","9.086","22.069","0.000","0.000"
"Finland","1994","21.298","9.796","17.962","0.000","0.015"
"Finland","1995","17.286","10.353","20.191","0.000","0.016"
"Finland","1996","21.793","12.266","17.094","0.000","0.014"
"Finland","1997","18.566","9.948","17.698","0.000","0.029"
"Finland","1998","11.319","12.573","21.454","0.000","0.029"
"Finland","1999","12.885","13.735","18.399","0.000","0.072"
"Finland","2000","12.165","14.515","21.006","0.000","0.115"
"Finland","2001","14.282","15.736","17.768","0.000","0.094"
"Finland","2002","17.008","15.563","14.425","0.000","0.080"
"Finland","2003","22.895","16.472","11.406","0.000","0.107"
"Finland","2004","19.276","14.895","17.605","0.000","0.140"
"Finland","2005","9.242","15.968","19.593","0.000","0.242"
"Finland","2006","19.902","15.015","14.004","0.000","0.195"
"Finland","2007","17.165","13.050","17.523","0.000","0.235"
"Finland","2008","11.042","14.328","22.227","0.000","0.338"
"Finland","2009","15.506","13.681","17.679","0.000","0.390"
"Finland","2010","18.098","14.015","16.082","0.000","0.361"
"Finland","2011","13.359","12.908","17.006","0.014","0.656"
"Finland","2012","10.130","9.602","24.055","0.014","0.699"
"Finland","2013","15.061","9.566","18.090","0.014","1.085"
"Finland","2014","11.680","8.140","19.761","0.015","1.637"
"Finland","2015","7.490","7.607","24.532","0.015","3.408"
"Finland","2016","10.178","5.461","23.072","0.029","4.483"
"Finland","2017","8.729","4.916","22.002","0.074","7.150"
"Finland","2018","8.274","6.002","19.005","0.129","8.345"
"Finland","2019","6.376","5.630","18.163","0.219","8.804"
"Finland","2020","3.534","5.779","23.001","0.319","11.964"
"Finland","2021","3.715","5.329","21.970","0.417","11.841"
"Finland","2022","4.069","1.808","18.824","0.411","16.578"
"France","1990","7.543","0.726","12.912","0.000","0.000"
"France","1991","8.771","0.675","12.754","0.000","0.000"
"France","1992","7.441","0.691","14.991","0.000","0.000"
"France","1993","4.463","0.745","13.816","0.000","0.000"
"France","1994","4.404","0.765","16.601","0.000","0.000"
"France","1995","4.923","0.782","14.886","0.000","0.000"
"France","1996","5.507","0.809","12.970","0.000","0.002"
"France","1997","4.427","0.978","12.728","0.000","0.002"
"France","1998","6.610","0.980","12.241","0.000","0.004"
"France","1999","5.617","1.477","13.911","0.000","0.008"
"France","2000","5.060","2.157","12.140","0.002","0.009"
"France","2001","3.767","2.787","13.358","0.002","0.024"
"France","2002","4.285","3.327","10.664","0.002","0.049"
"France","2003","4.690","3.459","10.243","0.002","0.070"
"France","2004","4.297","3.711","10.233","0.002","0.104"
"France","2005","4.828","4.048","8.799","0.002","0.168"
"France","2006","4.030","3.831","9.662","0.002","0.384"
"France","2007","4.349","3.911","9.959","0.004","0.724"
"France","2008","4.065","3.857","10.956","0.007","1.003"
"France","2009","4.095","3.874","10.485","0.032","1.495"
"France","2010","4.150","4.222","10.874","0.110","1.766"
"France","2011","3.065","5.197","8.061","0.411","2.180"
"France","2012","3.784","4.012","10.551","0.781","2.677"
"France","2013","4.136","3.190","12.476","0.900","2.798"
"France","2014","1.989","2.324","11.263","1.129","3.059"
"France","2015","2.072","3.683","9.681","1.350","3.732"
"France","2016","1.831","6.260","10.891","1.550","3.827"
"France","2017","2.304","7.283","8.992","1.725","4.426"
"France","2018","1.443","5.316","11.307","1.896","4.967"
"France","2019","0.643","6.949","10.060","2.180","6.137"
"France","2020","0.586","6.691","11.871","2.553","7.560"
"France","2021","0.988","6.061","10.833","2.858","6.692"
"France","2022","0.937","9.159","9.836","4.256","8.192"
"French Guiana","2000","0.000","0.000","0.000","0.000","0.000"
"French Guiana","2001","0.000","0.000","91.379","0.000","0.000"
"French Guiana","2002","0.000","0.000","90.164","0.000","0.000"
"French Guiana","2003","0.000","0.000","90.476","0.000","0.000"
"French Guiana","2004","0.000","0.000","90.769","0.000","0.000"
"French Guiana","2005","0.000","0.000","91.176","0.000","0.000"
"French Guiana","2006","0.000","0.000","90.141","0.000","0.000"
"French Guiana","2007","0.000","0.000","73.333","0.000","0.000"
"French Guiana","2008","0.000","0.000","75.000","0.000","0.000"
"French Guiana","2009","0.000","0.000","68.932","0.000","0.000"
"French Guiana","2010","0.000","0.000","66.667","0.000","0.000"
"French Guiana","2011","0.000","0.000","61.321","3.774","0.000"
"French Polynesia","2000","0.000","0.000","30.769","0.000","0.000"
"French Polynesia","2001","0.000","0.000","21.277","0.000","0.000"
"French Polynesia","2002","0.000","0.000","25.000","0.000","0.000"
"French Polynesia","2003","0.000","0.000","26.316","0.000","0.000"
"French Polynesia","2004","0.000","0.000","29.508","0.000","0.000"
"French Polynesia","2005","0.000","0.000","30.000","0.000","0.000"
"French Polynesia","2006","0.000","0.000","31.746","0.000","0.000"
"French Polynesia","2007","0.000","0.000","33.333","0.000","0.000"
"French Polynesia","2008","0.000","0.000","30.882","0.000","0.000"
"French Polynesia","2009","0.000","0.000","30.000","0.000","0.000"
"French Polynesia","2010","0.000","0.000","43.548","0.000","0.000"
"French Polynesia","2011","0.000","0.000","33.846","1.538","0.000"
"French Polynesia","2012","0.000","0.000","31.250","1.562","0.000"
"French Polynesia","2013","0.000","0.000","25.424","3.390","0.000"
"French Polynesia","2014","0.000","0.000","29.310","5.172","0.000"
"French Polynesia","2015","0.000","0.000","29.310","5.172","0.000"
"French Polynesia","2016","0.000","0.000","31.034","5.172","0.000"
"French Polynesia","2017","0.000","0.000","30.000","6.667","0.000"
"French Polynesia","2018","0.000","0.000","27.586","6.897","0.000"
"French Polynesia","2019","0.000","0.000","26.471","5.882","0.000"
"French Polynesia","2020","0.000","0.000","27.273","6.061","0.000"
"French Polynesia","2021","0.000","0.000","25.714","7.143","0.000"
"Gabon","2000","0.000","0.000","62.500","0.000","0.000"
"Gabon","2001","0.000","0.000","64.444","0.000","0.000"
"Gabon","2002","0.000","0.000","64.085","0.000","0.000"
"Gabon","2003","0.000","0.000","60.959","0.000","0.000"
"Gabon","2004","0.000","0.000","59.459","0.000","0.000"
"Gabon","2005","0.000","0.000","52.980","0.000","0.000"
"Gabon","2006","0.000","0.000","58.385","0.000","0.000"
"Gabon","2007","0.000","0.000","47.024","0.000","0.000"
"Gabon","2008","0.000","0.000","49.718","0.000","0.000"
"Gabon","2009","0.000","0.000","51.934","0.000","0.000"
"Gabon","2010","0.000","0.000","48.128","0.000","0.000"
"Gabon","2011","0.000","0.000","42.347","0.000","0.000"
"Gabon","2012","0.000","0.000","43.269","0.000","0.000"
"Gabon","2013","0.000","0.000","46.040","0.000","0.000"
"Gabon","2014","0.000","0.000","41.146","0.000","0.000"
"Gabon","2015","0.000","0.000","44.390","0.000","0.000"
"Gabon","2016","0.000","0.000","41.964","0.000","0.000"
"Gabon","2017","0.000","0.000","42.009","0.000","0.000"
"Gabon","2018","0.000","0.000","41.014","0.000","0.000"
"Gabon","2019","0.000","0.000","43.805","0.000","0.000"
"Gabon","2020","0.000","0.000","45.000","0.000","0.000"
"Gabon","2021","0.000","0.000","43.668","0.000","0.000"
"Gambia","2000","0.000","0.000","0.000","0.000","0.000"
"Gambia","2001","0.000","0.000","0.000","0.000","0.000"
"Gambia","2002","0.000","0.000","0.000","0.000","0.000"
"Gambia","2003","0.000","0.000","0.000","0.000","0.000"
"Gambia","2004","0.000","0.000","0.000","0.000","0.000"
"Gambia","2005","0.000","0.000","0.000","0.000","0.000"
"Gambia","2006","0.000","0.000","0.000","0.000","0.000"
"Gambia","2007","0.000","0.000","0.000","0.000","0.000"
"Gambia","2008","0.000","0.000","0.000","0.000","0.000"
"Gambia","2009","0.000","0.000","0.000","0.000","0.000"
"Gambia","2010","0.000","0.000","0.000","0.000","0.000"
"Gambia","2011","0.000","0.000","0.000","0.000","0.000"
"Gambia","2012","0.000","0.000","0.000","0.000","0.000"
"Gambia","2013","0.000","0.000","0.000","0.000","0.000"
"Gambia","2014","0.000","0.000","0.000","0.000","0.000"
"Gambia","2015","0.000","0.000","0.000","0.000","0.000"
"Gambia","2016","0.000","0.000","0.000","0.000","0.000"
"Gambia","2017","0.000","0.000","0.000","0.000","0.000"
"Gambia","2018","0.000","0.000","0.000","0.000","0.000"
"Gambia","2019","0.000","0.000","0.000","0.000","0.000"
"Gambia","2020","0.000","0.000","0.000","0.000","0.000"
"Gambia","2021","0.000","0.000","0.000","0.000","0.000"
"Georgia","2000","0.000","20.220","79.780","0.000","0.000"
"Georgia","2001","0.000","19.265","80.735","0.000","0.000"
"Georgia","2002","0.000","6.425","93.575","0.000","0.000"
"Georgia","2003","0.000","8.499","91.501","0.000","0.000"
"Georgia","2004","0.000","12.041","87.959","0.000","0.000"
"Georgia","2005","0.000","13.585","86.415","0.000","0.000"
"Georgia","2006","0.000","26.020","73.980","0.000","0.000"
"Georgia","2007","0.000","17.381","82.619","0.000","0.000"
"Georgia","2008","0.000","14.578","85.422","0.000","0.000"
"Georgia","2009","0.000","12.827","87.173","0.000","0.000"
"Georgia","2010","0.000","7.114","92.886","0.000","0.000"
"Georgia","2011","0.000","21.743","78.257","0.000","0.000"
"Georgia","2012","0.000","24.498","75.502","0.000","0.000"
"Georgia","2013","0.000","17.021","82.979","0.000","0.000"
"Georgia","2014","0.000","18.799","81.201","0.000","0.000"
"Georgia","2015","0.000","21.112","78.888","0.000","0.000"
"Georgia","2016","0.000","18.502","81.410","0.000","0.088"
"Georgia","2017","0.000","18.568","80.637","0.000","0.796"
"Georgia","2018","0.000","16.695","82.634","0.000","0.671"
"Georgia","2019","0.000","23.017","76.207","0.000","0.776"
"Georgia","2020","0.000","25.269","73.925","0.000","0.806"
"Georgia","2021","0.000","18.829","80.538","0.000","0.633"
"Georgia","2022","0.000","23.806","75.632","0.000","0.562"
"Germany","1986","60.225","5.694","3.547","","0.000"
"Germany","1987","57.937","6.190","3.821","","0.000"
"Germany","1988","56.486","6.031","3.654","","0.001"
"Germany","1989","55.924","6.890","3.259","","0.005"
"Germany","1990","56.699","7.399","3.188","0.000","0.013"
"Germany","1991","57.419","6.739","2.779","0.000","0.041"
"Germany","1992","55.404","6.163","3.261","0.000","0.054"
"Germany","1993","56.125","6.616","3.422","0.000","0.128"
"Germany","1994","55.271","7.664","3.795","0.002","0.272"
"Germany","1995","54.267","8.104","4.088","0.002","0.321"
"Germany","1996","53.749","8.720","3.988","0.002","0.378"
"Germany","1997","51.886","9.075","3.168","0.004","0.553"
"Germany","1998","52.909","9.745","3.117","0.007","0.831"
"Germany","1999","50.905","9.965","3.556","0.005","1.001"
"Germany","2000","51.840","9.172","3.797","0.010","1.634"
"Germany","2001","50.480","10.041","3.906","0.021","1.798"
"Germany","2002","51.481","9.367","3.973","0.033","2.725"
"Germany","2003","50.558","10.693","3.040","0.051","3.168"
"Germany","2004","48.956","10.580","3.400","0.092","4.264"
"Germany","2005","46.973","12.124","3.202","0.209","4.527"
"Germany","2006","45.876","12.254","3.180","0.352","4.973"
"Germany","2007","46.986","12.655","3.348","0.487","6.407"
"Germany","2008","43.463","14.324","3.228","0.698","6.535"
"Germany","2009","43.035","14.017","3.231","1.117","6.693"
"Germany","2010","42.087","14.516","3.354","1.878","6.172"
"Germany","2011","43.370","14.472","2.920","3.239","8.239"
"Germany","2012","44.525","12.573","3.506","4.252","8.330"
"Germany","2013","45.663","10.940","3.644","4.913","8.356"
"Germany","2014","44.263","10.098","3.160","5.817","9.436"
"Germany","2015","42.493","9.893","2.963","6.046","12.586"
"Germany","2016","40.710","12.850","3.196","5.926","12.430"
"Germany","2017","37.346","13.624","3.119","6.099","16.360"
"Germany","2018","36.060","13.211","2.796","6.869","17.377"
"Germany","2019","28.599","15.166","3.291","7.403","21.000"
"Germany","2020","23.728","16.990","3.300","8.726","23.287"
"Germany","2021","28.296","16.379","3.382","8.487","19.721"
"Germany","2022","31.085","16.540","2.997","10.129","21.656"
"Ghana","2000","0.000","4.067","91.725","0.000","0.000"
"Ghana","2001","0.000","7.633","84.605","0.000","0.000"
"Ghana","2002","0.000","14.768","70.183","0.000","0.000"
"Ghana","2003","0.000","16.230","67.190","0.000","0.000"
"Ghana","2004","0.000","5.442","88.946","0.000","0.000"
"Ghana","2005","0.000","8.234","83.383","0.000","0.000"
"Ghana","2006","0.000","16.058","67.640","0.000","0.000"
"Ghana","2007","0.000","18.316","54.505","0.000","0.000"
"Ghana","2008","0.000","10.442","75.307","0.000","0.000"
"Ghana","2009","0.000","10.820","77.563","0.000","0.000"
"Ghana","2010","0.000","15.811","69.789","0.000","0.000"
"Ghana","2011","0.000","19.030","68.527","0.000","0.000"
"Ghana","2012","0.000","19.027","68.174","0.000","0.000"
"Ghana","2013","0.000","22.107","65.044","0.000","0.000"
"Ghana","2014","0.000","23.832","65.717","0.000","0.000"
"Ghana","2015","0.000","33.572","51.835","0.000","0.000"
"Ghana","2016","0.000","36.930","48.333","0.263","0.000"
"Ghana","2017","0.000","41.121","43.769","0.234","0.000"
"Ghana","2018","0.000","41.336","41.893","0.209","0.000"
"Ghana","2019","0.000","41.702","43.439","0.300","0.000"
"Ghana","2020","0.000","47.129","36.089","0.297","0.000"
"Ghana","2021","0.000","49.164","34.448","0.287","0.000"
"Greece","1990","72.369","0.259","5.089","0.000","0.000"
"Greece","1991","66.312","0.252","8.674","0.000","0.000"
"Greece","1992","71.494","0.215","5.911","0.000","0.027"
"Greece","1993","72.882","0.210","5.980","0.000","0.131"
"Greece","1994","73.236","0.198","6.437","0.000","0.099"
"Greece","1995","69.492","0.194","8.547","0.000","0.073"
"Greece","1996","69.071","0.189","10.255","0.000","0.094"
"Greece","1997","70.755","0.762","8.963","0.000","0.092"
"Greece","1998","70.253","3.702","8.054","0.000","0.152"
"Greece","1999","65.560","7.917","9.293","0.000","0.324"
"Greece","2000","64.227","11.082","6.908","0.000","0.842"
"Greece","2001","66.748","11.549","3.956","0.000","1.432"
"Greece","2002","64.078","13.086","5.190","0.000","1.205"
"Greece","2003","60.743","13.851","8.238","0.000","1.762"
"Greece","2004","60.170","15.289","7.942","0.000","1.905"
"Greece","2005","59.801","13.747","8.447","0.000","2.137"
"Greece","2006","53.615","17.633","9.739","0.000","2.825"
"Greece","2007","55.302","22.580","4.130","0.000","2.902"
"Greece","2008","53.020","21.933","5.261","0.016","3.560"
"Greece","2009","55.985","18.045","8.760","0.082","4.159"
"Greece","2010","53.677","17.166","13.018","0.279","4.723"
"Greece","2011","52.492","23.771","6.775","1.031","5.609"
"Greece","2012","51.210","22.189","7.226","2.782","6.337"
"Greece","2013","46.218","19.048","11.117","6.390","7.248"
"Greece","2014","51.142","13.486","8.898","7.527","7.329"
"Greece","2015","42.659","17.538","11.769","7.525","8.914"
"Greece","2016","34.700","27.513","10.182","7.223","9.465"
"Greece","2017","33.998","31.044","7.177","7.231","10.040"
"Greece","2018","32.282","26.460","10.779","7.117","11.831"
"Greece","2019","24.949","29.848","8.234","9.119","14.965"
"Greece","2020","13.725","39.929","6.935","9.240","19.331"
"Greece","2021","9.735","41.153","10.796","9.607","19.177"
"Greece","2022","10.412","37.300","9.020","12.624","20.709"
"Greenland","2000","0.000","0.000","40.476","0.000","0.000"
"Greenland","2001","0.000","0.000","41.026","0.000","0.000"
"Greenland","2002","0.000","0.000","47.368","0.000","0.000"
"Greenland","2003","0.000","0.000","54.545","0.000","0.000"
"Greenland","2004","0.000","0.000","57.576","0.000","0.000"
"Greenland","2005","0.000","0.000","57.143","0.000","0.000"
"Greenland","2006","0.000","0.000","51.282","0.000","0.000"
"Greenland","2007","0.000","0.000","52.632","0.000","0.000"
"Greenland","2008","0.000","0.000","50.000","0.000","0.000"
"Greenland","2009","0.000","0.000","61.905","0.000","0.000"
"Greenland","2010","0.000","0.000","70.732","0.000","0.000"
"Greenland","2011","0.000","0.000","73.913","0.000","0.000"
"Greenland","2012","0.000","0.000","77.273","0.000","0.000"
"Greenland","2013","0.000","0.000","82.222","0.000","0.000"
"Greenland","2014","0.000","0.000","82.979","0.000","0.000"
"Greenland","2015","0.000","0.000","82.353","0.000","0.000"
"Greenland","2016","0.000","0.000","83.333","0.000","0.000"
"Greenland","2017","0.000","0.000","82.609","0.000","0.000"
"Greenland","2018","0.000","0.000","80.392","0.000","0.000"
"Greenland","2019","0.000","0.000","80.000","0.000","0.000"
"Greenland","2020","0.000","0.000","84.746","0.000","0.000"
"Greenland","2021","0.000","0.000","83.333","0.000","0.000"
"Grenada","2000","0.000","0.000","0.000","0.000","0.000"
"Grenada","2001","0.000","0.000","0.000","0.000","0.000"
"Grenada","2002","0.000","0.000","0.000","0.000","0.000"
"Grenada","2003","0.000","0.000","0.000","0.000","0.000"
"Grenada","2004","0.000","0.000","0.000","0.000","0.000"
"Grenada","2005","0.000","0.000","0.000","0.000","0.000"
"Grenada","2006","0.000","0.000","0.000","0.000","0.000"
"Grenada","2007","0.000","0.000","0.000","0.000","0.000"
"Grenada","2008","0.000","0.000","0.000","0.000","0.000"
"Grenada","2009","0.000","0.000","0.000","0.000","0.000"
"Grenada","2010","0.000","0.000","0.000","0.000","0.000"
"Grenada","2011","0.000","0.000","0.000","0.000","0.000"
"Grenada","2012","0.000","0.000","0.000","0.000","0.000"
"Grenada","2013","0.000","0.000","0.000","0.000","0.000"
"Grenada","2014","0.000","0.000","0.000","0.000","0.000"
"Grenada","2015","0.000","0.000","0.000","0.000","0.000"
"Grenada","2016","0.000","0.000","0.000","0.000","0.000"
"Grenada","2017","0.000","0.000","0.000","0.000","0.000"
"Grenada","2018","0.000","0.000","0.000","0.000","0.000"
"Grenada","2019","0.000","0.000","0.000","0.000","0.000"
"Grenada","2020","0.000","0.000","0.000","0.000","0.000"
"Grenada","2021","0.000","0.000","0.000","0.000","0.000"
"Guadeloupe","2000","65.354","0.000","0.000","0.000","1.575"
"Guadeloupe","2001","65.079","0.000","0.000","0.000","1.587"
"Guadeloupe","2002","64.754","0.000","0.000","0.000","2.459"
"Guadeloupe","2003","60.305","0.000","0.000","0.000","3.817"
"Guadeloupe","2004","61.538","0.000","0.000","0.000","3.205"
"Guadeloupe","2005","61.783","0.000","0.000","0.000","3.185"
"Guadeloupe","2006","61.585","0.000","0.000","0.000","3.049"
"Guadeloupe","2007","61.988","0.000","0.000","0.000","2.924"
"Guadeloupe","2008","62.130","0.000","0.000","0.000","2.959"
"Guadeloupe","2009","61.905","0.000","0.000","0.000","2.976"
"Guadeloupe","2010","61.310","0.000","0.000","1.190","2.381"
"Guadeloupe","2011","68.824","0.000","0.000","1.765","2.941"
"Guam","2000","0.000","0.000","0.000","0.000","0.000"
"Guam","2001","0.000","0.000","0.000","0.000","0.000"
"Guam","2002","0.000","0.000","0.000","0.000","0.000"
"Guam","2003","0.000","0.000","0.000","0.000","0.000"
"Guam","2004","0.000","0.000","0.000","0.000","0.000"
"Guam","2005","0.000","0.000","0.000","0.000","0.000"
"Guam","2006","0.000","0.000","0.000","0.000","0.000"
"Guam","2007","0.000","0.000","0.000","0.000","0.000"
"Guam","2008","0.000","0.000","0.000","0.000","0.000"
"Guam","2009","0.000","0.000","0.000","0.000","0.000"
"Guam","2010","0.000","0.000","0.000","0.000","0.000"
"Guam","2011","0.000","0.000","0.000","0.000","0.000"
"Guam","2012","0.000","0.000","0.000","0.000","0.000"
"Guam","2013","0.000","0.000","0.000","0.000","0.000"
"Guam","2014","0.000","0.000","0.000","0.000","0.000"
"Guam","2015","0.000","0.000","0.000","1.818","0.000"
"Guam","2016","0.000","0.000","0.000","4.046","0.000"
"Guam","2017","0.000","0.000","0.000","3.409","0.000"
"Guam","2018","0.000","0.000","0.000","4.046","0.000"
"Guam","2019","0.000","0.000","0.000","3.955","0.000"
"Guam","2020","0.000","0.000","0.000","4.118","0.000"
"Guam","2021","0.000","0.000","0.000","4.396","0.000"
"Guatemala","2000","6.965","0.000","41.459","0.000","0.000"
"Guatemala","2001","7.376","0.000","37.393","0.000","0.000"
"Guatemala","2002","8.143","0.000","31.433","0.000","0.000"
"Guatemala","2003","7.059","0.000","34.641","0.000","0.000"
"Guatemala","2004","6.231","0.000","37.685","0.000","0.000"
"Guatemala","2005","6.506","0.000","35.060","0.000","0.000"
"Guatemala","2006","6.393","0.000","39.445","0.000","0.000"
"Guatemala","2007","6.652","0.000","33.259","0.000","0.000"
"Guatemala","2008","5.213","0.000","43.128","0.000","0.000"
"Guatemala","2009","5.738","0.000","34.075","0.000","0.000"
"Guatemala","2010","4.506","0.000","47.685","0.000","0.000"
"Guatemala","2011","6.159","0.000","49.879","0.000","0.000"
"Guatemala","2012","7.725","0.000","47.854","0.000","0.000"
"Guatemala","2013","8.540","0.000","46.177","0.000","0.000"
"Guatemala","2014","12.161","0.000","45.276","0.094","0.000"
"Guatemala","2015","18.810","0.000","33.858","1.400","0.962"
"Guatemala","2016","22.259","0.000","33.140","1.578","1.827"
"Guatemala","2017","18.927","0.000","45.820","1.577","1.735"
"Guatemala","2018","21.884","0.000","37.606","1.416","2.266"
"Guatemala","2019","24.258","0.000","32.368","1.665","2.390"
"Guatemala","2020","19.970","0.000","43.070","1.639","2.310"
"Guatemala","2021","20.983","0.000","40.997","1.593","2.216"
"Guinea","2000","0.000","0.000","54.667","0.000","0.000"
"Guinea","2001","0.000","0.000","58.511","0.000","0.000"
"Guinea","2002","0.000","0.000","59.596","0.000","0.000"
"Guinea","2003","0.000","0.000","45.977","0.000","0.000"
"Guinea","2004","0.000","0.000","58.511","0.000","0.000"
"Guinea","2005","0.000","0.000","55.682","0.000","0.000"
"Guinea","2006","0.000","0.000","54.118","0.000","0.000"
"Guinea","2007","0.000","0.000","56.383","0.000","0.000"
"Guinea","2008","0.000","0.000","54.167","0.000","0.000"
"Guinea","2009","0.000","0.000","54.167","0.000","0.000"
"Guinea","2010","0.000","0.000","52.174","0.000","0.000"
"Guinea","2011","0.000","0.000","48.235","0.000","0.000"
"Guinea","2012","0.000","0.000","69.014","0.000","0.000"
"Guinea","2013","0.000","0.000","75.000","0.000","0.000"
"Guinea","2014","0.000","0.000","60.870","0.000","0.000"
"Guinea","2015","0.000","0.000","77.193","1.754","0.000"
"Guinea","2016","0.000","0.000","67.081","1.242","0.000"
"Guinea","2017","0.000","0.000","68.362","1.130","0.000"
"Guinea","2018","0.000","0.000","49.664","1.342","0.000"
"Guinea","2019","0.000","0.000","62.621","0.971","0.000"
"Guinea","2020","0.000","0.000","77.188","0.625","0.000"
"Guinea","2021","0.000","0.000","71.942","0.719","0.000"
"Guinea-Bissau","2000","0.000","0.000","0.000","0.000","0.000"
"Guinea-Bissau","2001","0.000","0.000","0.000","0.000","0.000"
"Guinea-Bissau","2002","0.000","0.000","0.000","0.000","0.000"
"Guinea-Bissau","2003","0.000","0.000","0.000","0.000","0.000"
"Guinea-Bissau","2004","0.000","0.000","0.000","0.000","0.000"
"Guinea-Bissau","2005","0.000","0.000","0.000","0.000","0.000"
"Guinea-Bissau","2006","0.000","0.000","0.000","0.000","0.000"
"Guinea-Bissau","2007","0.000","0.000","0.000","0.000","0.000"
"Guinea-Bissau","2008","0.000","0.000","0.000","0.000","0.000"
"Guinea-Bissau","2009","0.000","0.000","0.000","0.000","0.000"
"Guinea-Bissau","2010","0.000","0.000","0.000","0.000","0.000"
"Guinea-Bissau","2011","0.000","0.000","0.000","0.000","0.000"
"Guinea-Bissau","2012","0.000","0.000","0.000","0.000","0.000"
"Guinea-Bissau","2013","0.000","0.000","0.000","0.000","0.000"
"Guinea-Bissau","2014","0.000","0.000","0.000","0.000","0.000"
"Guinea-Bissau","2015","0.000","0.000","0.000","0.000","0.000"
"Guinea-Bissau","2016","0.000","0.000","0.000","0.000","0.000"
"Guinea-Bissau","2017","0.000","0.000","0.000","0.000","0.000"
"Guinea-Bissau","2018","0.000","0.000","0.000","0.000","0.000"
"Guinea-Bissau","2019","0.000","0.000","0.000","0.000","0.000"
"Guinea-Bissau","2020","0.000","0.000","0.000","0.000","0.000"
"Guinea-Bissau","2021","0.000","0.000","0.000","0.000","0.000"
"Guyana","2000","0.000","0.000","0.000","0.000","0.000"
"Guyana","2001","0.000","0.000","0.000","0.000","0.000"
"Guyana","2002","0.000","0.000","0.000","0.000","0.000"
"Guyana","2003","0.000","0.000","0.000","0.000","0.000"
"Guyana","2004","0.000","0.000","0.000","0.000","0.000"
"Guyana","2005","0.000","0.000","0.000","0.000","0.000"
"Guyana","2006","0.000","0.000","0.000","0.000","0.000"
"Guyana","2007","0.000","0.000","0.000","0.000","0.000"
"Guyana","2008","0.000","0.000","0.000","0.000","0.000"
"Guyana","2009","0.000","0.000","0.000","0.000","0.000"
"Guyana","2010","0.000","0.000","0.000","0.000","0.000"
"Guyana","2011","0.000","0.000","0.000","0.000","0.000"
"Guyana","2012","0.000","0.000","0.000","0.000","0.000"
"Guyana","2013","0.000","0.000","0.000","0.000","0.000"
"Guyana","2014","0.000","0.000","0.000","0.000","0.000"
"Guyana","2015","0.000","0.000","0.000","0.000","0.000"
"Guyana","2016","0.000","0.000","0.000","0.000","0.000"
"Guyana","2017","0.000","0.000","0.000","0.000","0.000"
"Guyana","2018","0.000","0.000","0.000","0.862","0.000"
"Guyana","2019","0.000","0.000","0.000","0.820","0.000"
"Guyana","2020","0.000","0.000","0.000","0.862","0.000"
"Guyana","2021","0.000","0.000","0.000","0.813","0.000"
"Haiti","2000","0.000","0.000","52.830","0.000","0.000"
"Haiti","2001","0.000","0.000","49.123","0.000","0.000"
"Haiti","2002","0.000","0.000","49.057","0.000","0.000"
"Haiti","2003","0.000","0.000","49.020","0.000","0.000"
"Haiti","2004","0.000","0.000","49.057","0.000","0.000"
"Haiti","2005","0.000","0.000","49.057","0.000","0.000"
"Haiti","2006","0.000","0.000","49.091","0.000","0.000"
"Haiti","2007","0.000","0.000","33.333","0.000","0.000"
"Haiti","2008","0.000","0.000","38.298","0.000","0.000"
"Haiti","2009","0.000","0.000","29.412","0.000","0.000"
"Haiti","2010","0.000","0.000","30.357","0.000","0.000"
"Haiti","2011","0.000","0.000","18.462","0.000","0.000"
"Haiti","2012","0.000","0.000","20.952","0.000","0.000"
"Haiti","2013","0.000","0.000","14.000","0.000","0.000"
"Haiti","2014","0.000","0.000","9.184","0.000","0.000"
"Haiti","2015","0.000","0.000","8.163","0.000","0.000"
"Haiti","2016","0.000","0.000","6.863","0.000","0.000"
"Haiti","2017","0.000","0.000","13.000","0.000","0.000"
"Haiti","2018","0.000","0.000","20.000","0.000","0.000"
"Haiti","2019","0.000","0.000","16.667","0.000","0.000"
"Haiti","2020","0.000","0.000","11.957","0.000","0.000"
"Haiti","2021","0.000","0.000","13.131","0.000","0.000"
"Honduras","2000","0.000","0.000","63.277","0.000","0.000"
"Honduras","2001","0.000","0.000","50.133","0.000","0.000"
"Honduras","2002","0.000","0.000","40.712","0.000","0.000"
"Honduras","2003","0.000","0.000","39.540","0.000","0.000"
"Honduras","2004","0.000","0.000","29.828","0.000","0.000"
"Honduras","2005","0.000","0.000","31.481","0.000","0.000"
"Honduras","2006","0.000","0.000","35.714","0.000","0.000"
"Honduras","2007","0.000","0.000","36.198","0.000","0.000"
"Honduras","2008","0.000","0.000","36.146","0.000","0.000"
"Honduras","2009","0.000","0.000","43.417","0.000","0.000"
"Honduras","2010","0.000","0.000","46.779","0.000","0.000"
"Honduras","2011","0.000","0.000","39.857","0.000","1.714"
"Honduras","2012","0.000","0.000","36.849","0.134","4.539"
"Honduras","2013","0.000","0.000","35.104","0.130","4.016"
"Honduras","2014","0.000","0.000","30.824","0.119","4.779"
"Honduras","2015","4.047","0.000","24.707","4.579","7.135"
"Honduras","2016","3.452","0.000","24.372","9.310","6.067"
"Honduras","2017","2.917","0.000","30.937","9.688","6.042"
"Honduras","2018","3.633","0.000","31.786","10.091","9.384"
"Honduras","2019","4.496","0.000","21.853","10.072","7.374"
"Honduras","2020","4.509","0.000","23.873","9.284","6.278"
"Honduras","2021","4.511","0.000","22.556","10.693","6.683"
"Hong Kong","1990","","","0.000","0.000","0.000"
"Hong Kong","1991","","","0.000","0.000","0.000"
"Hong Kong","1992","","","0.000","0.000","0.000"
"Hong Kong","1993","","","0.000","0.000","0.000"
"Hong Kong","1994","","","0.000","0.000","0.000"
"Hong Kong","1995","","","0.000","0.000","0.000"
"Hong Kong","1996","","","0.000","0.000","0.000"
"Hong Kong","1997","","","0.000","0.000","0.000"
"Hong Kong","1998","","","0.000","0.000","0.000"
"Hong Kong","1999","","","0.000","0.000","0.000"
"Hong Kong","2000","68.251","3.226","0.000","0.000","0.000"
"Hong Kong","2001","68.230","3.246","0.000","0.000","0.000"
"Hong Kong","2002","67.979","6.975","0.000","0.000","0.000"
"Hong Kong","2003","57.776","20.258","0.000","0.000","0.000"
"Hong Kong","2004","69.885","24.499","0.000","0.000","0.000"
"Hong Kong","2005","55.546","22.324","0.000","0.000","0.000"
"Hong Kong","2006","51.832","25.820","0.000","0.000","0.000"
"Hong Kong","2007","50.546","25.191","0.000","0.000","0.000"
"Hong Kong","2008","50.630","25.231","0.000","0.000","0.000"
"Hong Kong","2009","50.549","25.192","0.000","0.000","0.000"
"Hong Kong","2010","50.624","25.229","0.000","0.000","0.000"
"Hong Kong","2011","50.613","25.238","0.000","0.000","0.000"
"Hong Kong","2012","50.617","25.226","0.000","0.000","0.000"
"Hong Kong","2013","50.612","25.224","0.000","0.000","0.000"
"Hong Kong","2014","50.614","25.227","0.000","0.000","0.000"
"Hong Kong","2015","50.616","25.224","0.000","0.000","0.000"
"Hong Kong","2016","59.456","29.631","0.000","0.000","0.000"
"Hong Kong","2017","58.795","29.297","0.000","0.029","0.000"
"Hong Kong","2018","57.641","29.866","0.000","0.029","0.000"
"Hong Kong","2019","56.921","30.676","0.000","0.058","0.000"
"Hong Kong","2020","55.582","38.443","0.000","0.060","0.000"
"Hong Kong","2021","54.355","37.560","0.000","0.057","0.000"
"Hong Kong","2022","","","0.000","0.144","0.003"
"Hungary","1990","30.063","15.717","0.633","0.000","0.000"
"Hungary","1991","26.836","16.789","0.634","0.000","0.000"
"Hungary","1992","28.756","13.258","0.505","0.000","0.000"
"Hungary","1993","27.408","12.397","0.517","0.000","0.000"
"Hungary","1994","26.044","14.409","0.477","0.000","0.000"
"Hungary","1995","26.690","15.315","0.470","0.000","0.000"
"Hungary","1996","27.387","18.153","0.598","0.000","0.000"
"Hungary","1997","26.525","16.215","0.621","0.000","0.000"
"Hungary","1998","25.699","19.677","0.430","0.000","0.000"
"Hungary","1999","26.910","20.671","0.476","0.000","0.000"
"Hungary","2000","27.252","18.755","0.512","0.000","0.000"
"Hungary","2001","24.272","24.327","0.522","0.000","0.000"
"Hungary","2002","24.841","29.710","0.526","0.000","0.000"
"Hungary","2003","26.868","34.808","0.498","0.000","0.000"
"Hungary","2004","24.266","34.767","0.593","0.000","0.030"
"Hungary","2005","19.636","34.629","0.559","0.000","0.028"
"Hungary","2006","19.526","36.709","0.530","0.000","0.112"
"Hungary","2007","18.443","38.113","0.526","0.000","0.275"
"Hungary","2008","17.691","37.931","0.525","0.000","0.500"
"Hungary","2009","17.655","29.017","0.640","0.000","0.919"
"Hungary","2010","16.671","31.041","0.508","0.000","1.418"
"Hungary","2011","17.990","29.817","0.611","0.000","1.749"
"Hungary","2012","18.313","27.152","0.607","0.029","2.224"
"Hungary","2013","20.826","18.314","0.694","0.066","2.380"
"Hungary","2014","20.409","14.446","1.022","0.239","2.249"
"Hungary","2015","19.115","16.870","0.759","0.462","2.278"
"Hungary","2016","17.699","20.371","0.817","0.754","2.138"
"Hungary","2017","15.017","23.972","0.670","1.066","2.315"
"Hungary","2018","14.626","22.800","0.689","1.973","1.910"
"Hungary","2019","11.787","25.446","0.643","4.387","2.135"
"Hungary","2020","10.667","26.136","0.690","7.073","1.869"
"Hungary","2021","8.370","26.835","0.584","10.567","1.835"
"Hungary","2022","8.164","24.944","0.535","12.584","1.717"
"Iceland","1990","0.000","0.000","93.126","0.000","0.000"
"Iceland","1991","0.000","0.000","93.541","0.000","0.000"
"Iceland","1992","0.000","0.000","94.725","0.000","0.000"
"Iceland","1993","0.000","0.000","94.503","0.000","0.000"
"Iceland","1994","0.000","0.000","94.549","0.000","0.000"
"Iceland","1995","0.000","0.000","93.976","0.000","0.000"
"Iceland","1996","0.000","0.000","93.164","0.000","0.000"
"Iceland","1997","0.000","0.000","93.202","0.000","0.000"
"Iceland","1998","0.000","0.000","89.633","0.000","0.000"
"Iceland","1999","0.000","0.000","84.145","0.000","0.000"
"Iceland","2000","0.000","0.000","82.654","0.000","0.000"
"Iceland","2001","0.000","0.000","81.784","0.000","0.000"
"Iceland","2002","0.000","0.000","82.754","0.000","0.000"
"Iceland","2003","0.000","0.000","83.175","0.000","0.000"
"Iceland","2004","0.000","0.000","82.573","0.000","0.000"
"Iceland","2005","0.000","0.000","80.626","0.000","0.000"
"Iceland","2006","0.000","0.000","73.225","0.000","0.000"
"Iceland","2007","0.000","0.000","69.891","0.000","0.000"
"Iceland","2008","0.000","0.000","75.275","0.000","0.000"
"Iceland","2009","0.000","0.000","72.771","0.000","0.000"
"Iceland","2010","0.000","0.000","74.731","0.000","0.000"
"Iceland","2011","0.000","0.000","73.472","0.000","0.000"
"Iceland","2012","0.000","0.000","70.619","0.000","0.000"
"Iceland","2013","0.000","0.000","70.873","0.000","0.000"
"Iceland","2014","0.000","0.000","70.506","0.000","0.056"
"Iceland","2015","0.000","0.000","72.992","0.000","0.054"
"Iceland","2016","0.000","0.000","72.042","0.000","0.055"
"Iceland","2017","0.000","0.000","73.726","0.000","0.053"
"Iceland","2018","0.000","0.000","70.407","0.000","0.000"
"Iceland","2019","0.000","0.000","69.718","0.000","0.052"
"Iceland","2020","0.000","0.000","68.797","0.000","0.053"
"Iceland","2021","0.000","0.000","70.457","0.000","0.052"
"Iceland","2022","","","70.496","0.000","0.029"
"India","1985","62.257","1.158","27.799","0.000","0.000"
"India","1986","64.093","1.817","25.937","0.000","0.000"
"India","1987","68.315","1.893","21.891","0.000","0.000"
"India","1988","68.244","1.494","22.633","0.000","0.000"
"India","1989","67.894","2.670","23.260","0.000","0.000"
"India","1990","66.594","3.460","23.074","0.000","0.011"
"India","1991","66.816","4.167","23.067","0.000","0.035"
"India","1992","68.044","4.822","20.780","0.000","0.026"
"India","1993","69.796","4.936","19.530","0.000","0.026"
"India","1994","68.204","5.640","20.675","0.000","0.049"
"India","1995","69.365","6.891","17.774","0.000","0.116"
"India","1996","70.449","7.226","15.581","0.001","0.198"
"India","1997","69.450","8.564","14.965","0.001","0.211"
"India","1998","66.620","9.934","16.558","0.001","0.214"
"India","1999","66.763","10.781","15.027","0.001","0.264"
"India","2000","68.295","9.794","13.474","0.002","0.277"
"India","2001","69.663","9.543","12.288","0.002","0.357"
"India","2002","69.992","10.314","11.243","0.002","0.343"
"India","2003","69.182","11.408","10.860","0.003","0.407"
"India","2004","66.303","10.966","14.412","0.003","0.749"
"India","2005","67.916","10.712","13.828","0.003","0.850"
"India","2006","67.899","10.035","15.128","0.001","1.255"
"India","2007","66.972","11.309","15.398","0.008","1.467"
"India","2008","69.183","10.367","13.903","0.007","1.736"
"India","2009","69.467","11.864","12.088","0.009","1.849"
"India","2010","68.586","12.590","11.599","0.012","2.076"
"India","2011","67.819","11.369","12.737","0.080","2.316"
"India","2012","72.092","8.815","10.604","0.192","2.512"
"India","2013","73.985","5.786","11.515","0.299","2.618"
"India","2014","75.271","5.072","11.014","0.389","2.651"
"India","2015","76.141","4.900","10.082","0.497","2.477"
"India","2016","76.597","5.181","9.159","0.825","3.100"
"India","2017","75.807","5.097","9.232","1.464","3.577"
"India","2018","75.926","4.513","8.851","2.301","3.820"
"India","2019","73.910","4.436","9.993","2.853","3.903"
"India","2020","72.040","4.765","10.476","3.755","3.867"
"India","2021","74.173","3.745","9.356","3.986","3.973"
"India","2022","74.164","2.712","9.500","5.178","3.811"
"Indonesia","1985","31.840","11.086","16.901","0.000","0.000"
"Indonesia","1986","29.047","10.114","24.191","0.000","0.000"
"Indonesia","1987","29.841","10.390","22.118","0.000","0.000"
"Indonesia","1988","30.541","10.634","20.291","0.000","0.000"
"Indonesia","1989","29.869","10.400","22.045","0.000","0.000"
"Indonesia","1990","29.498","10.270","19.606","0.000","0.000"
"Indonesia","1991","28.991","11.416","19.445","0.000","0.000"
"Indonesia","1992","28.204","8.066","23.943","0.000","0.000"
"Indonesia","1993","26.900","10.873","22.391","0.000","0.000"
"Indonesia","1994","27.881","26.854","17.381","0.000","0.000"
"Indonesia","1995","26.546","38.186","15.323","0.000","0.000"
"Indonesia","1996","28.319","37.127","14.990","0.000","0.000"
"Indonesia","1997","28.961","41.894","8.298","0.000","0.000"
"Indonesia","1998","29.255","40.517","13.513","0.000","0.000"
"Indonesia","1999","31.362","39.892","12.361","0.000","0.000"
"Indonesia","2000","34.683","32.572","10.221","0.000","0.000"
"Indonesia","2001","35.525","31.173","10.975","0.000","0.000"
"Indonesia","2002","37.981","29.010","8.785","0.000","0.000"
"Indonesia","2003","39.577","28.742","7.752","0.000","0.000"
"Indonesia","2004","38.639","29.679","7.750","0.000","0.000"
"Indonesia","2005","39.005","30.923","8.075","0.000","0.000"
"Indonesia","2006","42.521","29.265","6.972","0.000","0.000"
"Indonesia","2007","43.062","28.344","7.608","0.000","0.000"
"Indonesia","2008","39.444","30.297","7.396","0.000","0.000"
"Indonesia","2009","40.475","30.877","6.988","0.000","0.000"
"Indonesia","2010","38.578","31.204","9.836","0.000","0.000"
"Indonesia","2011","42.263","29.947","6.473","0.000","0.000"
"Indonesia","2012","48.899","25.883","6.126","0.000","0.000"
"Indonesia","2013","49.409","25.782","7.515","0.004","0.000"
"Indonesia","2014","50.324","25.488","6.383","0.004","0.000"
"Indonesia","2015","51.243","22.255","5.648","0.004","0.000"
"Indonesia","2016","52.565","23.991","7.253","0.008","0.004"
"Indonesia","2017","55.664","21.004","7.009","0.011","0.000"
"Indonesia","2018","56.383","20.244","7.625","0.032","0.067"
"Indonesia","2019","59.063","21.095","7.162","0.041","0.162"
"Indonesia","2020","61.980","17.572","8.337","0.058","0.161"
"Indonesia","2021","61.404","18.273","7.984","0.061","0.142"
"Indonesia","2022","61.555","17.002","8.185","0.132","0.108"
"Iran","1990","0.113","52.592","12.802","0.000","0.000"
"Iran","1991","0.150","55.723","8.926","0.000","0.000"
"Iran","1992","0.124","55.315","13.701","0.000","0.000"
"Iran","1993","0.129","53.937","14.103","0.000","0.000"
"Iran","1994","0.117","58.328","8.513","0.000","0.000"
"Iran","1995","0.108","55.244","9.867","0.000","0.000"
"Iran","1996","0.103","54.707","9.822","0.000","0.000"
"Iran","1997","0.099","60.724","6.126","0.000","0.000"
"Iran","1998","0.109","70.084","7.314","0.000","0.000"
"Iran","1999","0.379","70.081","4.672","0.000","0.032"
"Iran","2000","0.402","68.337","3.167","0.000","0.034"
"Iran","2001","0.368","70.147","3.229","0.000","0.024"
"Iran","2002","0.376","70.925","5.795","0.000","0.022"
"Iran","2003","0.310","72.437","6.324","0.000","0.020"
"Iran","2004","0.295","70.417","7.330","0.000","0.031"
"Iran","2005","0.322","70.356","8.161","0.000","0.040"
"Iran","2006","0.290","64.685","9.569","0.000","0.067"
"Iran","2007","0.281","68.309","8.842","0.000","0.069"
"Iran","2008","0.185","64.165","3.535","0.000","0.095"
"Iran","2009","0.171","67.359","3.030","0.000","0.104"
"Iran","2010","0.149","73.765","4.349","0.000","0.072"
"Iran","2011","0.183","60.414","4.533","0.000","0.089"
"Iran","2012","0.161","62.858","5.025","0.000","0.113"
"Iran","2013","0.178","53.191","5.648","0.000","0.085"
"Iran","2014","0.192","69.659","5.261","0.000","0.073"
"Iran","2015","0.164","73.726","4.728","0.000","0.050"
"Iran","2016","0.171","78.744","5.389","0.000","0.056"
"Iran","2017","0.206","82.741","5.646","0.029","0.105"
"Iran","2018","0.202","85.254","3.150","0.070","0.240"
"Iran","2019","0.201","76.675","10.621","0.160","0.226"
"Iran","2020","0.196","79.542","6.880","0.190","0.335"
"Iran","2021","0.184","80.564","4.158","0.187","0.316"
"Iran","2022","0.178","79.270","4.477","0.181","0.305"
"Iraq","1990","","","16.390","0.000","0.000"
"Iraq","1991","","","16.058","0.000","0.000"
"Iraq","1992","","","23.818","0.000","0.000"
"Iraq","1993","","","22.746","0.000","0.000"
"Iraq","1994","","","23.432","0.000","0.000"
"Iraq","1995","","","26.869","0.000","0.000"
"Iraq","1996","","","24.977","0.000","0.000"
"Iraq","1997","","","24.756","0.000","0.000"
"Iraq","1998","","","23.174","0.000","0.000"
"Iraq","1999","","","14.397","0.000","0.000"
"Iraq","2000","0.000","36.109","2.032","0.000","0.000"
"Iraq","2001","0.000","36.112","2.010","0.000","0.000"
"Iraq","2002","0.000","40.063","1.601","0.000","0.000"
"Iraq","2003","0.000","40.060","1.613","0.000","0.000"
"Iraq","2004","0.000","40.059","1.613","0.000","0.000"
"Iraq","2005","0.000","34.176","20.568","0.000","0.000"
"Iraq","2006","0.000","36.282","18.810","0.000","0.000"
"Iraq","2007","0.000","36.632","18.015","0.000","0.000"
"Iraq","2008","0.000","40.259","9.914","0.000","0.000"
"Iraq","2009","0.000","41.376","7.415","0.000","0.000"
"Iraq","2010","0.000","41.528","10.214","0.000","0.000"
"Iraq","2011","0.000","44.945","6.609","0.000","0.000"
"Iraq","2012","0.000","52.484","10.005","0.000","0.000"
"Iraq","2013","0.000","64.010","8.531","0.091","0.000"
"Iraq","2014","0.000","68.013","4.538","0.094","0.000"
"Iraq","2015","0.000","70.625","3.892","0.093","0.000"
"Iraq","2016","0.000","73.854","4.426","0.080","0.000"
"Iraq","2017","0.000","77.103","2.613","0.073","0.000"
"Iraq","2018","0.000","77.488","2.166","0.457","0.000"
"Iraq","2019","0.000","74.896","5.561","0.426","0.000"
"Iraq","2020","0.000","77.482","5.362","0.414","0.000"
"Iraq","2021","0.000","78.367","5.038","0.391","0.000"
"Iraq","2022","","","2.809","0.360","0.000"
"Ireland","1990","41.602","27.688","4.919","0.000","0.000"
"Ireland","1991","39.183","25.117","5.023","0.000","0.000"
"Ireland","1992","42.205","23.131","5.196","0.000","0.000"
"Ireland","1993","41.016","28.067","4.709","0.000","0.062"
"Ireland","1994","39.691","26.500","5.466","0.000","0.119"
"Ireland","1995","39.864","29.302","4.032","0.000","0.114"
"Ireland","1996","36.965","33.263","3.808","0.000","0.053"
"Ireland","1997","34.485","33.367","3.454","0.000","0.254"
"Ireland","1998","32.264","30.780","4.404","0.000","0.814"
"Ireland","1999","26.780","31.971","3.904","0.000","0.873"
"Ireland","2000","28.813","39.121","3.591","0.000","1.014"
"Ireland","2001","28.653","37.135","2.435","0.000","1.339"
"Ireland","2002","27.456","43.599","3.663","0.000","1.570"
"Ireland","2003","24.940","52.454","2.414","0.000","1.810"
"Ireland","2004","24.703","51.150","2.498","0.000","2.577"
"Ireland","2005","24.941","45.160","2.459","0.000","4.333"
"Ireland","2006","21.689","50.867","2.656","0.000","5.976"
"Ireland","2007","19.175","56.609","2.362","0.000","6.909"
"Ireland","2008","17.179","55.882","3.242","0.000","8.055"
"Ireland","2009","14.301","58.277","3.218","0.000","10.583"
"Ireland","2010","12.607","64.311","2.131","0.000","9.979"
"Ireland","2011","14.507","56.811","2.614","0.000","16.127"
"Ireland","2012","18.504","52.119","2.949","0.000","14.781"
"Ireland","2013","16.738","51.349","2.346","0.000","17.755"
"Ireland","2014","15.343","48.973","2.751","0.000","19.915"
"Ireland","2015","17.331","44.021","2.883","0.000","23.381"
"Ireland","2016","15.547","50.711","2.249","0.033","20.344"
"Ireland","2017","11.872","51.142","2.250","0.033","24.266"
"Ireland","2018","6.958","51.845","2.233","0.065","27.961"
"Ireland","2019","1.660","51.790","2.897","0.130","32.617"
"Ireland","2020","2.096","50.798","2.909","0.188","36.128"
"Ireland","2021","8.608","47.975","2.373","0.285","30.949"
"Ireland","2022","7.349","49.182","2.083","0.268","33.323"
"Israel","1990","","","0.014","0.000","0.000"
"Israel","1991","","","0.028","0.000","0.000"
"Israel","1992","","","0.117","0.000","0.000"
"Israel","1993","","","0.100","0.000","0.000"
"Israel","1994","","","0.081","0.000","0.000"
"Israel","1995","","","0.082","0.000","0.000"
"Israel","1996","","","0.074","0.000","0.000"
"Israel","1997","","","0.071","0.000","0.000"
"Israel","1998","","","0.066","0.000","0.000"
"Israel","1999","","","0.084","0.000","0.000"
"Israel","2000","63.766","36.160","0.075","0.000","0.000"
"Israel","2001","66.481","33.470","0.024","0.000","0.024"
"Israel","2002","61.001","38.929","0.047","0.000","0.023"
"Israel","2003","60.991","38.919","0.068","0.000","0.023"
"Israel","2004","60.990","38.920","0.067","0.000","0.022"
"Israel","2005","55.439","44.474","0.066","0.000","0.022"
"Israel","2006","55.450","44.508","0.021","0.000","0.021"
"Israel","2007","48.714","51.226","0.020","0.000","0.020"
"Israel","2008","44.979","54.946","0.037","0.000","0.019"
"Israel","2009","44.483","55.389","0.037","0.037","0.018"
"Israel","2010","41.127","58.634","0.051","0.120","0.017"
"Israel","2011","38.641","60.923","0.050","0.319","0.017"
"Israel","2012","38.359","60.943","0.048","0.587","0.016"
"Israel","2013","34.953","64.102","0.049","0.799","0.016"
"Israel","2014","32.435","65.988","0.016","1.446","0.016"
"Israel","2015","30.137","67.917","0.031","1.743","0.016"
"Israel","2016","29.703","67.776","0.000","2.297","0.075"
"Israel","2017","29.660","67.692","0.000","2.234","0.266"
"Israel","2018","28.968","68.346","0.000","2.280","0.261"
"Israel","2019","28.444","67.513","0.000","3.639","0.265"
"Israel","2020","27.789","66.820","0.028","4.929","0.279"
"Israel","2021","26.669","66.557","0.027","6.349","0.260"
"Israel","2022","","","0.031","9.276","0.045"
"Italy","1985","16.164","13.305","22.123","0.000","0.000"
"Italy","1986","16.120","13.971","21.367","0.000","0.000"
"Italy","1987","16.405","15.758","19.618","0.000","0.000"
"Italy","1988","16.652","15.926","19.982","0.000","0.000"
"Italy","1989","15.121","16.326","16.160","0.001","0.001"
"Italy","1990","15.036","18.630","14.839","0.000","0.000"
"Italy","1991","13.048","16.637","19.338","0.000","0.000"
"Italy","1992","9.606","15.955","18.977","0.004","0.000"
"Italy","1993","7.594","18.214","18.880","0.005","0.000"
"Italy","1994","8.693","17.859","19.549","0.004","0.004"
"Italy","1995","10.177","19.831","15.941","0.004","0.004"
"Italy","1996","9.237","20.996","17.586","0.004","0.013"
"Italy","1997","8.344","24.934","16.924","0.004","0.049"
"Italy","1998","9.216","28.024","16.297","0.008","0.091"
"Italy","1999","9.207","33.635","17.544","0.008","0.155"
"Italy","2000","9.764","37.659","16.422","0.007","0.208"
"Italy","2001","11.705","38.435","17.268","0.007","0.435"
"Italy","2002","12.809","35.919","14.280","0.007","0.506"
"Italy","2003","13.599","41.103","12.850","0.007","0.512"
"Italy","2004","15.439","44.039","14.361","0.010","0.627"
"Italy","2005","14.747","50.497","12.197","0.010","0.791"
"Italy","2006","14.416","51.567","12.062","0.013","0.968"
"Italy","2007","14.358","56.219","10.683","0.013","1.312"
"Italy","2008","13.782","55.286","13.318","0.061","1.555"
"Italy","2009","13.819","51.241","17.087","0.236","2.274"
"Italy","2010","13.336","51.294","17.160","0.641","3.065"
"Italy","2011","14.923","48.242","15.287","3.603","3.290"
"Italy","2012","16.574","43.558","14.122","6.361","4.523"
"Italy","2013","15.710","37.938","18.382","7.521","5.190"
"Italy","2014","15.661","33.759","21.104","8.041","5.471"
"Italy","2015","15.376","39.466","16.209","8.165","5.282"
"Italy","2016","12.399","43.931","14.774","7.695","6.159"
"Italy","2017","11.124","47.851","12.341","8.311","6.048"
"Italy","2018","9.906","44.734","16.977","7.881","6.166"
"Italy","2019","6.466","48.636","15.898","8.131","6.933"
"Italy","2020","4.812","48.081","17.100","8.969","6.747"
"Italy","2021","4.895","50.285","15.849","8.743","7.308"
"Italy","2022","7.599","50.685","10.737","9.944","7.140"
"Jamaica","2000","0.000","0.000","1.768","0.000","0.000"
"Jamaica","2001","0.000","0.000","0.958","0.000","0.000"
"Jamaica","2002","0.000","0.000","1.378","0.000","0.000"
"Jamaica","2003","0.000","0.000","1.783","0.000","0.000"
"Jamaica","2004","0.000","0.000","1.915","0.000","0.442"
"Jamaica","2005","0.000","0.000","2.146","0.000","0.715"
"Jamaica","2006","0.000","0.000","2.276","0.000","0.711"
"Jamaica","2007","0.000","0.000","2.852","0.000","0.891"
"Jamaica","2008","0.000","0.000","4.000","0.000","1.250"
"Jamaica","2009","0.000","0.000","3.448","0.000","1.478"
"Jamaica","2010","0.000","0.000","3.788","0.000","1.263"
"Jamaica","2011","0.000","0.000","3.741","0.000","2.244"
"Jamaica","2012","0.000","0.000","3.817","0.000","2.799"
"Jamaica","2013","0.000","0.000","3.053","0.000","3.053"
"Jamaica","2014","0.000","0.000","3.581","0.256","3.069"
"Jamaica","2015","0.000","0.000","3.325","0.256","3.325"
"Jamaica","2016","0.000","14.770","2.906","0.242","5.085"
"Jamaica","2017","0.000","14.146","3.659","0.976","6.098"
"Jamaica","2018","0.000","13.909","4.317","1.199","7.194"
"Jamaica","2019","0.000","29.176","3.765","2.118","6.353"
"Jamaica","2020","0.000","36.855","3.440","2.948","6.880"
"Jamaica","2021","0.000","36.552","3.218","3.448","6.897"
"Japan","1985","14.783","19.055","12.333","0.000","0.000"
"Japan","1986","14.604","19.344","11.949","0.000","0.000"
"Japan","1987","14.926","18.779","10.400","0.000","0.000"
"Japan","1988","14.886","18.831","11.979","0.000","0.000"
"Japan","1989","14.613","18.704","11.471","0.000","0.000"
"Japan","1990","13.532","19.618","9.858","0.000","0.000"
"Japan","1991","13.779","20.229","10.361","0.000","0.000"
"Japan","1992","14.395","20.087","8.731","0.001","0.000"
"Japan","1993","15.142","19.687","9.997","0.002","0.000"
"Japan","1994","15.932","20.226","6.548","0.003","0.000"
"Japan","1995","16.679","19.900","7.794","0.004","0.000"
"Japan","1996","17.327","20.674","7.494","0.005","0.000"
"Japan","1997","17.835","20.825","8.194","0.009","0.000"
"Japan","1998","18.141","21.714","8.406","0.014","0.001"
"Japan","1999","19.609","22.674","7.765","0.020","0.003"
"Japan","2000","20.513","22.257","8.739","0.035","0.011"
"Japan","2001","22.258","22.487","8.588","0.048","0.026"
"Japan","2002","23.500","22.463","8.266","0.068","0.042"
"Japan","2003","25.275","23.634","9.597","0.092","0.085"
"Japan","2004","25.282","22.070","9.269","0.118","0.129"
"Japan","2005","26.330","20.877","7.458","0.147","0.172"
"Japan","2006","25.432","22.875","8.393","0.173","0.210"
"Japan","2007","26.084","24.401","6.825","0.188","0.243"
"Japan","2008","26.535","25.829","7.523","0.224","0.292"
"Japan","2009","26.332","27.399","7.791","0.282","0.369"
"Japan","2010","27.097","27.887","7.710","0.327","0.371"
"Japan","2011","25.561","34.058","8.076","0.462","0.447"
"Japan","2012","30.074","39.176","7.279","0.632","0.462"
"Japan","2013","33.183","38.770","7.675","1.251","0.504"
"Japan","2014","33.204","42.100","8.084","2.231","0.507"
"Japan","2015","33.705","40.246","8.633","3.463","0.555"
"Japan","2016","33.034","40.363","7.875","4.553","0.614"
"Japan","2017","32.371","40.494","8.268","5.458","0.643"
"Japan","2018","31.811","39.206","7.967","6.192","0.709"
"Japan","2019","32.153","38.060","8.044","6.992","0.764"
"Japan","2020","32.183","38.189","8.174","8.203","0.880"
"Japan","2021","32.510","35.119","8.256","9.254","0.935"
"Japan","2022","32.926","34.172","7.626","10.209","0.946"
"Jordan","2000","0.000","70.749","0.576","0.000","0.000"
"Jordan","2001","0.000","70.804","0.564","0.000","0.000"
"Jordan","2002","0.000","70.719","0.654","0.000","0.000"
"Jordan","2003","0.000","70.745","0.532","0.000","0.000"
"Jordan","2004","0.000","70.700","0.593","0.000","0.000"
"Jordan","2005","0.000","70.705","0.661","0.000","0.000"
"Jordan","2006","0.000","76.077","0.478","0.000","0.000"
"Jordan","2007","0.000","75.961","0.491","0.000","0.000"
"Jordan","2008","0.000","76.018","0.461","0.000","0.000"
"Jordan","2009","0.000","80.686","0.447","0.000","0.000"
"Jordan","2010","0.000","83.081","0.432","0.000","0.000"
"Jordan","2011","0.000","83.152","0.363","0.000","0.000"
"Jordan","2012","0.000","85.449","0.385","0.000","0.000"
"Jordan","2013","0.000","85.512","0.308","0.000","0.000"
"Jordan","2014","0.000","85.448","0.349","0.000","0.000"
"Jordan","2015","0.000","86.384","0.279","0.279","0.670"
"Jordan","2016","0.000","83.387","0.216","2.319","2.104"
"Jordan","2017","0.000","81.154","0.204","4.648","2.298"
"Jordan","2018","0.000","79.647","0.104","7.425","3.686"
"Jordan","2019","0.000","76.016","0.103","10.602","4.529"
"Jordan","2020","0.000","70.609","0.100","14.321","6.886"
"Jordan","2021","0.000","68.830","0.091","15.996","7.176"
"Kazakhstan","1990","71.120","10.458","8.430","0.000","0.000"
"Kazakhstan","1991","72.231","10.049","8.373","0.000","0.000"
"Kazakhstan","1992","71.908","10.504","8.256","0.000","0.000"
"Kazakhstan","1993","71.024","9.963","9.795","0.000","0.000"
"Kazakhstan","1994","70.539","8.012","13.746","0.000","0.000"
"Kazakhstan","1995","71.950","8.173","12.483","0.000","0.000"
"Kazakhstan","1996","72.040","8.110","12.479","0.000","0.000"
"Kazakhstan","1997","71.550","8.126","12.498","0.000","0.000"
"Kazakhstan","1998","72.019","8.179","12.331","0.000","0.000"
"Kazakhstan","1999","71.999","8.664","12.964","0.000","0.000"
"Kazakhstan","2000","69.520","10.689","14.582","0.000","0.000"
"Kazakhstan","2001","70.567","10.636","14.590","0.000","0.000"
"Kazakhstan","2002","68.815","10.681","15.241","0.000","0.000"
"Kazakhstan","2003","71.766","10.680","13.498","0.000","0.000"
"Kazakhstan","2004","75.519","10.680","12.039","0.000","0.000"
"Kazakhstan","2005","73.866","10.689","11.572","0.000","0.000"
"Kazakhstan","2006","68.825","11.164","10.843","0.000","0.000"
"Kazakhstan","2007","73.414","6.591","10.663","0.000","0.000"
"Kazakhstan","2008","76.665","10.218","9.284","0.000","0.000"
"Kazakhstan","2009","73.809","16.334","8.739","0.000","0.000"
"Kazakhstan","2010","80.653","8.893","9.704","0.000","0.000"
"Kazakhstan","2011","81.104","9.171","9.101","0.000","0.000"
"Kazakhstan","2012","74.630","16.144","8.431","0.000","0.000"
"Kazakhstan","2013","74.506","16.564","8.347","0.000","0.000"
"Kazakhstan","2014","70.964","19.220","8.728","0.000","0.011"
"Kazakhstan","2015","69.122","19.214","10.115","0.055","0.142"
"Kazakhstan","2016","64.694","20.617","12.279","0.095","0.285"
"Kazakhstan","2017","66.854","21.102","10.871","0.087","0.330"
"Kazakhstan","2018","69.759","20.015","9.677","0.131","0.364"
"Kazakhstan","2019","69.328","20.201","9.382","0.366","0.667"
"Kazakhstan","2020","63.853","25.092","8.892","1.141","0.948"
"Kazakhstan","2021","60.595","28.789","7.949","1.128","1.460"
"Kazakhstan","2022","60.055","28.525","8.069","1.250","2.022"
"Kenya","2000","0.000","0.000","32.346","0.000","0.000"
"Kenya","2001","0.000","0.000","51.739","0.000","0.000"
"Kenya","2002","0.000","0.000","65.053","0.000","0.000"
"Kenya","2003","0.000","0.000","63.333","0.000","0.000"
"Kenya","2004","0.000","0.000","52.110","0.000","0.000"
"Kenya","2005","0.000","0.000","51.107","0.000","0.000"
"Kenya","2006","0.000","0.000","51.266","0.000","0.000"
"Kenya","2007","0.000","0.000","52.914","0.000","0.000"
"Kenya","2008","0.000","0.000","44.062","0.000","0.000"
"Kenya","2009","0.000","0.000","32.725","0.000","0.152"
"Kenya","2010","0.000","0.000","46.953","0.000","0.277"
"Kenya","2011","0.000","0.000","45.119","0.132","0.264"
"Kenya","2012","0.000","0.000","52.658","0.124","0.124"
"Kenya","2013","0.000","0.000","44.994","0.345","0.115"
"Kenya","2014","0.000","0.000","39.188","0.597","0.239"
"Kenya","2015","0.000","0.000","37.994","0.507","0.608"
"Kenya","2016","0.000","0.000","34.159","0.619","0.619"
"Kenya","2017","0.000","0.000","29.626","0.654","0.561"
"Kenya","2018","0.000","0.000","35.467","0.800","3.378"
"Kenya","2019","0.000","0.000","27.937","0.783","13.577"
"Kenya","2020","0.000","0.000","36.000","0.766","11.319"
"Kenya","2021","0.000","0.000","33.812","0.845","12.764"
"Kenya","2022","0.000","0.000","27.088","2.433","13.625"
"Kiribati","2000","0.000","0.000","0.000","0.000","0.000"
"Kiribati","2001","0.000","0.000","0.000","0.000","0.000"
"Kiribati","2002","0.000","0.000","0.000","0.000","0.000"
"Kiribati","2003","0.000","0.000","0.000","0.000","0.000"
"Kiribati","2004","0.000","0.000","0.000","0.000","0.000"
"Kiribati","2005","0.000","0.000","0.000","0.000","0.000"
"Kiribati","2006","0.000","0.000","0.000","0.000","0.000"
"Kiribati","2007","0.000","0.000","0.000","0.000","0.000"
"Kiribati","2008","0.000","0.000","0.000","0.000","0.000"
"Kiribati","2009","0.000","0.000","0.000","0.000","0.000"
"Kiribati","2010","0.000","0.000","0.000","0.000","0.000"
"Kiribati","2011","0.000","0.000","0.000","0.000","0.000"
"Kiribati","2012","0.000","0.000","0.000","0.000","0.000"
"Kiribati","2013","0.000","0.000","0.000","0.000","0.000"
"Kiribati","2014","0.000","0.000","0.000","0.000","0.000"
"Kiribati","2015","0.000","0.000","0.000","0.000","0.000"
"Kiribati","2016","0.000","0.000","0.000","0.000","0.000"
"Kiribati","2017","0.000","0.000","0.000","0.000","0.000"
"Kiribati","2018","0.000","0.000","0.000","0.000","0.000"
"Kiribati","2019","0.000","0.000","0.000","0.000","0.000"
"Kiribati","2020","0.000","0.000","0.000","0.000","0.000"
"Kiribati","2021","0.000","0.000","0.000","0.000","0.000"
"Kuwait","1990","","","0.000","0.000","0.000"
"Kuwait","1991","","","0.000","0.000","0.000"
"Kuwait","1992","","","0.000","0.000","0.000"
"Kuwait","1993","","","0.000","0.000","0.000"
"Kuwait","1994","","","0.000","0.000","0.000"
"Kuwait","1995","","","0.000","0.000","0.000"
"Kuwait","1996","","","0.000","0.000","0.000"
"Kuwait","1997","","","0.000","0.000","0.000"
"Kuwait","1998","","","0.000","0.000","0.000"
"Kuwait","1999","","","0.000","0.000","0.000"
"Kuwait","2000","0.000","100.000","0.000","0.000","0.000"
"Kuwait","2001","0.000","100.000","0.000","0.000","0.000"
"Kuwait","2002","0.000","100.000","0.000","0.000","0.000"
"Kuwait","2003","0.000","100.000","0.000","0.000","0.000"
"Kuwait","2004","0.000","100.000","0.000","0.000","0.000"
"Kuwait","2005","0.000","100.000","0.000","0.000","0.000"
"Kuwait","2006","0.000","100.000","0.000","0.000","0.000"
"Kuwait","2007","0.000","100.000","0.000","0.000","0.000"
"Kuwait","2008","0.000","100.000","0.000","0.000","0.000"
"Kuwait","2009","0.000","100.000","0.000","0.000","0.000"
"Kuwait","2010","0.000","100.000","0.000","0.000","0.000"
"Kuwait","2011","0.000","100.000","0.000","0.000","0.000"
"Kuwait","2012","0.000","100.000","0.000","0.000","0.000"
"Kuwait","2013","0.000","99.983","0.000","0.000","0.017"
"Kuwait","2014","0.000","99.984","0.000","0.000","0.016"
"Kuwait","2015","0.000","99.984","0.000","0.000","0.016"
"Kuwait","2016","0.000","99.970","0.000","0.015","0.015"
"Kuwait","2017","0.000","99.942","0.000","0.015","0.044"
"Kuwait","2018","0.000","99.914","0.000","0.029","0.057"
"Kuwait","2019","0.000","99.915","0.000","0.028","0.057"
"Kuwait","2020","0.000","99.925","0.000","0.030","0.045"
"Kuwait","2021","0.000","99.930","0.000","0.028","0.042"
"Kuwait","2022","","","","0.252","0.006"
"Kyrgyzstan","2000","13.749","0.000","86.251","0.000","0.000"
"Kyrgyzstan","2001","16.087","0.000","83.913","0.000","0.000"
"Kyrgyzstan","2002","16.822","0.000","83.178","0.000","0.000"
"Kyrgyzstan","2003","12.663","0.000","87.337","0.000","0.000"
"Kyrgyzstan","2004","12.976","0.000","87.024","0.000","0.000"
"Kyrgyzstan","2005","13.525","0.000","86.475","0.000","0.000"
"Kyrgyzstan","2006","13.515","0.000","86.485","0.000","0.000"
"Kyrgyzstan","2007","13.512","0.000","86.488","0.000","0.000"
"Kyrgyzstan","2008","13.546","0.000","86.454","0.000","0.000"
"Kyrgyzstan","2009","7.418","0.000","92.582","0.000","0.000"
"Kyrgyzstan","2010","7.795","0.000","92.205","0.000","0.000"
"Kyrgyzstan","2011","6.417","0.000","93.583","0.000","0.000"
"Kyrgyzstan","2012","6.212","0.000","93.788","0.000","0.000"
"Kyrgyzstan","2013","6.205","0.000","93.795","0.000","0.000"
"Kyrgyzstan","2014","8.357","0.000","91.643","0.000","0.000"
"Kyrgyzstan","2015","14.141","0.000","85.859","0.000","0.000"
"Kyrgyzstan","2016","12.730","0.000","87.270","0.000","0.000"
"Kyrgyzstan","2017","8.044","0.000","91.956","0.000","0.000"
"Kyrgyzstan","2018","7.386","0.000","92.614","0.000","0.000"
"Kyrgyzstan","2019","7.615","0.000","92.385","0.000","0.000"
"Kyrgyzstan","2020","8.472","0.000","91.528","0.000","0.000"
"Kyrgyzstan","2021","10.097","0.000","89.903","0.000","0.000"
"Laos","2000","0.000","0.000","90.358","0.000","0.000"
"Laos","2001","0.000","0.000","90.411","0.000","0.000"
"Laos","2002","0.000","0.000","90.423","0.000","0.000"
"Laos","2003","0.000","0.000","90.415","0.000","0.000"
"Laos","2004","0.000","0.000","100.000","0.000","0.000"
"Laos","2005","0.000","0.000","100.000","0.000","0.000"
"Laos","2006","0.000","0.000","100.000","0.000","0.000"
"Laos","2007","0.000","0.000","100.000","0.000","0.000"
"Laos","2008","0.000","0.000","100.000","0.000","0.000"
"Laos","2009","0.000","0.000","100.000","0.000","0.000"
"Laos","2010","0.000","0.000","100.000","0.000","0.000"
"Laos","2011","0.000","0.000","100.000","0.000","0.000"
"Laos","2012","0.000","0.000","100.000","0.000","0.000"
"Laos","2013","0.000","0.000","99.935","0.000","0.000"
"Laos","2014","0.000","0.000","99.934","0.000","0.000"
"Laos","2015","12.851","0.000","86.712","0.000","0.000"
"Laos","2016","29.297","0.000","70.064","0.000","0.000"
"Laos","2017","33.158","0.000","66.118","0.033","0.000"
"Laos","2018","31.879","0.000","66.281","0.059","0.000"
"Laos","2019","33.388","0.000","64.615","0.131","0.000"
"Laos","2020","25.866","0.000","72.581","0.102","0.000"
"Laos","2021","27.045","0.000","71.328","0.100","0.000"
"Latvia","1990","0.000","26.015","67.669","0.000","0.000"
"Latvia","1991","0.000","32.035","58.053","0.000","0.000"
"Latvia","1992","0.000","29.948","65.625","0.000","0.000"
"Latvia","1993","0.000","14.249","73.282","0.000","0.000"
"Latvia","1994","0.000","6.982","74.550","0.000","0.000"
"Latvia","1995","0.000","13.283","73.684","0.000","0.000"
"Latvia","1996","0.000","16.667","59.615","0.000","0.000"
"Latvia","1997","0.000","27.716","65.410","0.000","0.000"
"Latvia","1998","0.000","18.621","74.483","0.000","0.000"
"Latvia","1999","0.000","23.114","67.153","0.000","0.000"
"Latvia","2000","0.000","27.295","68.116","0.000","0.000"
"Latvia","2001","0.000","30.445","66.276","0.000","0.000"
"Latvia","2002","0.000","32.997","61.965","0.000","0.252"
"Latvia","2003","0.000","38.539","57.179","0.000","1.259"
"Latvia","2004","0.000","30.490","66.311","0.000","1.066"
"Latvia","2005","0.000","30.285","67.683","0.000","1.016"
"Latvia","2006","0.000","42.945","55.215","0.000","1.022"
"Latvia","2007","0.000","40.336","57.353","0.000","1.050"
"Latvia","2008","0.000","39.089","59.013","0.000","1.139"
"Latvia","2009","0.000","36.086","62.118","0.000","0.898"
"Latvia","2010","0.000","45.098","53.092","0.000","0.754"
"Latvia","2011","0.000","49.425","47.455","0.000","1.149"
"Latvia","2012","0.000","33.387","60.130","0.000","1.783"
"Latvia","2013","0.000","43.065","46.935","0.000","1.935"
"Latvia","2014","0.000","45.525","38.716","0.000","2.724"
"Latvia","2015","0.000","49.819","33.574","0.000","2.708"
"Latvia","2016","0.000","45.794","39.408","0.000","2.025"
"Latvia","2017","0.000","27.490","58.167","0.000","1.992"
"Latvia","2018","0.000","47.917","36.161","0.000","1.786"
"Latvia","2019","0.000","50.466","32.764","0.000","2.329"
"Latvia","2020","0.000","36.364","45.455","0.000","3.147"
"Latvia","2021","0.000","36.410","46.325","0.171","2.393"
"Latvia","2022","0.000","27.866","54.743","0.198","3.755"
"Lebanon","2000","0.000","0.000","4.788","0.000","0.000"
"Lebanon","2001","0.000","14.420","3.448","0.000","0.000"
"Lebanon","2002","0.000","24.434","6.063","0.000","0.000"
"Lebanon","2003","0.000","22.352","11.259","0.000","0.000"
"Lebanon","2004","0.000","22.816","9.415","0.000","0.000"
"Lebanon","2005","0.000","25.128","8.859","0.000","0.000"
"Lebanon","2006","0.000","25.114","6.301","0.000","0.000"
"Lebanon","2007","0.000","25.483","5.097","0.000","0.000"
"Lebanon","2008","0.000","25.696","2.944","0.000","0.000"
"Lebanon","2009","0.000","24.884","4.777","0.000","0.000"
"Lebanon","2010","0.000","22.687","5.604","0.000","0.000"
"Lebanon","2011","0.000","22.511","5.205","0.000","0.000"
"Lebanon","2012","0.000","22.186","6.431","0.000","0.000"
"Lebanon","2013","0.000","26.971","7.095","0.000","0.000"
"Lebanon","2014","0.000","28.664","1.123","0.059","0.059"
"Lebanon","2015","0.000","27.604","2.675","0.114","0.057"
"Lebanon","2016","0.000","27.735","2.079","0.219","0.055"
"Lebanon","2017","0.000","31.188","2.046","0.299","0.050"
"Lebanon","2018","0.000","31.287","1.697","0.449","0.050"
"Lebanon","2019","0.000","30.894","4.764","0.540","0.049"
"Lebanon","2020","0.000","30.067","5.387","0.616","0.051"
"Lebanon","2021","0.000","32.702","4.713","0.583","0.049"
"Lesotho","2000","0.000","0.000","100.000","0.000","0.000"
"Lesotho","2001","0.000","0.000","100.000","0.000","0.000"
"Lesotho","2002","0.000","0.000","100.000","0.000","0.000"
"Lesotho","2003","0.000","0.000","100.000","0.000","0.000"
"Lesotho","2004","0.000","0.000","100.000","0.000","0.000"
"Lesotho","2005","0.000","0.000","100.000","0.000","0.000"
"Lesotho","2006","0.000","0.000","100.000","0.000","0.000"
"Lesotho","2007","0.000","0.000","100.000","0.000","0.000"
"Lesotho","2008","0.000","0.000","100.000","0.000","0.000"
"Lesotho","2009","0.000","0.000","100.000","0.000","0.000"
"Lesotho","2010","0.000","0.000","100.000","0.000","0.000"
"Lesotho","2011","0.000","0.000","100.000","0.000","0.000"
"Lesotho","2012","0.000","0.000","100.000","0.000","0.000"
"Lesotho","2013","0.000","0.000","100.000","0.000","0.000"
"Lesotho","2014","0.000","0.000","100.000","0.000","0.000"
"Lesotho","2015","0.000","0.000","100.000","0.000","0.000"
"Lesotho","2016","0.000","0.000","100.000","0.000","0.000"
"Lesotho","2017","0.000","0.000","100.000","0.000","0.000"
"Lesotho","2018","0.000","0.000","100.000","0.000","0.000"
"Lesotho","2019","0.000","0.000","100.000","0.000","0.000"
"Lesotho","2020","0.000","0.000","100.000","0.000","0.000"
"Lesotho","2021","0.000","0.000","100.000","0.000","0.000"
"Liberia","2000","0.000","0.000","0.000","0.000","0.000"
"Liberia","2001","0.000","0.000","0.000","0.000","0.000"
"Liberia","2002","0.000","0.000","0.000","0.000","0.000"
"Liberia","2003","0.000","0.000","0.000","0.000","0.000"
"Liberia","2004","0.000","0.000","0.000","0.000","0.000"
"Liberia","2005","0.000","0.000","0.000","0.000","0.000"
"Liberia","2006","0.000","0.000","0.000","0.000","0.000"
"Liberia","2007","0.000","0.000","0.000","0.000","0.000"
"Liberia","2008","0.000","0.000","0.000","0.000","0.000"
"Liberia","2009","0.000","0.000","0.000","0.000","0.000"
"Liberia","2010","0.000","0.000","0.000","0.000","0.000"
"Liberia","2011","0.000","0.000","0.000","0.000","0.000"
"Liberia","2012","0.000","0.000","0.000","0.000","0.000"
"Liberia","2013","0.000","0.000","0.000","0.000","0.000"
"Liberia","2014","0.000","0.000","0.000","0.000","0.000"
"Liberia","2015","0.000","0.000","0.000","0.000","0.000"
"Liberia","2016","0.000","0.000","0.000","0.000","0.000"
"Liberia","2017","0.000","0.000","0.000","0.000","0.000"
"Liberia","2018","0.000","0.000","0.000","0.000","0.000"
"Liberia","2019","0.000","0.000","0.000","0.000","0.000"
"Liberia","2020","0.000","0.000","59.551","0.000","0.000"
"Liberia","2021","0.000","0.000","57.609","0.000","0.000"
"Libya","2000","0.000","34.959","0.000","0.000","0.000"
"Libya","2001","0.000","34.983","0.000","0.000","0.000"
"Libya","2002","0.000","34.951","0.000","0.000","0.000"
"Libya","2003","0.000","34.980","0.000","0.000","0.000"
"Libya","2004","0.000","34.966","0.000","0.000","0.000"
"Libya","2005","0.000","38.714","0.000","0.000","0.000"
"Libya","2006","0.000","42.046","0.000","0.000","0.000"
"Libya","2007","0.000","55.799","0.000","0.000","0.000"
"Libya","2008","0.000","55.817","0.000","0.000","0.000"
"Libya","2009","0.000","59.390","0.000","0.000","0.000"
"Libya","2010","0.000","63.345","0.000","0.033","0.000"
"Libya","2011","0.000","63.339","0.000","0.041","0.000"
"Libya","2012","0.000","67.349","0.000","0.031","0.000"
"Libya","2013","0.000","71.857","0.000","0.028","0.000"
"Libya","2014","0.000","72.061","0.000","0.028","0.000"
"Libya","2015","0.000","72.044","0.000","0.028","0.000"
"Libya","2016","0.000","72.096","0.000","0.034","0.000"
"Libya","2017","0.000","72.602","0.000","0.032","0.000"
"Libya","2018","0.000","71.264","0.000","0.031","0.000"
"Libya","2019","0.000","71.568","0.000","0.032","0.000"
"Libya","2020","0.000","71.561","0.000","0.033","0.000"
"Libya","2021","0.000","71.058","0.000","0.031","0.000"
"Lithuania","1990","0.000","23.872","1.446","0.000","0.000"
"Lithuania","1991","0.000","21.446","1.159","0.000","0.000"
"Lithuania","1992","0.000","6.800","1.673","0.000","0.000"
"Lithuania","1993","0.000","1.869","2.804","0.000","0.000"
"Lithuania","1994","0.000","3.392","4.625","0.000","0.000"
"Lithuania","1995","0.000","1.705","2.743","0.000","0.000"
"Lithuania","1996","0.000","4.012","2.037","0.000","0.000"
"Lithuania","1997","0.000","3.415","2.091","0.000","0.000"
"Lithuania","1998","0.000","1.637","2.456","0.000","0.000"
"Lithuania","1999","0.000","7.680","3.149","0.000","0.000"
"Lithuania","2000","0.000","14.687","3.083","0.000","0.000"
"Lithuania","2001","0.000","13.156","2.309","0.000","0.000"
"Lithuania","2002","0.000","12.303","2.041","0.000","0.000"
"Lithuania","2003","0.000","13.505","1.715","0.000","0.000"
"Lithuania","2004","0.000","14.478","2.260","0.000","0.000"
"Lithuania","2005","0.000","21.238","3.165","0.000","0.000"
"Lithuania","2006","0.000","20.725","3.370","0.000","0.084"
"Lithuania","2007","0.000","18.141","3.175","0.000","0.831"
"Lithuania","2008","0.000","15.508","3.056","0.000","0.993"
"Lithuania","2009","0.000","14.614","2.923","0.000","1.113"
"Lithuania","2010","0.000","67.158","11.368","0.000","4.632"
"Lithuania","2011","0.000","66.917","12.030","0.000","11.779"
"Lithuania","2012","0.000","66.977","9.767","0.000","12.558"
"Lithuania","2013","0.000","55.779","13.065","1.256","15.075"
"Lithuania","2014","0.000","50.578","11.561","2.023","18.497"
"Lithuania","2015","0.000","49.500","8.750","1.750","20.250"
"Lithuania","2016","0.000","29.032","13.196","2.053","33.431"
"Lithuania","2017","0.000","17.910","17.910","2.090","40.597"
"Lithuania","2018","0.000","12.000","15.636","3.273","41.455"
"Lithuania","2019","0.000","16.561","11.146","2.866","47.771"
"Lithuania","2020","0.000","37.528","6.623","2.870","34.216"
"Lithuania","2021","0.000","29.257","9.113","4.556","32.614"
"Lithuania","2022","0.000","14.628","10.791","10.312","38.129"
"Luxembourg","1990","0.000","4.839","11.290","0.000","0.000"
"Luxembourg","1991","0.000","4.286","11.429","0.000","0.000"
"Luxembourg","1992","0.000","4.545","10.606","0.000","0.000"
"Luxembourg","1993","0.000","2.985","10.448","0.000","0.000"
"Luxembourg","1994","0.000","8.475","15.254","0.000","0.000"
"Luxembourg","1995","0.000","30.612","18.367","0.000","0.000"
"Luxembourg","1996","0.000","42.222","13.333","0.000","0.000"
"Luxembourg","1997","0.000","43.902","19.512","0.000","0.000"
"Luxembourg","1998","0.000","51.351","32.432","0.000","2.703"
"Luxembourg","1999","0.000","55.556","25.000","0.000","5.556"
"Luxembourg","2000","0.000","52.500","30.000","0.000","5.000"
"Luxembourg","2001","0.000","77.011","13.793","0.000","2.299"
"Luxembourg","2002","0.000","93.571","3.571","0.000","0.714"
"Luxembourg","2003","0.000","93.907","2.867","0.000","1.075"
"Luxembourg","2004","0.000","93.472","2.967","0.297","1.187"
"Luxembourg","2005","0.000","92.836","2.687","0.597","1.493"
"Luxembourg","2006","0.000","91.808","3.107","0.565","1.695"
"Luxembourg","2007","0.000","90.596","3.762","0.627","1.881"
"Luxembourg","2008","0.000","88.235","4.779","0.735","2.206"
"Luxembourg","2009","0.000","90.159","3.492","0.635","1.905"
"Luxembourg","2010","0.000","90.123","3.395","0.617","1.852"
"Luxembourg","2011","0.000","88.636","2.273","1.136","2.273"
"Luxembourg","2012","0.000","86.594","3.623","1.449","2.899"
"Luxembourg","2013","0.000","77.174","6.522","3.804","4.348"
"Luxembourg","2014","0.000","75.916","5.759","4.712","4.188"
"Luxembourg","2015","0.000","62.687","7.463","7.463","7.463"
"Luxembourg","2016","0.000","32.911","15.190","12.658","12.658"
"Luxembourg","2017","0.000","24.444","10.000","12.222","25.556"
"Luxembourg","2018","0.000","20.833","9.375","12.500","26.042"
"Luxembourg","2019","0.000","17.757","10.280","12.150","26.168"
"Luxembourg","2020","0.000","14.754","7.377","13.115","28.689"
"Luxembourg","2021","0.000","13.821","8.943","14.634","25.203"
"Luxembourg","2022","0.000","7.965","5.310","19.469","28.319"
"Macao","2000","0.000","100.000","0.000","0.000","0.000"
"Macao","2001","0.000","100.000","0.000","0.000","0.000"
"Macao","2002","0.000","100.000","0.000","0.000","0.000"
"Macao","2003","0.000","100.000","0.000","0.000","0.000"
"Macao","2004","0.000","100.000","0.000","0.000","0.000"
"Macao","2005","0.000","100.000","0.000","0.000","0.000"
"Macao","2006","0.000","100.000","0.000","0.000","0.000"
"Macao","2007","0.000","100.000","0.000","0.000","0.000"
"Macao","2008","0.000","100.000","0.000","0.000","0.000"
"Macao","2009","0.000","100.000","0.000","0.000","0.000"
"Macao","2010","0.000","100.000","0.000","0.000","0.000"
"Macao","2011","0.000","100.000","0.000","0.000","0.000"
"Macao","2012","0.000","100.000","0.000","0.000","0.000"
"Macao","2013","0.000","100.000","0.000","0.000","0.000"
"Macao","2014","0.000","100.000","0.000","0.000","0.000"
"Macao","2015","0.000","100.000","0.000","0.000","0.000"
"Macao","2016","0.000","100.000","0.000","0.000","0.000"
"Macao","2017","0.000","100.000","0.000","0.000","0.000"
"Macao","2018","0.000","100.000","0.000","0.000","0.000"
"Macao","2019","0.000","100.000","0.000","0.000","0.000"
"Macao","2020","0.000","100.000","0.000","0.000","0.000"
"Macao","2021","0.000","100.000","0.000","0.000","0.000"
"Madagascar","2000","0.000","0.000","69.231","0.000","0.000"
"Madagascar","2001","0.000","0.000","59.551","0.000","0.000"
"Madagascar","2002","0.000","0.000","62.069","0.000","0.000"
"Madagascar","2003","0.000","0.000","60.606","0.000","0.000"
"Madagascar","2004","0.000","0.000","57.273","0.000","0.000"
"Madagascar","2005","0.000","0.000","57.658","0.000","0.000"
"Madagascar","2006","0.000","0.000","55.752","0.000","0.000"
"Madagascar","2007","0.000","0.000","60.169","0.000","0.000"
"Madagascar","2008","0.000","0.000","56.098","0.000","0.000"
"Madagascar","2009","0.000","0.000","59.350","0.000","0.000"
"Madagascar","2010","0.000","0.000","53.030","0.000","0.000"
"Madagascar","2011","11.940","0.000","50.746","0.000","0.000"
"Madagascar","2012","13.529","0.000","44.118","0.000","0.000"
"Madagascar","2013","13.514","0.000","43.243","0.541","0.000"
"Madagascar","2014","12.690","0.000","44.670","0.508","0.000"
"Madagascar","2015","12.621","0.000","45.146","0.971","0.000"
"Madagascar","2016","12.871","0.000","43.564","0.990","0.000"
"Madagascar","2017","13.182","0.000","35.455","0.909","0.000"
"Madagascar","2018","11.013","0.000","42.291","0.881","0.000"
"Madagascar","2019","10.448","0.000","44.279","0.995","0.000"
"Madagascar","2020","12.690","0.000","33.503","1.015","0.000"
"Madagascar","2021","12.440","0.000","33.493","0.957","0.000"
"Malawi","2000","0.000","0.000","82.258","0.000","0.000"
"Malawi","2001","0.000","0.000","82.540","0.000","0.000"
"Malawi","2002","0.000","0.000","81.955","0.000","0.000"
"Malawi","2003","0.000","0.000","84.444","0.000","0.000"
"Malawi","2004","0.000","0.000","84.564","0.000","0.000"
"Malawi","2005","0.000","0.000","85.621","0.000","0.000"
"Malawi","2006","0.000","0.000","85.897","0.000","0.000"
"Malawi","2007","0.000","0.000","86.164","0.000","0.000"
"Malawi","2008","0.000","0.000","87.861","0.000","0.000"
"Malawi","2009","0.000","0.000","87.134","0.000","0.000"
"Malawi","2010","0.000","0.000","88.776","0.000","0.000"
"Malawi","2011","0.000","0.000","89.055","0.000","0.000"
"Malawi","2012","0.000","0.000","88.995","0.478","0.000"
"Malawi","2013","0.000","0.000","88.995","0.478","0.000"
"Malawi","2014","0.000","0.000","89.140","0.905","0.000"
"Malawi","2015","0.000","0.000","88.688","1.357","0.000"
"Malawi","2016","0.000","0.000","88.182","1.364","0.000"
"Malawi","2017","0.000","0.000","87.081","1.914","0.000"
"Malawi","2018","0.000","0.000","82.927","3.049","0.000"
"Malawi","2019","0.000","0.000","76.471","10.000","0.000"
"Malawi","2020","0.000","0.000","76.023","9.942","0.000"
"Malawi","2021","0.000","0.000","70.423","11.972","0.000"
"Malaysia","1985","0.000","14.681","25.217","0.000","0.000"
"Malaysia","1986","0.000","17.742","25.545","0.000","0.000"
"Malaysia","1987","0.000","19.115","28.505","0.000","0.000"
"Malaysia","1988","1.328","20.825","29.604","0.000","0.000"
"Malaysia","1989","10.091","18.996","24.609","0.000","0.000"
"Malaysia","1990","12.739","24.070","17.495","0.000","0.000"
"Malaysia","1991","13.080","29.098","16.757","0.000","0.000"
"Malaysia","1992","12.227","40.381","13.658","0.000","0.000"
"Malaysia","1993","11.125","44.325","13.914","0.000","0.000"
"Malaysia","1994","10.266","48.916","16.308","0.000","0.000"
"Malaysia","1995","8.533","54.636","13.351","0.000","0.000"
"Malaysia","1996","7.821","61.701","9.706","0.000","0.000"
"Malaysia","1997","4.104","69.369","6.963","0.000","0.000"
"Malaysia","1998","5.698","69.720","6.949","0.000","0.000"
"Malaysia","1999","6.633","75.002","11.078","0.000","0.000"
"Malaysia","2000","5.733","79.381","9.919","0.000","0.000"
"Malaysia","2001","8.173","78.730","7.950","0.000","0.000"
"Malaysia","2002","11.863","74.463","6.713","0.000","0.000"
"Malaysia","2003","16.240","72.970","6.150","0.000","0.000"
"Malaysia","2004","23.709","66.925","5.836","0.000","0.000"
"Malaysia","2005","25.643","64.935","6.108","0.000","0.000"
"Malaysia","2006","25.792","65.269","6.121","0.000","0.000"
"Malaysia","2007","28.511","62.777","5.506","0.000","0.000"
"Malaysia","2008","27.310","62.911","6.874","0.000","0.000"
"Malaysia","2009","32.465","58.090","5.943","0.000","0.000"
"Malaysia","2010","39.590","52.268","5.097","0.000","0.000"
"Malaysia","2011","41.171","43.872","6.345","0.000","0.000"
"Malaysia","2012","41.511","45.518","6.904","0.007","0.000"
"Malaysia","2013","38.084","50.511","8.375","0.099","0.000"
"Malaysia","2014","37.859","50.071","9.080","0.156","0.000"
"Malaysia","2015","42.282","46.606","9.273","0.180","0.000"
"Malaysia","2016","44.143","41.641","12.780","0.198","0.000"
"Malaysia","2017","42.872","38.677","16.714","0.205","0.000"
"Malaysia","2018","45.310","37.548","15.436","0.369","0.000"
"Malaysia","2019","42.816","40.502","14.681","0.527","0.000"
"Malaysia","2020","49.743","31.664","16.384","0.691","0.000"
"Malaysia","2021","43.989","36.060","17.526","0.854","0.000"
"Malaysia","2022","41.809","38.064","17.018","1.114","0.000"
"Maldives","2000","0.000","0.000","0.000","0.000","0.000"
"Maldives","2001","0.000","0.000","0.000","0.000","0.000"
"Maldives","2002","0.000","0.000","0.000","0.000","0.000"
"Maldives","2003","0.000","0.000","0.000","0.000","0.000"
"Maldives","2004","0.000","0.000","0.000","0.000","0.000"
"Maldives","2005","0.000","0.000","0.000","0.000","0.000"
"Maldives","2006","0.000","0.000","0.000","0.000","0.000"
"Maldives","2007","0.000","0.000","0.000","0.000","0.000"
"Maldives","2008","0.000","0.000","0.000","0.000","0.000"
"Maldives","2009","0.000","0.000","0.000","0.000","0.000"
"Maldives","2010","0.000","0.000","0.000","0.000","0.000"
"Maldives","2011","0.000","0.000","0.000","0.000","0.000"
"Maldives","2012","0.000","0.000","0.000","0.000","0.000"
"Maldives","2013","0.000","0.000","0.000","0.000","0.000"
"Maldives","2014","0.000","0.000","0.000","1.961","0.000"
"Maldives","2015","0.000","0.000","0.000","1.754","0.000"
"Maldives","2016","0.000","0.000","0.000","1.639","0.000"
"Maldives","2017","0.000","0.000","0.000","3.226","0.000"
"Maldives","2018","0.000","0.000","0.000","4.688","0.000"
"Maldives","2019","0.000","0.000","0.000","4.688","0.000"
"Maldives","2020","0.000","0.000","0.000","6.557","0.000"
"Maldives","2021","0.000","0.000","0.000","7.576","0.000"
"Mali","2000","0.000","0.000","58.974","0.000","0.000"
"Mali","2001","0.000","0.000","57.500","0.000","0.000"
"Mali","2002","0.000","0.000","58.537","0.000","0.000"
"Mali","2003","0.000","0.000","53.488","0.000","0.000"
"Mali","2004","0.000","0.000","54.348","0.000","0.000"
"Mali","2005","0.000","0.000","57.692","0.000","0.000"
"Mali","2006","0.000","0.000","57.143","0.000","0.000"
"Mali","2007","0.000","0.000","56.627","0.000","0.000"
"Mali","2008","0.000","0.000","57.000","0.000","0.000"
"Mali","2009","0.000","0.000","59.821","0.000","0.000"
"Mali","2010","0.000","0.000","64.327","0.585","0.000"
"Mali","2011","0.000","0.000","60.526","1.053","0.000"
"Mali","2012","0.000","0.000","54.867","1.327","0.000"
"Mali","2013","0.000","0.000","48.684","1.316","0.000"
"Mali","2014","0.000","0.000","58.475","1.271","0.000"
"Mali","2015","0.000","0.000","48.276","1.293","0.000"
"Mali","2016","0.000","0.000","53.430","1.083","0.000"
"Mali","2017","0.000","0.000","44.985","0.912","0.000"
"Mali","2018","0.000","0.000","38.527","0.850","0.000"
"Mali","2019","0.000","0.000","28.614","0.904","0.000"
"Mali","2020","0.000","0.000","29.688","0.938","0.000"
"Mali","2021","0.000","0.000","29.499","0.885","0.000"
"Malta","1990","55.856","0.000","0.000","0.000","0.000"
"Malta","1991","41.549","0.000","0.000","0.000","0.000"
"Malta","1992","37.584","0.000","0.000","0.000","0.000"
"Malta","1993","40.000","0.000","0.000","0.000","0.000"
"Malta","1994","23.377","0.000","0.000","0.000","0.000"
"Malta","1995","5.521","0.000","0.000","0.000","0.000"
"Malta","1996","0.000","0.000","0.000","0.000","0.000"
"Malta","1997","0.000","0.000","0.000","0.000","0.000"
"Malta","1998","0.000","0.000","0.000","0.000","0.000"
"Malta","1999","0.000","0.000","0.000","0.000","0.000"
"Malta","2000","0.000","0.000","0.000","0.000","0.000"
"Malta","2001","0.000","0.000","0.000","0.000","0.000"
"Malta","2002","0.000","0.000","0.000","0.000","0.000"
"Malta","2003","0.000","0.000","0.000","0.000","0.000"
"Malta","2004","0.000","0.000","0.000","0.000","0.000"
"Malta","2005","0.000","0.000","0.000","0.000","0.000"
"Malta","2006","0.000","0.000","0.000","0.000","0.000"
"Malta","2007","0.000","0.000","0.000","0.000","0.000"
"Malta","2008","0.000","0.000","0.000","0.000","0.000"
"Malta","2009","0.000","0.000","0.000","0.000","0.000"
"Malta","2010","0.000","0.000","0.000","0.000","0.000"
"Malta","2011","0.000","0.000","0.000","0.000","0.000"
"Malta","2012","0.000","0.000","0.000","0.870","0.000"
"Malta","2013","0.000","0.000","0.000","1.327","0.000"
"Malta","2014","0.000","0.000","0.000","3.111","0.000"
"Malta","2015","0.000","0.000","0.000","6.923","0.000"
"Malta","2016","0.000","0.000","0.000","15.116","0.000"
"Malta","2017","0.000","78.182","0.000","9.697","0.000"
"Malta","2018","0.000","88.832","0.000","9.645","0.000"
"Malta","2019","0.000","88.406","0.000","9.662","0.000"
"Malta","2020","0.000","85.581","0.000","11.163","0.000"
"Malta","2021","0.000","86.036","0.000","11.712","0.000"
"Malta","2022","0.000","97.000","0.000","","0.000"
"Martinique","2000","0.000","0.000","0.000","0.000","0.000"
"Martinique","2001","0.000","0.000","0.000","0.000","0.000"
"Martinique","2002","0.000","0.000","0.000","0.000","0.000"
"Martinique","2003","0.000","0.000","0.000","0.000","0.000"
"Martinique","2004","0.000","0.000","0.000","0.000","0.000"
"Martinique","2005","0.000","0.000","0.000","0.000","0.000"
"Martinique","2006","0.000","0.000","0.000","0.000","0.000"
"Martinique","2007","0.000","0.000","0.000","0.000","0.000"
"Martinique","2008","0.000","0.000","0.000","0.000","0.000"
"Martinique","2009","0.000","0.000","0.000","0.000","0.000"
"Martinique","2010","0.000","0.000","0.000","0.000","0.000"
"Martinique","2011","0.000","0.000","0.000","0.000","0.000"
"Mauritania","2000","0.000","0.000","13.043","0.000","0.000"
"Mauritania","2001","0.000","0.000","11.111","0.000","0.000"
"Mauritania","2002","0.000","0.000","6.000","0.000","0.000"
"Mauritania","2003","0.000","0.000","8.511","0.000","0.000"
"Mauritania","2004","0.000","0.000","7.843","0.000","0.000"
"Mauritania","2005","0.000","0.000","10.000","0.000","0.000"
"Mauritania","2006","0.000","0.000","11.111","0.000","0.000"
"Mauritania","2007","0.000","0.000","10.638","0.000","0.000"
"Mauritania","2008","0.000","0.000","10.909","0.000","0.000"
"Mauritania","2009","0.000","0.000","18.966","0.000","0.000"
"Mauritania","2010","0.000","0.000","18.750","0.000","0.000"
"Mauritania","2011","0.000","0.000","15.663","0.000","0.000"
"Mauritania","2012","0.000","0.000","15.385","0.000","0.000"
"Mauritania","2013","0.000","0.000","18.085","3.191","1.064"
"Mauritania","2014","0.000","0.000","18.367","3.061","1.020"
"Mauritania","2015","0.000","0.000","16.667","2.632","8.772"
"Mauritania","2016","0.000","0.000","10.744","4.959","8.264"
"Mauritania","2017","0.000","0.000","11.258","3.974","6.623"
"Mauritania","2018","0.000","0.000","11.243","8.284","5.917"
"Mauritania","2019","0.000","0.000","10.989","7.692","6.593"
"Mauritania","2020","0.000","0.000","11.864","7.910","7.345"
"Mauritania","2021","0.000","0.000","11.170","7.447","7.979"
"Mauritius","2000","15.476","0.000","5.357","0.000","0.000"
"Mauritius","2001","15.000","0.000","3.889","0.000","0.000"
"Mauritius","2002","15.135","0.000","4.865","0.000","0.000"
"Mauritius","2003","14.646","0.000","6.061","0.000","0.000"
"Mauritius","2004","14.634","0.000","5.854","0.000","0.000"
"Mauritius","2005","17.290","0.000","5.140","0.000","0.000"
"Mauritius","2006","18.919","0.000","3.604","0.000","0.000"
"Mauritius","2007","29.741","0.000","3.448","0.000","0.000"
"Mauritius","2008","29.630","0.000","4.527","0.000","0.000"
"Mauritius","2009","28.049","0.000","4.878","0.000","0.000"
"Mauritius","2010","27.237","0.000","3.891","0.000","0.000"
"Mauritius","2011","28.077","0.000","1.923","0.000","0.000"
"Mauritius","2012","26.136","0.000","2.652","0.000","0.000"
"Mauritius","2013","26.007","0.000","3.297","0.000","0.000"
"Mauritius","2014","26.071","0.000","3.214","1.071","0.000"
"Mauritius","2015","25.524","0.000","4.196","1.049","0.000"
"Mauritius","2016","24.828","0.000","3.448","1.034","0.690"
"Mauritius","2017","22.896","0.000","3.030","1.347","0.337"
"Mauritius","2018","24.579","0.000","4.040","1.684","0.337"
"Mauritius","2019","24.272","0.000","3.236","4.207","0.324"
"Mauritius","2020","23.723","0.000","3.650","5.474","0.730"
"Mauritius","2021","23.611","0.000","3.472","5.556","0.694"
"Mexico","1985","4.017","7.497","29.548","0.000","0.000"
"Mexico","1986","6.383","7.683","21.385","0.000","0.000"
"Mexico","1987","6.888","8.439","18.165","0.000","0.000"
"Mexico","1988","7.182","7.398","19.456","0.000","0.000"
"Mexico","1989","6.593","8.130","21.120","0.000","0.000"
"Mexico","1990","6.632","11.233","20.819","0.001","0.001"
"Mexico","1991","7.189","14.725","17.597","0.002","0.001"
"Mexico","1992","7.219","14.195","20.271","0.002","0.001"
"Mexico","1993","8.585","14.161","19.797","0.003","0.001"
"Mexico","1994","9.775","14.631","13.872","0.003","0.003"
"Mexico","1995","10.297","14.896","18.356","0.003","0.005"
"Mexico","1996","11.836","13.518","20.012","0.004","0.004"
"Mexico","1997","11.030","13.866","15.810","0.004","0.007"
"Mexico","1998","10.321","16.582","13.583","0.004","0.008"
"Mexico","1999","9.795","17.320","17.219","0.004","0.009"
"Mexico","2000","8.927","18.880","16.897","0.005","0.010"
"Mexico","2001","10.588","23.244","14.028","0.005","0.010"
"Mexico","2002","11.639","31.039","12.064","0.005","0.010"
"Mexico","2003","13.429","35.020","9.717","0.005","0.010"
"Mexico","2004","9.856","38.254","11.311","0.005","0.009"
"Mexico","2005","13.204","34.806","11.834","0.004","0.009"
"Mexico","2006","12.150","44.423","12.707","0.004","0.025"
"Mexico","2007","11.717","47.798","11.069","0.004","0.107"
"Mexico","2008","7.754","47.703","15.699","0.004","0.109"
"Mexico","2009","10.796","50.662","10.776","0.004","0.244"
"Mexico","2010","11.550","51.273","13.914","0.011","0.469"
"Mexico","2011","11.312","50.799","12.821","0.014","0.582"
"Mexico","2012","11.308","50.753","11.094","0.025","1.289"
"Mexico","2013","10.429","54.389","9.649","0.038","1.452"
"Mexico","2014","10.824","55.760","13.284","0.076","2.188"
"Mexico","2015","10.568","58.309","10.276","0.081","2.837"
"Mexico","2016","10.488","58.438","9.815","0.152","3.277"
"Mexico","2017","9.232","57.647","10.267","0.346","3.206"
"Mexico","2018","8.575","59.168","9.728","0.410","3.774"
"Mexico","2019","9.164","59.108","7.401","2.191","5.275"
"Mexico","2020","5.671","60.002","8.215","3.453","6.073"
"Mexico","2021","3.944","59.181","10.230","4.202","6.223"
"Mexico","2022","5.980","54.592","10.100","3.831","5.788"
"Moldova","2000","53.484","39.171","7.345","0.000","0.000"
"Moldova","2001","54.078","39.539","6.383","0.000","0.000"
"Moldova","2002","54.246","39.688","6.066","0.000","0.000"
"Moldova","2003","54.286","39.664","6.050","0.000","0.000"
"Moldova","2004","54.310","39.655","6.034","0.000","0.000"
"Moldova","2005","54.271","39.698","6.030","0.000","0.000"
"Moldova","2006","54.276","39.638","6.086","0.000","0.000"
"Moldova","2007","54.252","39.796","5.952","0.000","0.000"
"Moldova","2008","54.077","39.601","6.323","0.000","0.000"
"Moldova","2009","54.443","39.903","5.654","0.000","0.000"
"Moldova","2010","54.010","39.444","6.547","0.000","0.000"
"Moldova","2011","54.231","39.724","6.045","0.000","0.000"
"Moldova","2012","55.000","40.345","4.655","0.000","0.000"
"Moldova","2013","53.778","39.333","6.889","0.000","0.000"
"Moldova","2014","54.174","39.703","5.937","0.000","0.000"
"Moldova","2015","55.132","40.397","4.305","0.000","0.000"
"Moldova","2016","55.385","40.513","3.932","0.000","0.000"
"Moldova","2017","54.234","39.718","5.645","0.000","0.202"
"Moldova","2018","54.461","39.963","5.019","0.000","0.372"
"Moldova","2019","54.130","39.719","5.272","0.000","0.703"
"Moldova","2020","54.531","39.968","4.531","0.000","0.809"
"Moldova","2021","54.054","39.640","4.805","0.150","1.201"
"Moldova","2022","66.914","26.208","5.019","0.186","1.487"
"Mongolia","2000","100.000","0.000","0.000","0.000","0.000"
"Mongolia","2001","100.000","0.000","0.000","0.000","0.000"
"Mongolia","2002","100.000","0.000","0.000","0.000","0.000"
"Mongolia","2003","100.000","0.000","0.000","0.000","0.000"
"Mongolia","2004","100.000","0.000","0.000","0.000","0.000"
"Mongolia","2005","100.000","0.000","0.000","0.000","0.000"
"Mongolia","2006","100.000","0.000","0.000","0.000","0.000"
"Mongolia","2007","100.000","0.000","0.000","0.000","0.000"
"Mongolia","2008","99.744","0.000","0.000","0.256","0.000"
"Mongolia","2009","99.746","0.000","0.000","0.254","0.000"
"Mongolia","2010","98.768","0.000","0.985","0.246","0.000"
"Mongolia","2011","98.595","0.000","1.171","0.234","0.000"
"Mongolia","2012","98.675","0.000","1.104","0.221","0.000"
"Mongolia","2013","97.458","0.000","1.271","0.212","1.059"
"Mongolia","2014","95.858","0.000","1.381","0.197","2.564"
"Mongolia","2015","95.761","0.000","1.156","0.193","2.890"
"Mongolia","2016","95.318","0.000","1.685","0.187","2.809"
"Mongolia","2017","95.471","0.000","1.449","0.543","2.536"
"Mongolia","2018","92.846","0.000","1.301","0.976","4.878"
"Mongolia","2019","90.046","0.000","1.378","1.225","7.351"
"Mongolia","2020","89.881","0.000","1.190","1.786","7.143"
"Mongolia","2021","90.169","0.000","1.124","1.966","6.742"
"Mongolia","2022","91.197","0.000","1.100","1.926","5.777"
"Montenegro","2005","34.843","0.000","65.157","0.000","0.000"
"Montenegro","2006","40.678","0.000","59.322","0.000","0.000"
"Montenegro","2007","40.187","0.000","59.813","0.000","0.000"
"Montenegro","2008","45.583","0.000","54.417","0.000","0.000"
"Montenegro","2009","25.000","0.000","75.000","0.000","0.000"
"Montenegro","2010","31.592","0.000","68.408","0.000","0.000"
"Montenegro","2011","54.717","0.000","45.283","0.000","0.000"
"Montenegro","2012","48.070","0.000","51.930","0.000","0.000"
"Montenegro","2013","36.548","0.000","63.452","0.000","0.000"
"Montenegro","2014","44.795","0.000","55.205","0.000","0.000"
"Montenegro","2015","50.333","0.000","49.667","0.000","0.000"
"Montenegro","2016","41.401","0.000","58.599","0.000","0.000"
"Montenegro","2017","54.839","0.000","41.129","0.000","4.032"
"Montenegro","2018","40.789","0.000","55.526","0.000","3.684"
"Montenegro","2019","43.732","0.000","47.522","0.000","8.746"
"Montenegro","2020","47.788","0.000","42.773","0.000","9.440"
"Montenegro","2021","38.196","0.000","53.316","0.000","8.488"
"Montenegro","2022","47.678","0.000","42.415","0.000","9.907"
"Montserrat","2000","0.000","0.000","0.000","0.000","0.000"
"Montserrat","2001","0.000","0.000","0.000","0.000","0.000"
"Montserrat","2002","0.000","0.000","0.000","0.000","0.000"
"Montserrat","2003","0.000","0.000","0.000","0.000","0.000"
"Montserrat","2004","0.000","0.000","0.000","0.000","0.000"
"Montserrat","2005","0.000","0.000","0.000","0.000","0.000"
"Montserrat","2006","0.000","0.000","0.000","0.000","0.000"
"Montserrat","2007","0.000","0.000","0.000","0.000","0.000"
"Montserrat","2008","0.000","0.000","0.000","0.000","0.000"
"Montserrat","2009","0.000","0.000","0.000","0.000","0.000"
"Montserrat","2010","0.000","0.000","0.000","0.000","0.000"
"Montserrat","2011","0.000","0.000","0.000","0.000","0.000"
"Montserrat","2012","0.000","0.000","0.000","0.000","0.000"
"Montserrat","2013","0.000","0.000","0.000","0.000","0.000"
"Montserrat","2014","0.000","0.000","0.000","0.000","0.000"
"Montserrat","2015","0.000","0.000","0.000","0.000","0.000"
"Montserrat","2016","0.000","0.000","0.000","0.000","0.000"
"Montserrat","2017","0.000","0.000","0.000","0.000","0.000"
"Montserrat","2018","0.000","0.000","0.000","0.000","0.000"
"Montserrat","2019","0.000","0.000","0.000","0.000","0.000"
"Montserrat","2020","0.000","0.000","0.000","0.000","0.000"
"Montserrat","2021","0.000","0.000","0.000","0.000","0.000"
"Morocco","1985","","","6.617","0.000","0.000"
"Morocco","1986","","","8.282","0.000","0.000"
"Morocco","1987","","","10.311","0.000","0.000"
"Morocco","1988","","","10.419","0.000","0.000"
"Morocco","1989","","","12.821","0.000","0.000"
"Morocco","1990","","","12.671","0.000","0.000"
"Morocco","1991","","","13.319","0.000","0.000"
"Morocco","1992","","","9.919","0.000","0.000"
"Morocco","1993","","","4.470","0.000","0.000"
"Morocco","1994","","","7.323","0.000","0.000"
"Morocco","1995","","","5.053","0.000","0.000"
"Morocco","1996","","","15.609","0.000","0.000"
"Morocco","1997","","","15.324","0.000","0.000"
"Morocco","1998","","","13.703","0.000","0.000"
"Morocco","1999","","","6.398","0.000","0.000"
"Morocco","2000","65.375","0.000","5.853","0.000","0.495"
"Morocco","2001","68.521","0.000","6.056","0.000","1.479"
"Morocco","2002","68.404","0.000","5.541","0.000","1.253"
"Morocco","2003","66.080","0.000","8.738","0.000","1.214"
"Morocco","2004","65.886","0.000","9.086","0.000","1.143"
"Morocco","2005","59.243","12.999","5.168","0.000","1.119"
"Morocco","2006","59.367","13.025","5.138","0.000","0.934"
"Morocco","2007","59.307","13.030","4.705","0.000","1.448"
"Morocco","2008","59.267","13.035","4.684","0.000","1.527"
"Morocco","2009","51.848","11.389","12.687","0.000","1.948"
"Morocco","2010","43.401","20.728","14.509","0.000","2.792"
"Morocco","2011","46.859","22.369","7.963","0.000","2.761"
"Morocco","2012","47.864","22.855","5.915","0.219","2.665"
"Morocco","2013","44.287","21.173","10.306","0.224","5.078"
"Morocco","2014","52.596","18.169","5.840","0.216","6.921"
"Morocco","2015","51.354","17.739","6.330","0.102","8.531"
"Morocco","2016","51.083","17.618","4.068","1.411","9.908"
"Morocco","2017","54.105","16.387","3.708","1.395","9.635"
"Morocco","2018","58.370","11.919","4.908","2.775","11.277"
"Morocco","2019","58.404","11.931","3.152","3.952","11.806"
"Morocco","2020","58.911","12.038","2.267","3.960","11.959"
"Morocco","2021","57.821","11.816","2.930","4.407","12.373"
"Morocco","2022","","","0.851","3.518","13.014"
"Mozambique","2000","0.000","0.000","99.480","0.000","0.000"
"Mozambique","2001","0.000","0.000","99.491","0.000","0.000"
"Mozambique","2002","0.000","0.000","99.524","0.000","0.000"
"Mozambique","2003","0.000","0.000","99.354","0.000","0.000"
"Mozambique","2004","0.000","0.000","99.312","0.000","0.000"
"Mozambique","2005","0.000","0.000","99.545","0.000","0.000"
"Mozambique","2006","0.000","0.000","99.590","0.000","0.000"
"Mozambique","2007","0.000","0.000","99.624","0.000","0.000"
"Mozambique","2008","0.000","0.000","99.601","0.000","0.000"
"Mozambique","2009","0.000","0.000","99.644","0.000","0.000"
"Mozambique","2010","0.000","0.000","99.577","0.000","0.000"
"Mozambique","2011","0.000","0.000","99.522","0.000","0.000"
"Mozambique","2012","0.000","0.000","99.469","0.000","0.000"
"Mozambique","2013","0.000","0.000","97.363","0.000","0.000"
"Mozambique","2014","0.000","0.000","91.121","0.000","0.000"
"Mozambique","2015","0.000","0.000","86.491","0.000","0.000"
"Mozambique","2016","0.000","0.000","83.378","0.000","0.000"
"Mozambique","2017","0.000","0.000","82.906","0.000","0.000"
"Mozambique","2018","0.000","10.820","81.926","0.000","0.000"
"Mozambique","2019","0.000","12.079","79.797","0.000","0.000"
"Mozambique","2020","0.000","11.169","81.179","0.155","0.000"
"Mozambique","2021","0.000","11.508","80.402","0.352","0.000"
"Myanmar","2000","0.000","45.621","38.086","0.000","0.000"
"Myanmar","2001","0.000","43.556","40.000","0.000","0.000"
"Myanmar","2002","0.000","40.800","44.200","0.000","0.000"
"Myanmar","2003","0.000","42.565","41.450","0.000","0.000"
"Myanmar","2004","7.421","36.735","44.156","0.000","0.000"
"Myanmar","2005","11.512","28.351","51.031","0.000","0.000"
"Myanmar","2006","10.403","25.671","55.201","0.000","0.000"
"Myanmar","2007","9.677","23.871","57.742","0.000","0.000"
"Myanmar","2008","8.554","21.151","62.675","0.000","0.000"
"Myanmar","2009","5.433","13.363","76.358","0.000","0.000"
"Myanmar","2010","7.221","17.711","68.801","0.000","0.000"
"Myanmar","2011","5.285","12.953","77.098","0.000","0.000"
"Myanmar","2012","6.279","15.558","72.071","0.000","0.000"
"Myanmar","2013","5.012","17.584","71.734","0.082","0.000"
"Myanmar","2014","3.934","29.041","62.518","0.072","0.000"
"Myanmar","2015","4.198","30.916","59.224","0.191","0.000"
"Myanmar","2016","4.387","34.473","54.986","0.285","0.000"
"Myanmar","2017","4.254","24.939","53.447","0.293","0.000"
"Myanmar","2018","4.064","27.021","54.801","0.313","0.000"
"Myanmar","2019","4.720","34.471","44.332","0.379","0.000"
"Myanmar","2020","3.226","34.083","46.689","0.340","0.000"
"Myanmar","2021","3.578","38.148","40.250","0.447","0.000"
"Namibia","2000","2.128","0.000","97.163","0.000","0.000"
"Namibia","2001","0.000","0.000","100.000","0.000","0.000"
"Namibia","2002","0.000","0.000","100.000","0.000","0.000"
"Namibia","2003","0.662","0.000","99.338","0.000","0.000"
"Namibia","2004","0.000","0.000","100.000","0.000","0.000"
"Namibia","2005","1.786","0.000","97.619","0.000","0.000"
"Namibia","2006","4.167","0.000","94.643","0.000","0.000"
"Namibia","2007","1.875","0.000","97.500","0.000","0.000"
"Namibia","2008","8.485","0.000","89.697","0.000","0.000"
"Namibia","2009","4.082","0.000","94.558","0.000","0.000"
"Namibia","2010","3.077","0.000","95.385","0.769","0.000"
"Namibia","2011","1.399","0.000","97.203","0.699","0.000"
"Namibia","2012","1.227","0.000","97.546","0.613","0.000"
"Namibia","2013","2.985","0.000","94.030","1.493","0.000"
"Namibia","2014","0.658","0.000","96.711","1.974","0.000"
"Namibia","2015","1.282","0.000","95.513","2.564","0.000"
"Namibia","2016","2.721","0.000","91.837","4.082","0.000"
"Namibia","2017","2.299","0.000","90.805","5.747","0.000"
"Namibia","2018","0.709","0.000","80.142","17.021","1.418"
"Namibia","2019","2.206","0.000","69.853","25.735","1.471"
"Namibia","2020","2.051","0.000","76.923","18.974","1.026"
"Namibia","2021","3.185","0.000","70.064","24.204","1.274"
"Nauru","2000","0.000","0.000","0.000","0.000","0.000"
"Nauru","2001","0.000","0.000","0.000","0.000","0.000"
"Nauru","2002","0.000","0.000","0.000","0.000","0.000"
"Nauru","2003","0.000","0.000","0.000","0.000","0.000"
"Nauru","2004","0.000","0.000","0.000","0.000","0.000"
"Nauru","2005","0.000","0.000","0.000","0.000","0.000"
"Nauru","2006","0.000","0.000","0.000","0.000","0.000"
"Nauru","2007","0.000","0.000","0.000","0.000","0.000"
"Nauru","2008","0.000","0.000","0.000","0.000","0.000"
"Nauru","2009","0.000","0.000","0.000","0.000","0.000"
"Nauru","2010","0.000","0.000","0.000","0.000","0.000"
"Nauru","2011","0.000","0.000","0.000","0.000","0.000"
"Nauru","2012","0.000","0.000","0.000","0.000","0.000"
"Nauru","2013","0.000","0.000","0.000","0.000","0.000"
"Nauru","2014","0.000","0.000","0.000","0.000","0.000"
"Nauru","2015","0.000","0.000","0.000","0.000","0.000"
"Nauru","2016","0.000","0.000","0.000","0.000","0.000"
"Nauru","2017","0.000","0.000","0.000","0.000","0.000"
"Nauru","2018","0.000","0.000","0.000","0.000","0.000"
"Nauru","2019","0.000","0.000","0.000","0.000","0.000"
"Nauru","2020","0.000","0.000","0.000","0.000","0.000"
"Nauru","2021","0.000","0.000","0.000","0.000","0.000"
"Nepal","2000","0.000","0.000","95.858","0.000","0.000"
"Nepal","2001","0.000","0.000","98.919","0.000","0.000"
"Nepal","2002","0.000","0.000","99.057","0.000","0.000"
"Nepal","2003","0.000","0.000","100.000","0.000","0.000"
"Nepal","2004","0.000","0.000","99.582","0.000","0.000"
"Nepal","2005","0.000","0.000","99.600","0.000","0.000"
"Nepal","2006","0.000","0.000","99.632","0.000","0.000"
"Nepal","2007","0.000","0.000","99.281","0.360","0.000"
"Nepal","2008","0.000","0.000","99.286","0.357","0.000"
"Nepal","2009","0.000","0.000","99.353","0.324","0.000"
"Nepal","2010","0.000","0.000","99.686","0.314","0.000"
"Nepal","2011","0.000","0.000","99.711","0.289","0.000"
"Nepal","2012","0.000","0.000","99.150","0.283","0.000"
"Nepal","2013","0.000","0.000","99.143","0.571","0.000"
"Nepal","2014","0.000","0.000","99.206","0.529","0.265"
"Nepal","2015","0.000","0.000","99.130","0.580","0.290"
"Nepal","2016","0.000","0.000","99.291","0.473","0.236"
"Nepal","2017","0.000","0.000","98.093","1.695","0.212"
"Nepal","2018","0.000","0.000","98.196","1.603","0.200"
"Nepal","2019","0.000","0.000","98.722","1.118","0.160"
"Nepal","2020","0.000","0.000","98.262","1.580","0.158"
"Nepal","2021","0.000","0.000","98.039","1.797","0.163"
"Netherlands","1985","23.554","60.680","0.005","0.000","0.000"
"Netherlands","1986","22.537","61.787","0.004","0.000","0.001"
"Netherlands","1987","24.760","60.326","0.001","0.000","0.003"
"Netherlands","1988","31.951","52.299","0.003","0.000","0.023"
"Netherlands","1989","30.317","54.638","0.051","0.000","0.031"
"Netherlands","1990","34.833","50.877","0.125","0.000","0.084"
"Netherlands","1991","30.519","55.232","0.135","0.000","0.121"
"Netherlands","1992","29.371","56.405","0.156","0.000","0.195"
"Netherlands","1993","27.827","57.343","0.117","0.000","0.221"
"Netherlands","1994","30.266","54.657","0.126","0.000","0.301"
"Netherlands","1995","33.877","51.941","0.111","0.000","0.396"
"Netherlands","1996","30.305","55.258","0.094","0.000","0.516"
"Netherlands","1997","28.326","58.716","0.104","0.000","0.545"
"Netherlands","1998","29.082","56.184","0.121","0.000","0.704"
"Netherlands","1999","25.332","59.112","0.104","0.012","0.740"
"Netherlands","2000","27.162","57.635","0.157","0.011","0.929"
"Netherlands","2001","27.272","57.551","0.128","0.011","0.888"
"Netherlands","2002","27.144","57.734","0.115","0.021","0.992"
"Netherlands","2003","27.505","56.957","0.072","0.031","1.366"
"Netherlands","2004","24.701","59.390","0.089","0.030","1.851"
"Netherlands","2005","23.575","57.785","0.090","0.040","2.077"
"Netherlands","2006","24.055","57.898","0.111","0.041","2.766"
"Netherlands","2007","23.733","58.105","0.105","0.038","3.276"
"Netherlands","2008","21.862","58.994","0.093","0.037","3.966"
"Netherlands","2009","21.381","60.646","0.088","0.035","4.033"
"Netherlands","2010","18.966","63.244","0.084","0.050","3.350"
"Netherlands","2011","18.794","61.040","0.053","0.088","4.481"
"Netherlands","2012","23.489","54.875","0.097","0.184","4.832"
"Netherlands","2013","24.246","55.241","0.108","0.404","5.547"
"Netherlands","2014","28.570","49.913","0.107","0.707","5.619"
"Netherlands","2015","36.204","42.059","0.083","1.020","6.939"
"Netherlands","2016","32.267","46.130","0.088","1.406","7.177"
"Netherlands","2017","27.049","49.957","0.052","1.902","9.140"
"Netherlands","2018","24.164","50.607","0.062","3.264","9.280"
"Netherlands","2019","14.662","58.490","0.058","4.471","9.529"
"Netherlands","2020","6.198","59.085","0.041","6.979","12.444"
"Netherlands","2021","11.997","46.567","0.074","9.456","14.801"
"Netherlands","2022","12.077","39.623","0.050","13.922","17.876"
"New Caledonia","2000","0.000","0.000","28.025","0.000","0.637"
"New Caledonia","2001","0.000","0.000","21.951","0.000","0.610"
"New Caledonia","2002","0.000","0.000","19.162","0.000","0.599"
"New Caledonia","2003","0.000","0.000","19.277","0.000","0.000"
"New Caledonia","2004","0.000","0.000","20.126","0.000","0.629"
"New Caledonia","2005","0.000","0.000","18.994","0.000","1.117"
"New Caledonia","2006","0.000","0.000","15.819","0.000","1.695"
"New Caledonia","2007","0.000","0.000","21.196","0.000","2.174"
"New Caledonia","2008","0.000","0.000","25.281","0.000","1.685"
"New Caledonia","2009","0.000","0.000","21.858","0.000","1.639"
"New Caledonia","2010","0.000","0.000","12.935","0.000","2.488"
"New Caledonia","2011","0.000","0.000","17.209","0.000","2.326"
"New Caledonia","2012","0.000","0.000","18.349","0.000","2.752"
"New Caledonia","2013","0.000","0.000","19.328","0.000","2.101"
"New Caledonia","2014","0.000","0.000","10.175","0.000","2.105"
"New Caledonia","2015","0.000","0.000","12.364","0.364","2.182"
"New Caledonia","2016","0.000","0.000","7.770","0.338","1.689"
"New Caledonia","2017","0.000","0.000","11.765","0.980","1.634"
"New Caledonia","2018","0.000","0.000","10.667","1.667","1.667"
"New Caledonia","2019","0.000","0.000","11.465","3.822","1.911"
"New Caledonia","2020","0.000","0.000","6.984","4.762","1.587"
"New Caledonia","2021","0.000","0.000","6.548","5.357","1.786"
"New Zealand","1985","","","69.235","0.000","0.000"
"New Zealand","1986","","","75.303","0.000","0.000"
"New Zealand","1987","","","73.703","0.000","0.000"
"New Zealand","1988","","","73.868","0.000","0.000"
"New Zealand","1989","","","71.940","0.000","0.000"
"New Zealand","1990","","","71.089","0.000","0.000"
"New Zealand","1991","","","68.059","0.000","0.000"
"New Zealand","1992","","","63.511","0.000","0.002"
"New Zealand","1993","","","67.868","0.000","0.003"
"New Zealand","1994","","","73.410","0.000","0.003"
"New Zealand","1995","","","75.625","0.000","0.003"
"New Zealand","1996","","","71.141","0.000","0.023"
"New Zealand","1997","","","62.115","0.000","0.036"
"New Zealand","1998","","","67.025","0.000","0.058"
"New Zealand","1999","","","60.378","0.000","0.103"
"New Zealand","2000","13.586","14.398","63.325","0.000","0.314"
"New Zealand","2001","17.106","18.123","55.958","0.000","0.365"
"New Zealand","2002","14.014","14.850","62.392","0.000","0.380"
"New Zealand","2003","15.511","16.422","59.185","0.000","0.380"
"New Zealand","2004","12.452","13.825","64.957","0.000","0.867"
"New Zealand","2005","15.892","17.650","55.598","0.000","1.469"
"New Zealand","2006","15.759","17.495","55.479","0.000","1.474"
"New Zealand","2007","13.087","19.807","55.176","0.000","2.169"
"New Zealand","2008","13.541","20.477","52.182","0.000","2.477"
"New Zealand","2009","10.837","16.410","56.865","0.000","3.462"
"New Zealand","2010","10.282","15.584","56.185","0.000","3.718"
"New Zealand","2011","8.092","13.942","57.480","0.000","4.486"
"New Zealand","2012","9.458","16.296","52.550","0.000","4.775"
"New Zealand","2013","6.844","16.639","53.812","0.024","4.720"
"New Zealand","2014","4.102","14.932","56.423","0.047","5.134"
"New Zealand","2015","3.922","14.282","56.022","0.092","5.399"
"New Zealand","2016","3.168","11.530","59.818","0.140","5.404"
"New Zealand","2017","3.717","13.553","57.539","0.185","4.779"
"New Zealand","2018","3.316","12.065","59.843","0.230","4.720"
"New Zealand","2019","3.606","13.171","57.841","0.297","5.090"
"New Zealand","2020","3.774","14.540","55.638","0.370","5.279"
"New Zealand","2021","3.731","14.302","55.228","0.461","6.034"
"New Zealand","2022","0.068","13.265","58.776","0.454","7.256"
"Nicaragua","2000","0.000","0.000","9.859","0.000","0.000"
"Nicaragua","2001","0.000","0.000","8.155","0.000","0.000"
"Nicaragua","2002","0.000","0.000","11.111","0.000","0.000"
"Nicaragua","2003","0.000","0.000","11.154","0.000","0.000"
"Nicaragua","2004","0.000","0.000","11.896","0.000","0.000"
"Nicaragua","2005","0.000","0.000","14.286","0.000","0.000"
"Nicaragua","2006","0.000","0.000","10.000","0.000","0.000"
"Nicaragua","2007","0.000","0.000","10.274","0.000","0.000"
"Nicaragua","2008","0.000","0.000","16.460","0.000","0.000"
"Nicaragua","2009","0.000","0.000","8.169","0.000","3.099"
"Nicaragua","2010","0.000","0.000","14.245","0.000","4.558"
"Nicaragua","2011","0.000","0.000","12.022","0.000","5.738"
"Nicaragua","2012","0.000","0.000","10.540","0.257","8.483"
"Nicaragua","2013","0.000","0.000","11.139","0.000","13.861"
"Nicaragua","2014","0.000","0.000","8.966","0.000","19.540"
"Nicaragua","2015","0.000","0.000","6.532","0.000","19.595"
"Nicaragua","2016","0.000","0.000","9.396","0.000","16.331"
"Nicaragua","2017","0.000","0.000","10.502","0.228","14.384"
"Nicaragua","2018","0.000","0.000","9.051","0.442","17.660"
"Nicaragua","2019","0.000","0.000","5.134","0.670","16.295"
"Nicaragua","2020","0.000","0.000","12.896","0.679","12.443"
"Nicaragua","2021","0.000","0.000","12.311","0.648","13.607"
"Niger","2000","0.000","0.000","0.000","0.000","0.000"
"Niger","2001","0.000","0.000","0.000","0.000","0.000"
"Niger","2002","0.000","0.000","0.000","0.000","0.000"
"Niger","2003","0.000","0.000","0.000","0.000","0.000"
"Niger","2004","0.000","0.000","0.000","0.000","0.000"
"Niger","2005","0.000","0.000","0.000","0.000","0.000"
"Niger","2006","0.000","0.000","0.000","0.000","0.000"
"Niger","2007","0.000","0.000","0.000","0.000","0.000"
"Niger","2008","0.000","0.000","0.000","0.000","0.000"
"Niger","2009","0.000","0.000","0.000","0.000","0.000"
"Niger","2010","0.000","0.000","0.000","0.000","0.000"
"Niger","2011","0.000","0.000","0.000","0.000","0.000"
"Niger","2012","0.000","0.000","0.000","2.564","0.000"
"Niger","2013","0.000","0.000","0.000","2.381","0.000"
"Niger","2014","0.000","0.000","0.000","2.381","0.000"
"Niger","2015","0.000","0.000","0.000","1.961","0.000"
"Niger","2016","0.000","0.000","0.000","2.000","0.000"
"Niger","2017","0.000","0.000","0.000","1.887","0.000"
"Niger","2018","0.000","0.000","0.000","9.259","0.000"
"Niger","2019","0.000","0.000","0.000","8.197","0.000"
"Niger","2020","0.000","0.000","0.000","11.628","0.000"
"Niger","2021","0.000","0.000","0.000","11.111","0.000"
"Nigeria","2000","3.887","55.830","40.212","0.000","0.000"
"Nigeria","2001","3.908","56.604","39.420","0.000","0.000"
"Nigeria","2002","3.677","56.846","39.429","0.000","0.000"
"Nigeria","2003","3.773","58.088","38.088","0.000","0.000"
"Nigeria","2004","4.000","61.376","34.538","0.000","0.000"
"Nigeria","2005","3.640","62.184","34.132","0.000","0.000"
"Nigeria","2006","3.947","67.877","28.131","0.000","0.000"
"Nigeria","2007","3.651","68.188","28.115","0.000","0.000"
"Nigeria","2008","3.277","68.570","28.103","0.000","0.000"
"Nigeria","2009","3.348","72.795","23.804","0.000","0.000"
"Nigeria","2010","3.294","71.274","25.352","0.000","0.000"
"Nigeria","2011","3.344","73.950","22.628","0.000","0.000"
"Nigeria","2012","2.967","76.374","20.513","0.073","0.000"
"Nigeria","2013","2.696","77.960","19.199","0.073","0.000"
"Nigeria","2014","2.745","79.804","17.288","0.065","0.000"
"Nigeria","2015","2.240","79.228","18.371","0.097","0.000"
"Nigeria","2016","2.031","72.602","25.211","0.094","0.000"
"Nigeria","2017","2.074","74.375","23.398","0.092","0.000"
"Nigeria","2018","1.947","73.752","24.144","0.094","0.000"
"Nigeria","2019","1.864","71.090","26.635","0.126","0.000"
"Nigeria","2020","1.850","71.880","25.866","0.135","0.000"
"Nigeria","2021","1.812","72.314","25.429","0.159","0.000"
"Nigeria","2022","1.776","70.498","27.290","0.156","0.000"
"North Korea","2000","46.133","0.000","53.867","0.000","0.000"
"North Korea","2001","46.233","0.000","53.767","0.000","0.000"
"North Korea","2002","45.031","0.000","54.969","0.000","0.000"
"North Korea","2003","42.913","0.000","57.087","0.000","0.000"
"North Korea","2004","41.851","0.000","58.149","0.000","0.000"
"North Korea","2005","41.415","0.000","58.585","0.000","0.000"
"North Korea","2006","42.495","0.000","57.505","0.000","0.000"
"North Korea","2007","37.081","0.000","62.919","0.000","0.000"
"North Korea","2008","38.144","0.000","61.856","0.000","0.000"
"North Korea","2009","39.580","0.000","60.420","0.000","0.000"
"North Korea","2010","36.930","0.000","63.070","0.000","0.000"
"North Korea","2011","30.219","0.000","69.781","0.000","0.000"
"North Korea","2012","28.747","0.000","71.253","0.000","0.000"
"North Korea","2013","23.257","0.000","76.743","0.000","0.000"
"North Korea","2014","26.358","0.000","73.585","0.057","0.000"
"North Korea","2015","26.155","0.000","73.770","0.075","0.000"
"North Korea","2016","23.430","0.000","76.510","0.060","0.000"
"North Korea","2017","19.302","0.000","80.630","0.068","0.000"
"North Korea","2018","16.248","0.000","83.686","0.066","0.000"
"North Korea","2019","17.945","0.000","81.906","0.149","0.000"
"North Korea","2020","15.156","0.000","84.712","0.132","0.000"
"North Korea","2021","16.817","0.000","83.045","0.138","0.000"
"North Macedonia","1990","89.739","0.000","8.522","0.000","0.000"
"North Macedonia","1991","84.229","0.000","14.731","0.000","0.000"
"North Macedonia","1992","85.008","0.000","14.003","0.000","0.000"
"North Macedonia","1993","88.224","0.000","10.039","0.000","0.000"
"North Macedonia","1994","87.710","0.000","11.616","0.000","0.000"
"North Macedonia","1995","86.297","0.000","13.051","0.000","0.000"
"North Macedonia","1996","86.145","0.000","12.801","0.000","0.000"
"North Macedonia","1997","85.587","0.000","13.373","0.000","0.000"
"North Macedonia","1998","83.830","0.000","15.319","0.000","0.000"
"North Macedonia","1999","79.300","0.000","20.262","0.000","0.000"
"North Macedonia","2000","76.505","0.000","17.181","0.000","0.000"
"North Macedonia","2001","87.441","0.000","9.890","0.000","0.000"
"North Macedonia","2002","84.072","0.000","12.479","0.000","0.000"
"North Macedonia","2003","79.346","0.000","20.357","0.000","0.000"
"North Macedonia","2004","77.477","0.000","22.222","0.000","0.000"
"North Macedonia","2005","78.386","0.000","21.470","0.000","0.000"
"North Macedonia","2006","72.896","0.000","23.538","0.000","0.000"
"North Macedonia","2007","77.077","0.000","15.538","0.000","0.000"
"North Macedonia","2008","83.835","0.000","13.312","0.000","0.000"
"North Macedonia","2009","77.713","0.000","18.622","0.000","0.000"
"North Macedonia","2010","65.289","0.413","33.471","0.000","0.000"
"North Macedonia","2011","76.479","1.331","21.154","0.000","0.000"
"North Macedonia","2012","77.157","4.792","16.613","0.000","0.000"
"North Macedonia","2013","66.174","5.911","25.944","0.164","0.000"
"North Macedonia","2014","69.517","3.717","22.491","0.186","1.301"
"North Macedonia","2015","58.407","3.186","33.097","0.354","2.124"
"North Macedonia","2016","51.332","10.124","33.748","0.355","1.954"
"North Macedonia","2017","60.536","14.821","19.821","0.357","1.964"
"North Macedonia","2018","50.802","13.369","31.907","0.357","1.783"
"North Macedonia","2019","59.796","16.354","19.761","0.341","1.704"
"North Macedonia","2020","49.251","21.348","23.970","0.375","2.247"
"North Macedonia","2021","39.746","28.131","26.316","0.544","1.815"
"North Macedonia","2022","48.641","22.175","24.034","0.429","2.003"
"Norway","1985","","","99.120","0.000","0.000"
"Norway","1986","","","98.887","0.000","0.000"
"Norway","1987","","","99.031","0.000","0.000"
"Norway","1988","","","98.944","0.000","0.000"
"Norway","1989","","","99.331","0.000","0.000"
"Norway","1990","0.033","0.000","99.737","0.000","0.000"
"Norway","1991","0.045","0.000","99.701","0.000","0.000"
"Norway","1992","0.043","0.000","99.709","0.000","0.000"
"Norway","1993","0.042","0.008","99.682","0.000","0.008"
"Norway","1994","0.053","0.134","99.501","0.000","0.009"
"Norway","1995","0.049","0.156","99.509","0.000","0.008"
"Norway","1996","0.048","0.268","99.321","0.000","0.010"
"Norway","1997","0.036","0.217","99.456","0.000","0.009"
"Norway","1998","0.034","0.189","99.476","0.000","0.009"
"Norway","1999","0.033","0.229","99.427","0.000","0.025"
"Norway","2000","0.028","0.147","99.572","0.000","0.021"
"Norway","2001","0.033","0.198","99.422","0.000","0.025"
"Norway","2002","0.031","0.154","99.424","0.000","0.061"
"Norway","2003","0.038","0.281","98.959","0.000","0.206"
"Norway","2004","0.036","0.336","98.909","0.000","0.227"
"Norway","2005","0.029","0.277","98.972","0.000","0.365"
"Norway","2006","0.033","0.388","98.580","0.000","0.529"
"Norway","2007","0.029","0.559","98.323","0.000","0.655"
"Norway","2008","0.028","0.312","98.596","0.000","0.645"
"Norway","2009","0.031","3.231","95.707","0.000","0.749"
"Norway","2010","0.032","3.900","94.841","0.000","0.715"
"Norway","2011","0.032","2.940","95.301","0.000","1.014"
"Norway","2012","0.027","1.528","96.704","0.000","1.058"
"Norway","2013","0.030","1.553","96.151","0.000","1.411"
"Norway","2014","0.028","1.575","96.119","0.000","1.575"
"Norway","2015","0.028","1.538","95.974","0.000","1.761"
"Norway","2016","0.027","1.492","96.409","0.000","1.431"
"Norway","2017","0.027","1.388","95.930","0.000","1.920"
"Norway","2018","0.027","1.493","95.179","0.000","2.657"
"Norway","2019","0.030","1.539","93.619","0.007","4.125"
"Norway","2020","0.026","1.043","91.905","0.091","6.423"
"Norway","2021","0.025","0.197","91.576","0.108","7.489"
"Norway","2022","0.026","0.511","88.270","0.111","10.407"
"Oman","1985","","","0.000","0.000","0.000"
"Oman","1986","","","0.000","0.000","0.000"
"Oman","1987","","","0.000","0.000","0.000"
"Oman","1988","","","0.000","0.000","0.000"
"Oman","1989","","","0.000","0.000","0.000"
"Oman","1990","","","0.000","0.000","0.000"
"Oman","1991","","","0.000","0.000","0.000"
"Oman","1992","","","0.000","0.000","0.000"
"Oman","1993","","","0.000","0.000","0.000"
"Oman","1994","","","0.000","0.000","0.000"
"Oman","1995","","","0.000","0.000","0.000"
"Oman","1996","","","0.000","0.000","0.000"
"Oman","1997","","","0.000","0.000","0.000"
"Oman","1998","","","0.000","0.000","0.000"
"Oman","1999","","","0.000","0.000","0.000"
"Oman","2000","0.000","100.000","0.000","0.000","0.000"
"Oman","2001","0.000","100.000","0.000","0.000","0.000"
"Oman","2002","0.000","100.000","0.000","0.000","0.000"
"Oman","2003","0.000","100.000","0.000","0.000","0.000"
"Oman","2004","0.000","100.000","0.000","0.000","0.000"
"Oman","2005","0.000","100.000","0.000","0.000","0.000"
"Oman","2006","0.000","100.000","0.000","0.000","0.000"
"Oman","2007","0.000","100.000","0.000","0.000","0.000"
"Oman","2008","0.000","100.000","0.000","0.000","0.000"
"Oman","2009","0.000","100.000","0.000","0.000","0.000"
"Oman","2010","0.000","100.000","0.000","0.000","0.000"
"Oman","2011","0.000","100.000","0.000","0.000","0.000"
"Oman","2012","0.000","100.000","0.000","0.000","0.000"
"Oman","2013","0.000","100.000","0.000","0.000","0.000"
"Oman","2014","0.000","100.000","0.000","0.000","0.000"
"Oman","2015","0.000","100.000","0.000","0.000","0.000"
"Oman","2016","0.000","100.000","0.000","0.000","0.000"
"Oman","2017","0.000","99.941","0.000","0.059","0.000"
"Oman","2018","0.000","99.944","0.000","0.056","0.000"
"Oman","2019","0.000","99.945","0.000","0.055","0.000"
"Oman","2020","0.000","99.621","0.000","0.379","0.000"
"Oman","2021","0.000","99.562","0.000","0.438","0.000"
"Oman","2022","0.000","99.569","0.000","0.431","0.000"
"Pakistan","1985","","","45.183","0.000","0.000"
"Pakistan","1986","","","38.500","0.000","0.000"
"Pakistan","1987","","","45.049","0.000","0.000"
"Pakistan","1988","","","42.204","0.000","0.000"
"Pakistan","1989","","","40.750","0.000","0.000"
"Pakistan","1990","","","37.154","0.000","0.000"
"Pakistan","1991","","","36.406","0.000","0.000"
"Pakistan","1992","","","37.228","0.000","0.000"
"Pakistan","1993","","","38.472","0.000","0.000"
"Pakistan","1994","","","37.165","0.000","0.000"
"Pakistan","1995","","","35.681","0.000","0.000"
"Pakistan","1996","","","36.701","0.000","0.000"
"Pakistan","1997","","","29.523","0.000","0.000"
"Pakistan","1998","","","36.309","0.000","0.000"
"Pakistan","1999","","","32.931","0.000","0.000"
"Pakistan","2000","0.836","46.751","26.845","0.000","0.000"
"Pakistan","2001","0.799","45.476","27.233","0.000","0.000"
"Pakistan","2002","0.759","43.553","30.549","0.000","0.000"
"Pakistan","2003","0.723","41.133","34.422","0.000","0.000"
"Pakistan","2004","0.752","43.111","31.316","0.000","0.000"
"Pakistan","2005","0.725","41.102","34.085","0.000","0.000"
"Pakistan","2006","0.721","41.459","33.538","0.000","0.000"
"Pakistan","2007","0.749","42.950","31.306","0.000","0.000"
"Pakistan","2008","0.752","43.224","31.358","0.000","0.000"
"Pakistan","2009","0.759","43.430","30.150","0.000","0.011"
"Pakistan","2010","0.656","41.717","33.333","0.011","0.011"
"Pakistan","2011","0.654","43.130","29.769","0.032","0.021"
"Pakistan","2012","0.612","42.834","30.133","0.071","0.010"
"Pakistan","2013","0.619","43.353","30.068","0.133","0.381"
"Pakistan","2014","0.559","45.072","29.952","0.224","0.745"
"Pakistan","2015","0.543","45.166","30.529","0.338","0.703"
"Pakistan","2016","0.841","47.408","25.766","0.550","1.076"
"Pakistan","2017","8.641","43.654","21.014","0.699","1.596"
"Pakistan","2018","8.142","42.137","26.455","0.658","2.259"
"Pakistan","2019","12.402","39.381","25.935","0.684","2.117"
"Pakistan","2020","12.062","38.274","27.309","0.752","2.104"
"Pakistan","2021","11.853","36.765","25.971","0.839","1.918"
"Pakistan","2022","9.496","35.276","23.927","0.940","2.707"
"Palestine","2001","0.000","100.000","0.000","0.000","0.000"
"Palestine","2002","0.000","50.000","0.000","0.000","0.000"
"Palestine","2003","0.000","50.000","0.000","0.000","0.000"
"Palestine","2004","0.000","50.000","0.000","0.000","0.000"
"Palestine","2005","0.000","50.000","0.000","0.000","0.000"
"Palestine","2006","0.000","50.000","0.000","0.000","0.000"
"Palestine","2007","0.000","50.000","0.000","0.000","0.000"
"Palestine","2008","0.000","50.000","0.000","0.000","0.000"
"Palestine","2009","0.000","50.000","0.000","0.000","0.000"
"Palestine","2010","0.000","50.000","0.000","0.000","0.000"
"Palestine","2011","0.000","50.000","0.000","0.000","0.000"
"Palestine","2012","0.000","50.000","0.000","0.000","0.000"
"Palestine","2013","0.000","50.000","0.000","0.000","0.000"
"Palestine","2014","0.000","50.000","0.000","0.000","0.000"
"Palestine","2015","0.000","45.833","0.000","2.083","0.000"
"Palestine","2016","0.000","43.137","0.000","7.843","0.000"
"Palestine","2017","0.000","42.308","0.000","9.615","0.000"
"Palestine","2018","0.000","40.000","0.000","15.000","0.000"
"Palestine","2019","0.000","38.961","0.000","15.584","0.000"
"Palestine","2020","0.000","36.250","0.000","22.500","0.000"
"Palestine","2021","0.000","36.047","0.000","23.256","0.000"
"Panama","2000","0.000","0.000","71.008","0.000","0.000"
"Panama","2001","0.000","0.000","50.000","0.000","0.000"
"Panama","2002","0.000","0.000","65.437","0.000","0.000"
"Panama","2003","0.000","0.000","51.948","0.000","0.000"
"Panama","2004","0.000","0.000","66.786","0.000","0.000"
"Panama","2005","0.000","0.000","65.079","0.000","0.000"
"Panama","2006","0.000","0.000","60.410","0.000","0.000"
"Panama","2007","0.000","0.000","57.437","0.000","0.000"
"Panama","2008","0.000","0.000","62.981","0.000","0.000"
"Panama","2009","0.000","0.000","57.270","0.000","0.000"
"Panama","2010","0.000","0.000","58.042","0.000","0.000"
"Panama","2011","4.894","0.000","53.704","0.000","0.000"
"Panama","2012","4.426","0.000","63.756","0.000","0.000"
"Panama","2013","4.614","0.000","58.824","0.000","0.000"
"Panama","2014","3.952","0.000","59.641","0.120","1.437"
"Panama","2015","2.888","0.000","66.203","0.214","4.492"
"Panama","2016","2.700","0.000","64.600","0.800","6.300"
"Panama","2017","2.540","0.000","67.545","1.505","4.610"
"Panama","2018","3.947","3.571","73.872","2.444","5.545"
"Panama","2019","9.336","8.373","49.086","3.272","7.026"
"Panama","2020","6.154","5.430","66.516","3.348","5.249"
"Panama","2021","7.507","6.702","64.343","3.753","5.898"
"Papua New Guinea","2000","0.000","0.000","43.602","0.000","0.000"
"Papua New Guinea","2001","0.000","0.000","35.521","0.000","0.000"
"Papua New Guinea","2002","0.000","0.000","33.333","0.000","0.000"
"Papua New Guinea","2003","0.000","0.000","29.677","0.000","0.000"
"Papua New Guinea","2004","0.000","0.000","27.987","0.000","0.000"
"Papua New Guinea","2005","0.000","0.000","26.426","0.000","0.000"
"Papua New Guinea","2006","0.000","0.000","26.154","0.000","0.000"
"Papua New Guinea","2007","0.000","0.000","25.449","0.000","0.000"
"Papua New Guinea","2008","0.000","0.000","25.915","0.000","0.000"
"Papua New Guinea","2009","0.000","0.000","25.373","0.000","0.000"
"Papua New Guinea","2010","0.000","0.000","25.074","0.000","0.000"
"Papua New Guinea","2011","0.000","0.000","27.195","0.000","0.000"
"Papua New Guinea","2012","0.000","0.000","26.870","0.000","0.000"
"Papua New Guinea","2013","0.000","0.000","25.916","0.000","0.000"
"Papua New Guinea","2014","0.000","0.000","25.124","0.000","0.000"
"Papua New Guinea","2015","0.000","0.000","24.096","0.000","0.000"
"Papua New Guinea","2016","0.000","0.000","23.419","0.000","0.000"
"Papua New Guinea","2017","0.000","0.000","18.545","0.000","0.000"
"Papua New Guinea","2018","0.000","0.000","17.727","0.000","0.000"
"Papua New Guinea","2019","0.000","0.000","18.018","0.000","0.000"
"Papua New Guinea","2020","0.000","0.000","17.241","0.000","0.000"
"Papua New Guinea","2021","0.000","0.000","16.461","0.000","0.000"
"Paraguay","2000","0.000","0.000","99.981","0.000","0.000"
"Paraguay","2001","0.000","0.000","99.978","0.000","0.000"
"Paraguay","2002","0.000","0.000","99.979","0.000","0.000"
"Paraguay","2003","0.000","0.000","99.961","0.000","0.000"
"Paraguay","2004","0.000","0.000","100.000","0.000","0.000"
"Paraguay","2005","0.000","0.000","100.000","0.000","0.000"
"Paraguay","2006","0.000","0.000","100.000","0.000","0.000"
"Paraguay","2007","0.000","0.000","100.000","0.000","0.000"
"Paraguay","2008","0.000","0.000","100.000","0.000","0.000"
"Paraguay","2009","0.000","0.000","100.000","0.000","0.000"
"Paraguay","2010","0.000","0.000","100.000","0.000","0.000"
"Paraguay","2011","0.000","0.000","100.000","0.000","0.000"
"Paraguay","2012","0.000","0.000","100.000","0.000","0.000"
"Paraguay","2013","0.000","0.000","99.766","0.000","0.000"
"Paraguay","2014","0.000","0.000","99.727","0.000","0.000"
"Paraguay","2015","0.000","0.000","99.729","0.000","0.000"
"Paraguay","2016","0.000","0.000","99.731","0.000","0.000"
"Paraguay","2017","0.000","0.000","99.764","0.000","0.000"
"Paraguay","2018","0.000","0.000","99.779","0.000","0.000"
"Paraguay","2019","0.000","0.000","99.735","0.000","0.000"
"Paraguay","2020","0.000","0.000","99.720","0.000","0.000"
"Paraguay","2021","0.000","0.000","99.675","0.000","0.000"
"Peru","1985","","","77.467","0.000","0.000"
"Peru","1986","","","77.695","0.000","0.000"
"Peru","1987","","","77.667","0.000","0.000"
"Peru","1988","","","76.911","0.000","0.000"
"Peru","1989","","","76.543","0.000","0.000"
"Peru","1990","","","75.818","0.000","0.000"
"Peru","1991","","","79.354","0.000","0.000"
"Peru","1992","","","73.838","0.000","0.000"
"Peru","1993","","","79.680","0.000","0.000"
"Peru","1994","","","80.342","0.000","0.000"
"Peru","1995","","","76.644","","0.000"
"Peru","1996","","","77.105","","0.002"
"Peru","1997","","","73.604","","0.003"
"Peru","1998","","","74.308","","0.003"
"Peru","1999","","","76.330","","0.003"
"Peru","2000","1.177","2.610","81.934","0.000","0.000"
"Peru","2001","0.979","2.253","85.357","0.000","0.000"
"Peru","2002","1.204","2.733","82.723","0.000","0.000"
"Peru","2003","1.289","2.890","81.592","0.000","0.000"
"Peru","2004","1.887","4.319","72.746","0.000","0.000"
"Peru","2005","1.855","6.038","70.639","0.000","0.000"
"Peru","2006","1.347","9.577","72.989","0.000","0.000"
"Peru","2007","1.682","11.908","66.404","0.000","0.000"
"Peru","2008","1.936","13.679","59.213","0.000","0.000"
"Peru","2009","1.579","14.967","61.320","0.000","0.000"
"Peru","2010","1.721","16.424","57.876","0.000","0.000"
"Peru","2011","2.053","19.413","56.987","0.000","0.000"
"Peru","2012","1.224","28.404","55.038","0.234","0.000"
"Peru","2013","1.297","31.621","53.037","0.576","0.000"
"Peru","2014","1.334","32.827","50.564","0.575","0.598"
"Peru","2015","1.103","34.681","50.746","0.627","1.297"
"Peru","2016","1.123","36.329","47.984","0.622","2.126"
"Peru","2017","0.972","32.005","54.842","0.686","2.040"
"Peru","2018","0.878","30.834","55.614","1.372","2.743"
"Peru","2019","0.884","30.776","55.259","1.379","2.917"
"Peru","2020","0.814","28.379","57.743","1.496","3.427"
"Peru","2021","0.860","30.169","54.850","1.410","3.113"
"Peru","2022","0.913","35.441","49.278","1.410","3.252"
"Philippines","1985","","","24.392","0.000","0.000"
"Philippines","1986","","","28.688","0.000","0.000"
"Philippines","1987","","","23.174","0.000","0.000"
"Philippines","1988","","","25.527","0.000","0.000"
"Philippines","1989","","","25.359","0.000","0.000"
"Philippines","1990","","","23.026","0.000","0.000"
"Philippines","1991","","","20.059","0.000","0.000"
"Philippines","1992","","","17.163","0.000","0.000"
"Philippines","1993","","","18.925","0.000","0.000"
"Philippines","1994","","","19.246","0.000","0.000"
"Philippines","1995","","","18.573","0.000","0.000"
"Philippines","1996","","","19.152","0.000","0.000"
"Philippines","1997","","","15.250","0.000","0.000"
"Philippines","1998","","","12.184","0.000","0.000"
"Philippines","1999","","","18.923","0.000","0.000"
"Philippines","2000","29.455","4.054","17.682","0.000","0.000"
"Philippines","2001","30.252","8.337","15.546","0.000","0.000"
"Philippines","2002","25.392","18.491","14.965","0.000","0.000"
"Philippines","2003","26.268","19.124","15.374","0.000","0.000"
"Philippines","2004","26.132","19.031","15.862","0.000","0.000"
"Philippines","2005","26.315","19.173","15.316","0.000","0.037"
"Philippines","2006","25.812","17.556","18.052","0.000","0.092"
"Philippines","2007","27.641","18.795","14.854","0.000","0.105"
"Philippines","2008","26.565","18.059","16.704","0.000","0.103"
"Philippines","2009","26.887","18.278","16.324","0.000","0.101"
"Philippines","2010","30.603","19.227","11.932","0.000","0.093"
"Philippines","2011","31.130","18.487","13.887","0.000","0.130"
"Philippines","2012","31.078","18.455","13.927","0.000","0.110"
"Philippines","2013","33.147","17.238","13.184","0.000","0.093"
"Philippines","2014","33.515","17.178","11.715","0.026","0.194"
"Philippines","2015","35.020","16.272","10.411","0.170","0.910"
"Philippines","2016","37.382","17.001","8.842","1.211","1.079"
"Philippines","2017","38.695","16.232","10.087","1.271","1.155"
"Philippines","2018","40.569","15.594","9.310","1.253","1.153"
"Philippines","2019","44.834","14.668","7.485","1.188","0.980"
"Philippines","2020","45.189","14.120","7.601","1.356","1.005"
"Philippines","2021","45.042","14.074","7.393","1.386","1.081"
"Philippines","2022","46.310","12.693","7.779","1.605","0.843"
"Poland","1985","95.503","0.059","1.345","0.000","0.000"
"Poland","1986","95.714","0.045","1.104","0.000","0.000"
"Poland","1987","95.717","0.113","1.139","0.000","0.000"
"Poland","1988","95.753","0.067","1.242","0.000","0.000"
"Poland","1989","96.015","0.079","1.106","0.000","0.000"
"Poland","1990","96.965","0.097","1.071","0.000","0.000"
"Poland","1991","97.009","0.083","1.070","0.000","0.000"
"Poland","1992","96.855","0.077","1.155","0.000","0.000"
"Poland","1993","96.881","0.076","1.131","0.000","0.000"
"Poland","1994","96.324","0.113","1.298","0.000","0.000"
"Poland","1995","96.147","0.190","1.379","0.000","0.000"
"Poland","1996","95.956","0.227","1.367","0.000","0.000"
"Poland","1997","95.601","0.156","1.391","0.000","0.000"
"Poland","1998","95.354","0.220","1.641","0.000","0.000"
"Poland","1999","95.243","0.443","1.536","0.000","0.000"
"Poland","2000","94.909","0.650","1.474","0.000","0.000"
"Poland","2001","93.912","0.946","1.621","0.000","0.007"
"Poland","2002","93.298","1.544","1.600","0.000","0.042"
"Poland","2003","93.767","1.613","1.113","0.000","0.080"
"Poland","2004","92.684","2.115","1.366","0.000","0.092"
"Poland","2005","91.506","3.328","1.419","0.000","0.090"
"Poland","2006","91.624","2.854","1.271","0.000","0.162"
"Poland","2007","90.852","2.826","1.483","0.000","0.328"
"Poland","2008","89.815","3.026","1.390","0.000","0.543"
"Poland","2009","88.279","3.170","1.575","0.000","0.715"
"Poland","2010","86.949","3.057","1.860","0.000","1.057"
"Poland","2011","85.737","3.570","1.429","0.000","1.963"
"Poland","2012","83.258","3.873","1.262","0.000","2.939"
"Poland","2013","84.022","3.215","1.489","0.000","3.661"
"Poland","2014","81.778","3.365","1.376","0.006","4.849"
"Poland","2015","79.469","3.891","1.114","0.037","6.612"
"Poland","2016","78.463","4.714","1.288","0.072","7.580"
"Poland","2017","77.185","5.902","1.507","0.100","8.774"
"Poland","2018","77.031","7.452","1.162","0.177","7.552"
"Poland","2019","72.461","9.078","1.202","0.435","9.268"
"Poland","2020","68.347","11.003","1.349","1.247","10.055"
"Poland","2021","71.360","8.849","1.309","2.198","9.079"
"Poland","2022","69.214","7.033","1.149","4.545","11.021"
"Portugal","1985","","","56.577","0.000","0.000"
"Portugal","1986","","","41.828","0.000","0.000"
"Portugal","1987","","","45.458","0.000","0.000"
"Portugal","1988","","","54.395","0.000","0.000"
"Portugal","1989","","","22.547","0.004","0.004"
"Portugal","1990","31.980","0.000","32.263","0.000","0.000"
"Portugal","1991","32.806","0.000","30.384","0.000","0.000"
"Portugal","1992","34.347","0.000","15.569","0.000","0.000"
"Portugal","1993","36.722","0.000","27.493","0.000","0.032"
"Portugal","1994","36.929","0.000","33.993","0.000","0.064"
"Portugal","1995","40.452","0.000","25.128","0.000","0.060"
"Portugal","1996","36.472","0.000","42.865","0.000","0.058"
"Portugal","1997","37.961","0.264","38.371","0.000","0.117"
"Portugal","1998","30.789","5.191","33.359","0.000","0.231"
"Portugal","1999","35.073","18.807","16.919","0.000","0.280"
"Portugal","2000","33.656","16.459","26.095","0.000","0.392"
"Portugal","2001","29.478","15.616","30.388","0.000","0.563"
"Portugal","2002","33.319","19.803","17.087","0.000","0.789"
"Portugal","2003","31.234","16.638","33.792","0.000","1.075"
"Portugal","2004","33.155","26.082","22.021","0.000","1.830"
"Portugal","2005","32.980","29.472","10.243","0.000","3.833"
"Portugal","2006","30.801","25.407","22.648","0.000","6.033"
"Portugal","2007","26.445","27.980","21.518","0.043","8.616"
"Portugal","2008","24.626","33.421","14.952","0.088","12.665"
"Portugal","2009","26.071","29.729","16.734","0.323","15.319"
"Portugal","2010","13.224","27.752","30.080","0.391","17.098"
"Portugal","2011","18.986","28.759","22.244","0.540","17.656"
"Portugal","2012","28.725","23.415","12.333","0.856","22.515"
"Portugal","2013","23.432","14.308","27.172","0.950","23.768"
"Portugal","2014","22.998","13.145","29.965","1.212","23.306"
"Portugal","2015","28.730","20.597","16.891","1.560","22.645"
"Portugal","2016","21.360","21.275","26.585","1.471","21.089"
"Portugal","2017","25.425","32.738","10.225","1.716","21.231"
"Portugal","2018","20.562","26.725","21.212","1.729","21.606"
"Portugal","2019","10.690","33.366","17.050","2.590","26.426"
"Portugal","2020","4.579","34.148","23.438","3.337","23.865"
"Portugal","2021","1.618","31.493","24.090","4.531","26.739"
"Portugal","2022","0.128","36.968","16.163","6.537","28.258"
"Puerto Rico","2000","0.000","0.000","0.688","0.000","0.000"
"Puerto Rico","2001","0.000","0.000","0.583","0.000","0.000"
"Puerto Rico","2002","0.000","0.000","0.475","0.000","0.000"
"Puerto Rico","2003","0.000","0.000","0.418","0.000","0.000"
"Puerto Rico","2004","0.000","0.000","0.580","0.000","0.000"
"Puerto Rico","2005","0.000","0.000","0.561","0.000","0.000"
"Puerto Rico","2006","0.000","0.000","0.587","0.000","0.000"
"Puerto Rico","2007","0.000","0.000","0.717","0.000","0.000"
"Puerto Rico","2008","0.000","0.000","0.765","0.000","0.000"
"Puerto Rico","2009","0.000","0.000","0.821","0.000","0.000"
"Puerto Rico","2010","0.000","0.000","0.766","0.000","0.000"
"Puerto Rico","2011","0.000","0.000","0.749","0.000","0.000"
"Puerto Rico","2012","0.000","0.000","0.425","0.094","0.047"
"Puerto Rico","2013","0.000","0.000","0.390","0.195","0.830"
"Puerto Rico","2014","0.000","0.000","0.392","0.245","1.077"
"Puerto Rico","2015","0.000","0.000","0.245","0.441","1.176"
"Puerto Rico","2016","0.000","0.000","0.334","0.573","0.906"
"Puerto Rico","2017","0.000","0.000","0.300","0.959","0.899"
"Puerto Rico","2018","0.000","0.000","0.235","0.471","0.647"
"Puerto Rico","2019","0.000","0.000","0.290","1.390","0.927"
"Puerto Rico","2020","0.000","0.000","0.292","1.517","0.817"
"Puerto Rico","2021","0.000","0.000","0.274","1.480","0.877"
"Qatar","1985","","","0.000","0.000","0.000"
"Qatar","1986","","","0.000","0.000","0.000"
"Qatar","1987","","","0.000","0.000","0.000"
"Qatar","1988","","","0.000","0.000","0.000"
"Qatar","1989","","","0.000","0.000","0.000"
"Qatar","1990","","","0.000","0.000","0.000"
"Qatar","1991","","","0.000","0.000","0.000"
"Qatar","1992","","","0.000","0.000","0.000"
"Qatar","1993","","","0.000","0.000","0.000"
"Qatar","1994","","","0.000","0.000","0.000"
"Qatar","1995","","","0.000","0.000","0.000"
"Qatar","1996","","","0.000","0.000","0.000"
"Qatar","1997","","","0.000","0.000","0.000"
"Qatar","1998","","","0.000","0.000","0.000"
"Qatar","1999","","","0.000","0.000","0.000"
"Qatar","2000","0.000","100.000","0.000","0.000","0.000"
"Qatar","2001","0.000","100.000","0.000","0.000","0.000"
"Qatar","2002","0.000","100.000","0.000","0.000","0.000"
"Qatar","2003","0.000","100.000","0.000","0.000","0.000"
"Qatar","2004","0.000","100.000","0.000","0.000","0.000"
"Qatar","2005","0.000","100.000","0.000","0.000","0.000"
"Qatar","2006","0.000","100.000","0.000","0.000","0.000"
"Qatar","2007","0.000","100.000","0.000","0.000","0.000"
"Qatar","2008","0.000","100.000","0.000","0.000","0.000"
"Qatar","2009","0.000","100.000","0.000","0.000","0.000"
"Qatar","2010","0.000","100.000","0.000","0.000","0.000"
"Qatar","2011","0.000","99.965","0.000","0.000","0.000"
"Qatar","2012","0.000","99.969","0.000","0.000","0.000"
"Qatar","2013","0.000","99.969","0.000","0.000","0.000"
"Qatar","2014","0.000","99.945","0.000","0.027","0.000"
"Qatar","2015","0.000","99.923","0.000","0.026","0.000"
"Qatar","2016","0.000","99.925","0.000","0.025","0.000"
"Qatar","2017","0.000","99.930","0.000","0.023","0.000"
"Qatar","2018","0.000","99.956","0.000","0.022","0.000"
"Qatar","2019","0.000","99.936","0.000","0.021","0.000"
"Qatar","2020","0.000","99.955","0.000","0.022","0.000"
"Qatar","2021","0.000","99.937","0.000","0.021","0.000"
"Qatar","2022","0.000","99.935","0.000","0.022","0.000"
"Reunion","2000","0.000","0.000","28.351","0.000","0.000"
"Reunion","2001","0.000","0.000","26.667","0.000","0.000"
"Reunion","2002","0.000","0.000","27.404","0.000","0.000"
"Reunion","2003","0.000","0.000","26.267","0.000","0.000"
"Reunion","2004","0.000","0.000","23.950","0.000","0.000"
"Reunion","2005","0.000","0.000","22.800","0.000","0.400"
"Reunion","2006","0.000","0.000","22.530","0.000","0.395"
"Reunion","2007","0.000","0.000","25.194","0.000","0.388"
"Reunion","2008","0.000","0.000","23.420","0.000","0.372"
"Reunion","2009","0.000","0.000","19.065","0.719","0.719"
"Reunion","2010","0.000","0.000","18.881","2.797","0.699"
"Reunion","2011","0.000","0.000","13.841","4.844","0.346"
"Romania","1985","","","17.702","0.000","0.000"
"Romania","1986","","","14.322","0.000","0.000"
"Romania","1987","","","15.131","0.000","0.000"
"Romania","1988","","","19.617","0.000","0.000"
"Romania","1989","","","18.033","0.000","0.000"
"Romania","1990","28.771","35.101","17.745","0.000","0.000"
"Romania","1991","27.482","36.039","25.687","0.000","0.000"
"Romania","1992","33.957","36.049","21.663","0.000","0.000"
"Romania","1993","34.483","32.514","23.067","0.000","0.000"
"Romania","1994","35.665","30.105","23.710","0.000","0.000"
"Romania","1995","34.869","27.045","28.264","0.000","0.000"
"Romania","1996","33.541","27.380","25.823","0.000","0.000"
"Romania","1997","29.725","17.772","30.871","0.000","0.000"
"Romania","1998","27.345","19.173","35.629","0.000","0.000"
"Romania","1999","29.087","16.723","36.239","0.000","0.000"
"Romania","2000","36.695","17.455","28.666","0.000","0.000"
"Romania","2001","36.788","15.070","27.862","0.000","0.000"
"Romania","2002","37.321","16.483","29.493","0.000","0.000"
"Romania","2003","42.560","17.688","24.179","0.000","0.000"
"Romania","2004","38.024","18.517","29.226","0.000","0.000"
"Romania","2005","36.879","16.176","34.018","0.000","0.000"
"Romania","2006","40.112","18.868","29.282","0.000","0.000"
"Romania","2007","40.694","18.742","25.892","0.000","0.000"
"Romania","2008","39.754","15.273","26.482","0.000","0.000"
"Romania","2009","37.658","13.217","26.901","0.000","0.017"
"Romania","2010","34.120","11.978","32.800","0.000","0.511"
"Romania","2011","39.968","13.484","23.758","0.000","2.242"
"Romania","2012","38.959","14.835","20.534","0.017","4.491"
"Romania","2013","28.933","15.816","25.551","0.717","7.720"
"Romania","2014","27.243","12.425","28.839","2.485","9.511"
"Romania","2015","27.503","14.245","25.228","3.004","10.710"
"Romania","2016","24.586","14.940","27.915","2.818","10.203"
"Romania","2017","26.239","16.669","22.658","2.909","11.587"
"Romania","2018","24.286","16.325","27.405","2.747","9.808"
"Romania","2019","22.998","15.123","26.326","3.008","11.440"
"Romania","2020","16.828","17.008","27.652","3.110","12.496"
"Romania","2021","18.079","16.760","29.444","2.875","11.128"
"Romania","2022","18.544","17.655","25.275","3.179","12.558"
"Russia","1990","14.494","47.276","15.417","0.000","0.000"
"Russia","1991","14.486","46.932","15.737","0.000","0.000"
"Russia","1992","15.282","45.633","17.115","0.000","0.000"
"Russia","1993","15.513","44.865","18.220","0.000","0.000"
"Russia","1994","18.550","41.527","20.085","0.000","0.000"
"Russia","1995","18.638","41.109","20.494","0.000","0.000"
"Russia","1996","18.961","42.979","18.214","0.000","0.000"
"Russia","1997","18.825","42.783","18.874","0.000","0.000"
"Russia","1998","19.703","41.891","19.162","0.000","0.000"
"Russia","1999","19.066","42.380","18.966","0.000","0.000"
"Russia","2000","19.895","41.961","19.686","0.000","0.000"
"Russia","2001","18.911","42.213","20.623","0.000","0.000"
"Russia","2002","18.999","42.910","19.155","0.000","0.001"
"Russia","2003","18.680","44.123","17.929","0.000","0.001"
"Russia","2004","17.098","44.915","19.839","0.000","0.001"
"Russia","2005","17.311","45.964","19.148","0.000","0.001"
"Russia","2006","17.894","45.824","18.394","0.000","0.000"
"Russia","2007","16.658","47.727","18.425","0.000","0.001"
"Russia","2008","18.835","47.362","16.728","0.000","0.000"
"Russia","2009","16.465","47.056","18.524","0.000","0.000"
"Russia","2010","15.932","49.931","16.930","0.000","0.000"
"Russia","2011","15.510","48.998","16.594","0.000","0.000"
"Russia","2012","15.708","48.852","16.349","0.000","0.000"
"Russia","2013","15.206","49.785","18.036","0.000","0.000"
"Russia","2014","14.812","49.920","17.379","0.016","0.010"
"Russia","2015","14.793","49.429","16.615","0.034","0.015"
"Russia","2016","15.631","47.576","17.852","0.044","0.015"
"Russia","2017","15.892","47.147","17.838","0.054","0.013"
"Russia","2018","16.015","47.491","18.246","0.069","0.022"
"Russia","2019","16.697","45.613","18.308","0.120","0.031"
"Russia","2020","15.879","41.992","20.345","0.193","0.119"
"Russia","2021","17.302","41.990","19.318","0.207","0.350"
"Russia","2022","17.636","42.964","17.537","0.237","0.504"
"Rwanda","2000","0.000","0.000","100.000","0.000","0.000"
"Rwanda","2001","0.000","0.000","100.000","0.000","0.000"
"Rwanda","2002","0.000","0.000","100.000","0.000","0.000"
"Rwanda","2003","0.000","0.000","100.000","0.000","0.000"
"Rwanda","2004","0.000","0.000","88.889","0.000","0.000"
"Rwanda","2005","0.000","0.000","60.000","0.000","0.000"
"Rwanda","2006","0.000","0.000","25.000","0.000","0.000"
"Rwanda","2007","0.000","0.000","26.667","0.000","0.000"
"Rwanda","2008","0.000","0.000","38.889","0.000","0.000"
"Rwanda","2009","0.000","0.000","41.667","0.000","0.000"
"Rwanda","2010","0.000","0.000","40.741","0.000","0.000"
"Rwanda","2011","0.000","0.000","41.935","0.000","0.000"
"Rwanda","2012","0.000","0.000","41.176","0.000","0.000"
"Rwanda","2013","0.000","0.000","39.474","0.000","0.000"
"Rwanda","2014","0.000","0.000","42.553","2.128","0.000"
"Rwanda","2015","0.000","0.000","48.276","3.448","0.000"
"Rwanda","2016","0.000","0.000","41.791","4.478","0.000"
"Rwanda","2017","0.000","0.000","42.105","5.263","0.000"
"Rwanda","2018","0.000","0.000","36.047","5.814","0.000"
"Rwanda","2019","0.000","0.000","39.216","5.882","0.000"
"Rwanda","2020","0.000","0.000","58.242","6.593","0.000"
"Rwanda","2021","0.000","0.000","52.941","7.059","0.000"
"Saint Kitts and Nevis","2000","0.000","0.000","0.000","0.000","0.000"
"Saint Kitts and Nevis","2001","0.000","0.000","0.000","0.000","0.000"
"Saint Kitts and Nevis","2002","0.000","0.000","0.000","0.000","0.000"
"Saint Kitts and Nevis","2003","0.000","0.000","0.000","0.000","0.000"
"Saint Kitts and Nevis","2004","0.000","0.000","0.000","0.000","0.000"
"Saint Kitts and Nevis","2005","0.000","0.000","0.000","0.000","0.000"
"Saint Kitts and Nevis","2006","0.000","0.000","0.000","0.000","0.000"
"Saint Kitts and Nevis","2007","0.000","0.000","0.000","0.000","0.000"
"Saint Kitts and Nevis","2008","0.000","0.000","0.000","0.000","0.000"
"Saint Kitts and Nevis","2009","0.000","0.000","0.000","0.000","0.000"
"Saint Kitts and Nevis","2010","0.000","0.000","0.000","0.000","0.000"
"Saint Kitts and Nevis","2011","0.000","0.000","0.000","0.000","0.000"
"Saint Kitts and Nevis","2012","0.000","0.000","0.000","0.000","5.000"
"Saint Kitts and Nevis","2013","0.000","0.000","0.000","0.000","4.762"
"Saint Kitts and Nevis","2014","0.000","0.000","0.000","0.000","4.762"
"Saint Kitts and Nevis","2015","0.000","0.000","0.000","0.000","5.000"
"Saint Kitts and Nevis","2016","0.000","0.000","0.000","0.000","4.762"
"Saint Kitts and Nevis","2017","0.000","0.000","0.000","0.000","0.000"
"Saint Kitts and Nevis","2018","0.000","0.000","0.000","0.000","4.545"
"Saint Kitts and Nevis","2019","0.000","0.000","0.000","0.000","4.545"
"Saint Kitts and Nevis","2020","0.000","0.000","0.000","0.000","4.762"
"Saint Kitts and Nevis","2021","0.000","0.000","0.000","0.000","4.545"
"Saint Lucia","2000","0.000","0.000","0.000","0.000","0.000"
"Saint Lucia","2001","0.000","0.000","0.000","0.000","0.000"
"Saint Lucia","2002","0.000","0.000","0.000","0.000","0.000"
"Saint Lucia","2003","0.000","0.000","0.000","0.000","0.000"
"Saint Lucia","2004","0.000","0.000","0.000","0.000","0.000"
"Saint Lucia","2005","0.000","0.000","0.000","0.000","0.000"
"Saint Lucia","2006","0.000","0.000","0.000","0.000","0.000"
"Saint Lucia","2007","0.000","0.000","0.000","0.000","0.000"
"Saint Lucia","2008","0.000","0.000","0.000","0.000","0.000"
"Saint Lucia","2009","0.000","0.000","0.000","0.000","0.000"
"Saint Lucia","2010","0.000","0.000","0.000","0.000","0.000"
"Saint Lucia","2011","0.000","0.000","0.000","0.000","0.000"
"Saint Lucia","2012","0.000","0.000","0.000","0.000","0.000"
"Saint Lucia","2013","0.000","0.000","0.000","0.000","0.000"
"Saint Lucia","2014","0.000","0.000","0.000","0.000","0.000"
"Saint Lucia","2015","0.000","0.000","0.000","0.000","0.000"
"Saint Lucia","2016","0.000","0.000","0.000","0.000","0.000"
"Saint Lucia","2017","0.000","0.000","0.000","0.000","0.000"
"Saint Lucia","2018","0.000","0.000","0.000","0.000","0.000"
"Saint Lucia","2019","0.000","0.000","0.000","0.000","0.000"
"Saint Lucia","2020","0.000","0.000","0.000","0.000","0.000"
"Saint Lucia","2021","0.000","0.000","0.000","0.000","0.000"
"Saint Pierre and Miquelon","2000","0.000","0.000","0.000","0.000","0.000"
"Saint Pierre and Miquelon","2001","0.000","0.000","0.000","0.000","0.000"
"Saint Pierre and Miquelon","2002","0.000","0.000","0.000","0.000","0.000"
"Saint Pierre and Miquelon","2003","0.000","0.000","0.000","0.000","0.000"
"Saint Pierre and Miquelon","2004","0.000","0.000","0.000","0.000","0.000"
"Saint Pierre and Miquelon","2005","0.000","0.000","0.000","0.000","0.000"
"Saint Pierre and Miquelon","2006","0.000","0.000","0.000","0.000","0.000"
"Saint Pierre and Miquelon","2007","0.000","0.000","0.000","0.000","0.000"
"Saint Pierre and Miquelon","2008","0.000","0.000","0.000","0.000","0.000"
"Saint Pierre and Miquelon","2009","0.000","0.000","0.000","0.000","0.000"
"Saint Pierre and Miquelon","2010","0.000","0.000","0.000","0.000","0.000"
"Saint Pierre and Miquelon","2011","0.000","0.000","0.000","0.000","0.000"
"Saint Pierre and Miquelon","2012","0.000","0.000","0.000","0.000","0.000"
"Saint Pierre and Miquelon","2013","0.000","0.000","0.000","0.000","0.000"
"Saint Pierre and Miquelon","2014","0.000","0.000","0.000","0.000","0.000"
"Saint Pierre and Miquelon","2015","0.000","0.000","0.000","0.000","0.000"
"Saint Pierre and Miquelon","2016","0.000","0.000","0.000","0.000","0.000"
"Saint Pierre and Miquelon","2017","0.000","0.000","0.000","0.000","0.000"
"Saint Pierre and Miquelon","2018","0.000","0.000","0.000","0.000","0.000"
"Saint Pierre and Miquelon","2019","0.000","0.000","0.000","0.000","0.000"
"Saint Pierre and Miquelon","2020","0.000","0.000","0.000","0.000","0.000"
"Saint Pierre and Miquelon","2021","0.000","0.000","0.000","0.000","0.000"
"Saint Vincent and the Grenadines","2000","0.000","0.000","33.333","0.000","0.000"
"Saint Vincent and the Grenadines","2001","0.000","0.000","20.000","0.000","0.000"
"Saint Vincent and the Grenadines","2002","0.000","0.000","20.000","0.000","0.000"
"Saint Vincent and the Grenadines","2003","0.000","0.000","20.000","0.000","0.000"
"Saint Vincent and the Grenadines","2004","0.000","0.000","25.000","0.000","0.000"
"Saint Vincent and the Grenadines","2005","0.000","0.000","23.077","0.000","0.000"
"Saint Vincent and the Grenadines","2006","0.000","0.000","16.667","0.000","0.000"
"Saint Vincent and the Grenadines","2007","0.000","0.000","15.385","0.000","0.000"
"Saint Vincent and the Grenadines","2008","0.000","0.000","15.385","0.000","0.000"
"Saint Vincent and the Grenadines","2009","0.000","0.000","15.385","0.000","0.000"
"Saint Vincent and the Grenadines","2010","0.000","0.000","21.429","0.000","0.000"
"Saint Vincent and the Grenadines","2011","0.000","0.000","21.429","0.000","0.000"
"Saint Vincent and the Grenadines","2012","0.000","0.000","21.429","0.000","0.000"
"Saint Vincent and the Grenadines","2013","0.000","0.000","15.385","0.000","0.000"
"Saint Vincent and the Grenadines","2014","0.000","0.000","7.692","0.000","0.000"
"Saint Vincent and the Grenadines","2015","0.000","0.000","14.286","0.000","0.000"
"Saint Vincent and the Grenadines","2016","0.000","0.000","13.333","0.000","0.000"
"Saint Vincent and the Grenadines","2017","0.000","0.000","14.286","0.000","0.000"
"Saint Vincent and the Grenadines","2018","0.000","0.000","14.286","0.000","0.000"
"Saint Vincent and the Grenadines","2019","0.000","0.000","14.286","0.000","0.000"
"Saint Vincent and the Grenadines","2020","0.000","0.000","26.667","0.000","0.000"
"Saint Vincent and the Grenadines","2021","0.000","0.000","25.000","0.000","0.000"
"Samoa","2000","0.000","0.000","40.000","0.000","0.000"
"Samoa","2001","0.000","0.000","45.455","0.000","0.000"
"Samoa","2002","0.000","0.000","50.000","0.000","0.000"
"Samoa","2003","0.000","0.000","45.455","0.000","0.000"
"Samoa","2004","0.000","0.000","45.455","0.000","0.000"
"Samoa","2005","0.000","0.000","45.455","0.000","0.000"
"Samoa","2006","0.000","0.000","45.455","0.000","0.000"
"Samoa","2007","0.000","0.000","45.455","0.000","0.000"
"Samoa","2008","0.000","0.000","45.455","0.000","0.000"
"Samoa","2009","0.000","0.000","45.455","0.000","0.000"
"Samoa","2010","0.000","0.000","45.455","0.000","0.000"
"Samoa","2011","0.000","0.000","41.667","0.000","0.000"
"Samoa","2012","0.000","0.000","36.364","0.000","0.000"
"Samoa","2013","0.000","0.000","27.273","0.000","0.000"
"Samoa","2014","0.000","0.000","25.000","0.000","0.000"
"Samoa","2015","0.000","0.000","23.077","7.692","0.000"
"Samoa","2016","0.000","0.000","21.429","14.286","0.000"
"Samoa","2017","0.000","0.000","21.429","14.286","0.000"
"Samoa","2018","0.000","0.000","26.667","13.333","0.000"
"Samoa","2019","0.000","0.000","26.667","13.333","0.000"
"Samoa","2020","0.000","0.000","25.000","12.500","0.000"
"Samoa","2021","0.000","0.000","23.529","11.765","0.000"
"Sao Tome and Principe","2000","0.000","0.000","33.333","0.000","0.000"
"Sao Tome and Principe","2001","0.000","0.000","0.000","0.000","0.000"
"Sao Tome and Principe","2002","0.000","0.000","33.333","0.000","0.000"
"Sao Tome and Principe","2003","0.000","0.000","33.333","0.000","0.000"
"Sao Tome and Principe","2004","0.000","0.000","25.000","0.000","0.000"
"Sao Tome and Principe","2005","0.000","0.000","0.000","0.000","0.000"
"Sao Tome and Principe","2006","0.000","0.000","25.000","0.000","0.000"
"Sao Tome and Principe","2007","0.000","0.000","25.000","0.000","0.000"
"Sao Tome and Principe","2008","0.000","0.000","20.000","0.000","0.000"
"Sao Tome and Principe","2009","0.000","0.000","20.000","0.000","0.000"
"Sao Tome and Principe","2010","0.000","0.000","0.000","0.000","0.000"
"Sao Tome and Principe","2011","0.000","0.000","16.667","0.000","0.000"
"Sao Tome and Principe","2012","0.000","0.000","16.667","0.000","0.000"
"Sao Tome and Principe","2013","0.000","0.000","14.286","0.000","0.000"
"Sao Tome and Principe","2014","0.000","0.000","12.500","0.000","0.000"
"Sao Tome and Principe","2015","0.000","0.000","12.500","0.000","0.000"
"Sao Tome and Principe","2016","0.000","0.000","11.111","0.000","0.000"
"Sao Tome and Principe","2017","0.000","0.000","11.111","0.000","0.000"
"Sao Tome and Principe","2018","0.000","0.000","11.111","0.000","0.000"
"Sao Tome and Principe","2019","0.000","0.000","11.111","0.000","0.000"
"Sao Tome and Principe","2020","0.000","0.000","10.000","0.000","0.000"
"Sao Tome and Principe","2021","0.000","0.000","10.000","0.000","0.000"
"Saudi Arabia","1985","0.000","57.600","0.000","0.000","0.000"
"Saudi Arabia","1986","0.000","55.383","0.000","0.000","0.000"
"Saudi Arabia","1987","0.000","50.877","0.000","0.000","0.000"
"Saudi Arabia","1988","0.000","49.331","0.000","0.000","0.000"
"Saudi Arabia","1989","0.000","51.280","0.000","0.000","0.000"
"Saudi Arabia","1990","0.000","50.987","0.000","0.000","0.000"
"Saudi Arabia","1991","0.000","50.303","0.000","0.000","0.000"
"Saudi Arabia","1992","0.000","46.962","0.000","0.000","0.000"
"Saudi Arabia","1993","0.000","46.631","0.000","0.000","0.000"
"Saudi Arabia","1994","0.000","47.600","0.000","0.000","0.000"
"Saudi Arabia","1995","0.000","45.310","0.000","0.000","0.000"
"Saudi Arabia","1996","0.000","44.147","0.000","0.000","0.000"
"Saudi Arabia","1997","0.000","44.424","0.000","0.000","0.000"
"Saudi Arabia","1998","0.000","42.484","0.000","0.000","0.000"
"Saudi Arabia","1999","0.000","41.910","0.000","0.000","0.000"
"Saudi Arabia","2000","0.000","46.034","","0.000","0.000"
"Saudi Arabia","2001","0.000","52.468","","0.000","0.000"
"Saudi Arabia","2002","0.000","55.845","","0.000","0.000"
"Saudi Arabia","2003","0.000","54.845","","0.000","0.000"
"Saudi Arabia","2004","0.000","56.940","","0.000","0.000"
"Saudi Arabia","2005","0.000","56.493","","0.000","0.000"
"Saudi Arabia","2006","0.000","53.258","","0.000","0.000"
"Saudi Arabia","2007","0.000","50.242","","0.000","0.000"
"Saudi Arabia","2008","0.000","49.319","","0.000","0.000"
"Saudi Arabia","2009","0.000","43.298","","0.000","0.000"
"Saudi Arabia","2010","0.000","42.031","","0.000","0.000"
"Saudi Arabia","2011","0.000","44.366","","0.004","0.000"
"Saudi Arabia","2012","0.000","46.318","","0.011","0.000"
"Saudi Arabia","2013","0.000","48.606","","0.014","0.000"
"Saudi Arabia","2014","0.000","45.864","","0.016","0.000"
"Saudi Arabia","2015","0.000","45.711","","0.015","0.000"
"Saudi Arabia","2016","0.000","49.486","","0.015","0.000"
"Saudi Arabia","2017","0.000","53.204","","0.020","0.000"
"Saudi Arabia","2018","0.000","59.735","","0.048","0.000"
"Saudi Arabia","2019","0.000","61.419","","0.063","0.000"
"Saudi Arabia","2020","0.000","61.246","","0.062","0.000"
"Saudi Arabia","2021","0.000","60.549","","0.233","0.000"
"Saudi Arabia","2022","0.000","67.076","","0.207","0.001"
"Senegal","2000","0.000","0.000","0.000","0.000","0.000"
"Senegal","2001","0.000","0.000","0.000","0.000","0.000"
"Senegal","2002","0.000","0.000","10.615","0.000","0.000"
"Senegal","2003","0.000","0.000","17.368","0.000","0.000"
"Senegal","2004","0.000","0.000","14.573","0.000","0.000"
"Senegal","2005","0.000","0.000","11.504","0.000","0.000"
"Senegal","2006","0.000","0.000","10.088","0.000","0.000"
"Senegal","2007","0.000","0.000","7.317","0.000","0.000"
"Senegal","2008","0.000","0.000","8.880","0.000","0.000"
"Senegal","2009","0.000","0.000","9.057","0.000","0.000"
"Senegal","2010","0.000","0.000","8.865","0.000","0.000"
"Senegal","2011","5.944","0.000","8.741","0.000","0.000"
"Senegal","2012","5.696","0.000","9.177","0.316","0.000"
"Senegal","2013","5.455","0.000","9.394","0.303","0.000"
"Senegal","2014","5.495","0.000","8.516","0.549","0.000"
"Senegal","2015","5.398","0.000","8.483","0.514","0.000"
"Senegal","2016","3.357","22.062","8.633","0.240","0.000"
"Senegal","2017","3.348","21.875","8.036","2.232","0.000"
"Senegal","2018","2.784","18.630","7.709","4.925","0.000"
"Senegal","2019","2.321","32.689","5.996","5.609","0.387"
"Senegal","2020","2.103","30.784","5.927","7.266","4.207"
"Senegal","2021","9.786","27.402","5.516","8.363","4.448"
"Serbia","1990","72.569","3.387","19.220","0.000","0.000"
"Serbia","1991","66.100","3.504","25.405","0.000","0.000"
"Serbia","1992","69.746","1.720","26.727","0.000","0.000"
"Serbia","1993","70.861","1.235","26.903","0.000","0.000"
"Serbia","1994","69.273","1.006","28.942","0.000","0.000"
"Serbia","1995","67.371","1.088","30.764","0.000","0.000"
"Serbia","1996","61.591","1.578","35.531","0.000","0.000"
"Serbia","1997","66.951","1.591","29.838","0.000","0.000"
"Serbia","1998","68.351","1.476","29.293","0.000","0.000"
"Serbia","1999","61.499","1.168","36.134","0.000","0.000"
"Serbia","2000","67.074","1.221","30.736","0.000","0.000"
"Serbia","2001","67.117","1.535","30.365","0.000","0.000"
"Serbia","2002","67.870","1.504","29.874","0.000","0.000"
"Serbia","2003","72.125","1.576","25.511","0.000","0.000"
"Serbia","2004","69.212","1.828","28.556","0.000","0.000"
"Serbia","2005","65.198","0.892","31.818","0.000","0.000"
"Serbia","2006","69.752","0.335","28.854","0.000","0.000"
"Serbia","2007","71.087","1.195","26.300","0.000","0.000"
"Serbia","2008","72.461","1.114","25.964","0.000","0.000"
"Serbia","2009","71.201","0.451","27.950","0.000","0.000"
"Serbia","2010","66.863","0.882","31.774","0.000","0.000"
"Serbia","2011","75.513","1.315","22.804","0.000","0.000"
"Serbia","2012","72.727","1.326","25.670","0.000","0.000"
"Serbia","2013","73.082","0.765","26.001","0.000","0.000"
"Serbia","2014","66.178","0.688","32.895","0.030","0.000"
"Serbia","2015","72.253","0.585","26.816","0.027","0.000"
"Serbia","2016","70.552","0.984","27.946","0.026","0.078"
"Serbia","2017","72.613","1.509","25.110","0.027","0.137"
"Serbia","2018","68.230","1.636","29.016","0.027","0.409"
"Serbia","2019","69.398","1.818","25.665","0.027","2.442"
"Serbia","2020","71.072","1.370","24.255","0.027","2.632"
"Serbia","2021","63.336","2.851","30.056","0.027","2.878"
"Serbia","2022","65.533","4.975","24.046","0.028","4.782"
"Seychelles","2000","0.000","0.000","0.000","0.000","0.000"
"Seychelles","2001","0.000","0.000","0.000","0.000","0.000"
"Seychelles","2002","0.000","0.000","0.000","0.000","0.000"
"Seychelles","2003","0.000","0.000","0.000","0.000","0.000"
"Seychelles","2004","0.000","0.000","0.000","0.000","0.000"
"Seychelles","2005","0.000","0.000","0.000","0.000","0.000"
"Seychelles","2006","0.000","0.000","0.000","0.000","0.000"
"Seychelles","2007","0.000","0.000","0.000","0.000","0.000"
"Seychelles","2008","0.000","0.000","0.000","0.000","0.000"
"Seychelles","2009","0.000","0.000","0.000","0.000","0.000"
"Seychelles","2010","0.000","0.000","0.000","0.000","0.000"
"Seychelles","2011","0.000","0.000","0.000","0.000","0.000"
"Seychelles","2012","0.000","0.000","0.000","0.000","0.000"
"Seychelles","2013","0.000","0.000","0.000","0.000","2.439"
"Seychelles","2014","0.000","0.000","0.000","0.000","2.381"
"Seychelles","2015","0.000","0.000","0.000","0.000","2.273"
"Seychelles","2016","0.000","0.000","0.000","0.000","2.128"
"Seychelles","2017","0.000","0.000","0.000","0.000","2.083"
"Seychelles","2018","0.000","0.000","0.000","0.000","2.041"
"Seychelles","2019","0.000","0.000","0.000","7.547","0.000"
"Seychelles","2020","0.000","0.000","0.000","10.000","1.667"
"Seychelles","2021","0.000","0.000","0.000","10.769","1.538"
"Sierra Leone","2000","0.000","0.000","12.500","0.000","0.000"
"Sierra Leone","2001","0.000","0.000","7.692","0.000","0.000"
"Sierra Leone","2002","0.000","0.000","13.333","0.000","0.000"
"Sierra Leone","2003","0.000","0.000","14.286","0.000","0.000"
"Sierra Leone","2004","0.000","0.000","16.667","0.000","0.000"
"Sierra Leone","2005","0.000","0.000","25.000","0.000","0.000"
"Sierra Leone","2006","0.000","0.000","0.000","0.000","0.000"
"Sierra Leone","2007","0.000","0.000","33.333","0.000","0.000"
"Sierra Leone","2008","0.000","0.000","33.333","0.000","0.000"
"Sierra Leone","2009","0.000","0.000","33.333","0.000","0.000"
"Sierra Leone","2010","0.000","0.000","75.000","0.000","0.000"
"Sierra Leone","2011","0.000","0.000","88.235","0.000","0.000"
"Sierra Leone","2012","0.000","0.000","66.667","0.000","0.000"
"Sierra Leone","2013","0.000","0.000","66.667","0.000","0.000"
"Sierra Leone","2014","0.000","0.000","63.158","0.000","0.000"
"Sierra Leone","2015","0.000","0.000","63.158","0.000","0.000"
"Sierra Leone","2016","0.000","0.000","59.091","0.000","0.000"
"Sierra Leone","2017","0.000","0.000","56.522","4.348","0.000"
"Sierra Leone","2018","0.000","0.000","65.385","3.846","0.000"
"Sierra Leone","2019","0.000","0.000","85.714","4.762","0.000"
"Sierra Leone","2020","0.000","0.000","85.714","4.762","0.000"
"Sierra Leone","2021","0.000","0.000","85.714","4.762","0.000"
"Singapore","1985","","","0.000","0.000","0.000"
"Singapore","1986","","","0.000","0.000","0.000"
"Singapore","1987","","","0.000","0.000","0.000"
"Singapore","1988","","","0.000","0.000","0.000"
"Singapore","1989","","","0.000","0.000","0.000"
"Singapore","1990","","","0.000","0.000","0.000"
"Singapore","1991","","","0.000","0.000","0.000"
"Singapore","1992","","","0.000","0.000","0.000"
"Singapore","1993","","","0.000","0.000","0.000"
"Singapore","1994","","","0.000","0.000","0.000"
"Singapore","1995","","","0.000","0.000","0.000"
"Singapore","1996","","","0.000","0.000","0.000"
"Singapore","1997","","","0.000","0.000","0.000"
"Singapore","1998","","","0.000","0.000","0.000"
"Singapore","1999","","","0.000","0.000","0.000"
"Singapore","2000","0.000","34.172","0.000","0.000","0.000"
"Singapore","2001","0.000","45.928","0.000","0.000","0.000"
"Singapore","2002","0.000","54.280","0.000","0.000","0.000"
"Singapore","2003","0.000","54.282","0.000","0.000","0.000"
"Singapore","2004","0.000","57.452","0.000","0.000","0.000"
"Singapore","2005","0.000","61.075","0.000","0.000","0.000"
"Singapore","2006","0.000","62.819","0.000","0.000","0.000"
"Singapore","2007","0.000","67.356","0.000","0.000","0.000"
"Singapore","2008","0.000","69.407","0.000","0.000","0.000"
"Singapore","2009","0.000","70.274","0.000","0.000","0.000"
"Singapore","2010","0.000","70.476","0.000","0.000","0.000"
"Singapore","2011","0.000","70.895","0.000","0.023","0.000"
"Singapore","2012","0.000","75.180","0.000","0.022","0.000"
"Singapore","2013","0.000","88.830","0.000","0.044","0.000"
"Singapore","2014","0.000","94.974","0.000","0.085","0.000"
"Singapore","2015","0.000","95.153","0.000","0.146","0.000"
"Singapore","2016","0.000","96.009","0.000","0.305","0.000"
"Singapore","2017","0.000","95.353","0.000","0.342","0.000"
"Singapore","2018","0.000","96.082","0.000","0.475","0.000"
"Singapore","2019","0.000","95.922","0.000","0.792","0.000"
"Singapore","2020","0.000","95.793","0.000","0.983","0.000"
"Singapore","2021","0.000","95.474","0.000","1.253","0.000"
"Singapore","2022","0.000","93.794","0.000","1.716","0.000"
"Slovakia","1985","","","9.406","0.000","0.000"
"Slovakia","1986","","","6.931","0.000","0.000"
"Slovakia","1987","","","8.176","0.000","0.000"
"Slovakia","1988","","","7.618","0.000","0.000"
"Slovakia","1989","","","8.151","0.000","0.000"
"Slovakia","1990","29.423","7.140","7.375","0.000","0.000"
"Slovakia","1991","24.526","8.739","5.812","0.000","0.000"
"Slovakia","1992","31.110","3.744","8.348","0.000","0.000"
"Slovakia","1993","23.909","4.906","14.428","0.000","0.000"
"Slovakia","1994","19.081","8.598","17.118","0.000","0.000"
"Slovakia","1995","24.404","9.005","18.464","0.000","0.000"
"Slovakia","1996","23.134","9.191","16.614","0.000","0.000"
"Slovakia","1997","25.120","9.305","16.214","0.000","0.000"
"Slovakia","1998","22.775","9.133","16.595","0.000","0.000"
"Slovakia","1999","22.697","10.850","15.902","0.000","0.000"
"Slovakia","2000","18.129","10.851","14.977","0.000","0.000"
"Slovakia","2001","18.285","8.483","15.489","0.000","0.000"
"Slovakia","2002","16.004","7.800","16.377","0.000","0.000"
"Slovakia","2003","19.251","7.752","11.240","0.000","0.000"
"Slovakia","2004","18.654","7.947","13.465","0.000","0.033"
"Slovakia","2005","17.677","6.956","14.805","0.000","0.032"
"Slovakia","2006","17.014","6.120","14.098","0.000","0.032"
"Slovakia","2007","17.248","5.821","15.990","0.000","0.036"
"Slovakia","2008","16.255","5.604","14.062","0.000","0.035"
"Slovakia","2009","14.909","7.609","16.879","0.000","0.039"
"Slovakia","2010","12.983","8.060","19.183","0.073","0.036"
"Slovakia","2011","12.584","11.166","13.400","1.418","0.000"
"Slovakia","2012","12.075","10.092","14.518","1.487","0.035"
"Slovakia","2013","10.795","8.404","17.053","2.075","0.035"
"Slovakia","2014","10.614","5.991","15.570","2.219","0.037"
"Slovakia","2015","10.663","6.029","14.582","1.922","0.038"
"Slovakia","2016","10.495","5.697","16.342","1.987","0.037"
"Slovakia","2017","10.956","6.119","15.830","1.869","0.037"
"Slovakia","2018","11.329","7.000","13.511","2.183","0.038"
"Slovakia","2019","8.301","10.890","15.466","2.093","0.035"
"Slovakia","2020","6.524","12.522","15.854","2.315","0.000"
"Slovakia","2021","5.732","14.734","14.363","2.259","0.000"
"Slovakia","2022","5.761","8.193","13.692","2.581","0.000"
"Slovenia","1990","31.270","0.000","23.714","0.000","0.000"
"Slovenia","1991","28.414","0.000","28.336","0.000","0.000"
"Slovenia","1992","37.601","0.000","27.715","0.000","0.000"
"Slovenia","1993","39.247","0.000","25.439","0.000","0.000"
"Slovenia","1994","35.764","0.000","26.377","0.000","0.000"
"Slovenia","1995","35.659","0.078","25.194","0.000","0.000"
"Slovenia","1996","34.176","0.077","28.123","0.000","0.000"
"Slovenia","1997","35.736","0.076","23.445","0.000","0.000"
"Slovenia","1998","36.297","0.802","25.146","0.000","0.000"
"Slovenia","1999","33.786","1.282","28.205","0.000","0.000"
"Slovenia","2000","33.872","2.131","28.141","0.000","0.000"
"Slovenia","2001","33.978","2.072","26.243","0.000","0.000"
"Slovenia","2002","36.301","1.986","22.671","0.000","0.000"
"Slovenia","2003","36.949","2.675","21.403","0.000","0.000"
"Slovenia","2004","33.988","2.358","26.785","0.000","0.000"
"Slovenia","2005","34.878","2.250","22.899","0.000","0.000"
"Slovenia","2006","35.936","2.449","23.759","0.000","0.000"
"Slovenia","2007","36.436","2.992","21.742","0.000","0.000"
"Slovenia","2008","32.480","2.925","24.497","0.000","0.000"
"Slovenia","2009","31.300","3.600","28.737","0.000","0.000"
"Slovenia","2010","32.534","3.383","27.798","0.062","0.000"
"Slovenia","2011","33.354","3.078","22.362","0.440","0.000"
"Slovenia","2012","33.055","3.408","25.080","1.029","0.000"
"Slovenia","2013","30.823","3.228","29.304","1.392","0.000"
"Slovenia","2014","21.924","2.157","35.510","1.516","0.000"
"Slovenia","2015","29.595","2.703","25.743","1.824","0.068"
"Slovenia","2016","30.869","2.588","27.726","1.664","0.062"
"Slovenia","2017","30.031","2.991","24.112","1.745","0.062"
"Slovenia","2018","28.660","2.978","29.156","1.551","0.062"
"Slovenia","2019","28.194","3.398","28.194","1.888","0.063"
"Slovenia","2020","25.814","3.434","29.189","2.191","0.059"
"Slovenia","2021","24.695","3.335","30.212","2.886","0.064"
"Slovenia","2022","24.190","3.542","24.039","3.316","0.075"
"Solomon Islands","2000","0.000","0.000","0.000","0.000","0.000"
"Solomon Islands","2001","0.000","0.000","0.000","0.000","0.000"
"Solomon Islands","2002","0.000","0.000","0.000","0.000","0.000"
"Solomon Islands","2003","0.000","0.000","0.000","0.000","0.000"
"Solomon Islands","2004","0.000","0.000","0.000","0.000","0.000"
"Solomon Islands","2005","0.000","0.000","0.000","0.000","0.000"
"Solomon Islands","2006","0.000","0.000","0.000","0.000","0.000"
"Solomon Islands","2007","0.000","0.000","0.000","0.000","0.000"
"Solomon Islands","2008","0.000","0.000","0.000","0.000","0.000"
"Solomon Islands","2009","0.000","0.000","0.000","0.000","0.000"
"Solomon Islands","2010","0.000","0.000","0.000","0.000","0.000"
"Solomon Islands","2011","0.000","0.000","0.000","0.000","0.000"
"Solomon Islands","2012","0.000","0.000","0.000","0.000","0.000"
"Solomon Islands","2013","0.000","0.000","0.000","0.000","0.000"
"Solomon Islands","2014","0.000","0.000","0.000","0.000","0.000"
"Solomon Islands","2015","0.000","0.000","0.000","0.000","0.000"
"Solomon Islands","2016","0.000","0.000","0.000","0.000","0.000"
"Solomon Islands","2017","0.000","0.000","0.000","0.000","0.000"
"Solomon Islands","2018","0.000","0.000","0.000","0.000","0.000"
"Solomon Islands","2019","0.000","0.000","0.000","0.000","0.000"
"Solomon Islands","2020","0.000","0.000","0.000","0.000","0.000"
"Solomon Islands","2021","0.000","0.000","0.000","0.000","0.000"
"Somalia","2000","0.000","0.000","0.000","0.000","0.000"
"Somalia","2001","0.000","0.000","0.000","0.000","0.000"
"Somalia","2002","0.000","0.000","0.000","0.000","0.000"
"Somalia","2003","0.000","0.000","0.000","0.000","0.000"
"Somalia","2004","0.000","0.000","0.000","0.000","0.000"
"Somalia","2005","0.000","0.000","0.000","0.000","0.000"
"Somalia","2006","0.000","0.000","0.000","0.000","0.000"
"Somalia","2007","0.000","0.000","0.000","0.000","0.000"
"Somalia","2008","0.000","0.000","0.000","0.000","0.000"
"Somalia","2009","0.000","0.000","0.000","0.000","0.000"
"Somalia","2010","0.000","0.000","0.000","0.000","0.000"
"Somalia","2011","0.000","0.000","0.000","0.000","0.000"
"Somalia","2012","0.000","0.000","0.000","0.000","0.000"
"Somalia","2013","0.000","0.000","0.000","0.000","0.000"
"Somalia","2014","0.000","0.000","0.000","0.000","0.000"
"Somalia","2015","0.000","0.000","0.000","0.000","0.000"
"Somalia","2016","0.000","0.000","0.000","2.941","0.000"
"Somalia","2017","0.000","0.000","0.000","2.857","2.857"
"Somalia","2018","0.000","0.000","0.000","2.857","2.857"
"Somalia","2019","0.000","0.000","0.000","2.857","2.857"
"Somalia","2020","0.000","0.000","0.000","5.263","2.632"
"Somalia","2021","0.000","0.000","0.000","7.317","2.439"
"South Africa","1985","94.363","0.000","0.435","0.000","0.000"
"South Africa","1986","91.734","0.000","1.095","0.000","0.000"
"South Africa","1987","93.700","0.000","1.061","0.000","0.000"
"South Africa","1988","90.446","0.000","1.999","0.000","0.000"
"South Africa","1989","90.881","0.000","1.689","0.000","0.000"
"South Africa","1990","93.243","0.000","0.604","0.000","0.000"
"South Africa","1991","92.319","0.000","1.176","0.000","0.000"
"South Africa","1992","93.234","0.000","0.447","0.000","0.000"
"South Africa","1993","94.994","0.000","0.084","0.000","0.000"
"South Africa","1994","93.237","0.000","0.591","0.000","0.000"
"South Africa","1995","92.980","0.000","0.283","0.000","0.000"
"South Africa","1996","92.317","0.000","0.659","0.000","0.000"
"South Africa","1997","91.684","0.000","0.994","0.000","0.000"
"South Africa","1998","91.310","0.000","0.777","0.000","0.000"
"South Africa","1999","91.946","0.000","0.358","0.000","0.000"
"South Africa","2000","92.467","0.000","0.682","0.000","0.000"
"South Africa","2001","93.294","0.000","1.048","0.000","0.000"
"South Africa","2002","92.730","0.000","1.159","0.010","0.000"
"South Africa","2003","93.654","0.000","0.357","0.009","0.005"
"South Africa","2004","93.161","0.000","0.412","0.009","0.004"
"South Africa","2005","93.862","0.035","0.576","0.009","0.004"
"South Africa","2006","94.349","0.008","1.213","0.008","0.004"
"South Africa","2007","93.894","0.032","0.348","0.008","0.004"
"South Africa","2008","93.927","0.033","0.494","0.008","0.008"
"South Africa","2009","94.175","0.004","0.600","0.009","0.013"
"South Africa","2010","93.267","0.313","0.860","0.008","0.012"
"South Africa","2011","93.075","0.339","0.834","0.008","0.016"
"South Africa","2012","92.727","0.689","0.494","0.012","0.017"
"South Africa","2013","91.011","1.174","0.465","0.021","0.004"
"South Africa","2014","89.639","1.226","0.380","0.457","0.448"
"South Africa","2015","89.411","1.612","0.345","1.035","1.078"
"South Africa","2016","88.605","0.000","0.284","1.275","1.568"
"South Africa","2017","89.424","0.000","0.340","1.656","2.068"
"South Africa","2018","90.339","0.000","0.464","1.789","2.730"
"South Africa","2019","88.319","0.000","0.311","2.051","2.822"
"South Africa","2020","88.362","0.000","0.649","2.266","2.676"
"South Africa","2021","86.349","0.000","0.659","2.979","3.746"
"South Africa","2022","85.342","0.000","1.414","2.907","4.537"
"South Korea","1985","39.511","0.092","5.082","0.000","0.000"
"South Korea","1986","35.871","0.076","4.463","0.000","0.000"
"South Korea","1987","29.470","11.883","4.941","0.000","0.000"
"South Korea","1988","31.748","11.883","2.134","0.000","0.000"
"South Korea","1989","29.549","9.563","2.860","0.000","0.000"
"South Korea","1990","28.290","10.461","3.954","0.001","0.000"
"South Korea","1991","27.983","10.037","2.649","0.001","0.000"
"South Korea","1992","28.926","13.343","2.115","0.001","0.000"
"South Korea","1993","33.047","11.688","2.611","0.001","0.001"
"South Korea","1994","35.503","9.769","1.279","0.001","0.001"
"South Korea","1995","35.376","14.354","1.356","0.001","0.000"
"South Korea","1996","36.179","15.394","1.073","0.001","0.000"
"South Korea","1997","38.095","17.033","1.141","0.001","0.000"
"South Korea","1998","43.403","11.753","1.804","0.002","0.001"
"South Korea","1999","42.379","11.410","1.587","0.002","0.002"
"South Korea","2000","39.443","10.341","1.457","0.000","0.007"
"South Korea","2001","40.703","10.797","1.408","0.003","0.003"
"South Korea","2002","41.217","12.984","1.028","0.003","0.003"
"South Korea","2003","39.661","13.061","1.496","0.003","0.009"
"South Korea","2004","38.715","17.070","1.239","0.003","0.014"
"South Korea","2005","38.528","16.532","0.999","0.003","0.036"
"South Korea","2006","38.015","18.489","0.903","0.008","0.063"
"South Korea","2007","39.947","19.768","0.894","0.017","0.094"
"South Korea","2008","43.090","18.387","0.724","0.067","0.105"
"South Korea","2009","46.178","15.647","0.654","0.134","0.162"
"South Korea","2010","44.054","21.064","0.760","0.161","0.172"
"South Korea","2011","42.706","22.346","0.907","0.184","0.172"
"South Korea","2012","41.533","24.182","0.757","0.215","0.178"
"South Korea","2013","41.215","26.649","0.818","0.307","0.222"
"South Korea","2014","41.377","24.312","0.519","0.486","0.219"
"South Korea","2015","41.900","22.163","0.404","0.739","0.255"
"South Korea","2016","41.067","23.116","0.515","0.946","0.313"
"South Korea","2017","43.925","23.421","0.523","1.303","0.401"
"South Korea","2018","42.771","27.597","0.590","1.638","0.438"
"South Korea","2019","41.418","26.461","0.496","2.345","0.483"
"South Korea","2020","36.898","28.123","0.704","3.259","0.571"
"South Korea","2021","35.715","29.756","0.518","4.070","0.540"
"South Korea","2022","33.927","28.092","0.585","4.796","0.556"
"South Sudan","2012","0.000","0.000","0.000","0.000","0.000"
"South Sudan","2013","0.000","0.000","0.000","0.000","0.000"
"South Sudan","2014","0.000","0.000","0.000","0.000","0.000"
"South Sudan","2015","0.000","0.000","0.000","0.000","0.000"
"South Sudan","2016","0.000","0.000","0.000","0.000","0.000"
"South Sudan","2017","0.000","0.000","0.000","0.000","0.000"
"South Sudan","2018","0.000","0.000","0.000","1.786","0.000"
"South Sudan","2019","0.000","0.000","0.000","1.786","0.000"
"South Sudan","2020","0.000","0.000","0.000","1.852","0.000"
"South Sudan","2021","0.000","0.000","0.000","1.754","0.000"
"Spain","1985","43.145","1.986","24.721","0.000","0.000"
"Spain","1986","42.640","1.648","20.612","0.000","0.000"
"Spain","1987","41.250","1.128","20.641","0.000","0.000"
"Spain","1988","31.040","0.984","25.401","0.000","0.000"
"Spain","1989","40.544","0.951","13.158","0.004","0.009"
"Spain","1990","39.508","0.999","16.844","0.007","0.007"
"Spain","1991","37.997","0.879","17.609","0.006","0.006"
"Spain","1992","40.985","1.091","12.075","0.006","0.064"
"Spain","1993","40.152","0.772","15.708","0.006","0.077"
"Spain","1994","38.266","2.014","17.551","0.006","0.106"
"Spain","1995","39.801","2.264","13.937","0.012","0.163"
"Spain","1996","31.113","3.916","22.951","0.012","0.208"
"Spain","1997","33.134","9.607","18.373","0.011","0.391"
"Spain","1998","31.842","8.382","17.576","0.010","0.698"
"Spain","1999","35.797","9.269","11.098","0.015","1.332"
"Spain","2000","35.800","9.135","12.792","0.005","2.141"
"Spain","2001","30.150","10.023","17.544","0.009","2.900"
"Spain","2002","33.838","13.501","8.845","0.008","3.893"
"Spain","2003","29.044","15.301","15.733","0.008","4.691"
"Spain","2004","28.906","20.267","11.358","0.007","5.737"
"Spain","2005","27.793","27.775","6.465","0.018","7.446"
"Spain","2006","22.604","30.675","8.792","0.041","7.891"
"Spain","2007","24.144","31.440","9.057","0.172","9.143"
"Spain","2008","15.679","38.884","7.519","0.830","10.606"
"Spain","2009","12.318","36.960","9.059","2.079","13.076"
"Spain","2010","8.496","31.813","14.187","2.412","14.848"
"Spain","2011","15.094","29.348","10.502","3.226","14.730"
"Spain","2012","18.746","24.955","6.995","4.075","16.840"
"Spain","2013","14.190","20.443","13.099","4.654","19.771"
"Spain","2014","15.934","17.193","14.247","4.972","18.917"
"Spain","2015","18.513","18.920","10.141","4.995","17.778"
"Spain","2016","13.433","19.481","13.422","5.030","18.032"
"Spain","2017","16.537","23.466","6.713","5.277","18.003"
"Spain","2018","13.734","21.333","12.627","4.686","18.721"
"Spain","2019","4.747","30.902","9.100","5.574","20.543"
"Spain","2020","2.125","26.851","11.747","7.958","21.730"
"Spain","2021","1.795","26.402","10.941","10.007","22.916"
"Spain","2022","2.675","30.547","6.601","11.506","21.716"
"Sri Lanka","1985","","","97.185","0.000","0.000"
"Sri Lanka","1986","","","99.751","0.000","0.000"
"Sri Lanka","1987","","","80.415","0.000","0.000"
"Sri Lanka","1988","","","92.792","0.000","0.000"
"Sri Lanka","1989","","","98.016","0.000","0.000"
"Sri Lanka","1990","","","99.841","0.000","0.000"
"Sri Lanka","1991","","","92.286","0.000","0.000"
"Sri Lanka","1992","","","81.925","0.000","0.000"
"Sri Lanka","1993","","","95.408","0.000","0.000"
"Sri Lanka","1994","","","93.215","0.000","0.000"
"Sri Lanka","1995","","","94.036","0.000","0.000"
"Sri Lanka","1996","","","71.818","0.000","0.000"
"Sri Lanka","1997","","","67.016","0.000","0.000"
"Sri Lanka","1998","","","68.981","0.000","0.000"
"Sri Lanka","1999","","","66.513","0.000","0.056"
"Sri Lanka","2000","0.000","0.000","48.992","0.155","0.000"
"Sri Lanka","2001","0.000","0.000","47.167","0.153","0.000"
"Sri Lanka","2002","0.000","0.000","39.265","0.147","0.000"
"Sri Lanka","2003","0.000","0.000","43.995","0.135","0.000"
"Sri Lanka","2004","0.000","0.000","37.183","0.127","0.000"
"Sri Lanka","2005","0.000","0.000","38.298","0.112","0.000"
"Sri Lanka","2006","0.000","0.000","45.779","0.119","0.000"
"Sri Lanka","2007","0.000","0.000","41.115","0.210","0.000"
"Sri Lanka","2008","0.000","0.000","42.516","0.208","0.000"
"Sri Lanka","2009","0.000","0.000","40.271","0.208","0.000"
"Sri Lanka","2010","0.000","0.000","53.397","0.191","0.478"
"Sri Lanka","2011","10.277","0.000","40.840","0.179","0.804"
"Sri Lanka","2012","12.313","0.000","28.672","0.176","1.319"
"Sri Lanka","2013","7.376","0.000","58.748","0.172","1.973"
"Sri Lanka","2014","24.144","0.000","37.678","0.251","2.256"
"Sri Lanka","2015","21.619","0.000","46.462","0.236","2.673"
"Sri Lanka","2016","28.707","0.000","30.533","0.365","2.484"
"Sri Lanka","2017","29.952","0.000","27.093","0.749","2.519"
"Sri Lanka","2018","23.396","0.000","42.380","1.537","2.206"
"Sri Lanka","2019","26.432","0.000","30.271","2.266","2.203"
"Sri Lanka","2020","25.610","0.000","31.964","2.824","2.182"
"Sri Lanka","2021","24.648","8.196","30.581","3.303","2.263"
"Sri Lanka","2022","","","42.104","5.989","2.905"
"Sudan","2000","0.000","27.519","45.349","0.000","0.000"
"Sudan","2001","0.000","28.269","44.170","0.000","0.000"
"Sudan","2002","0.000","28.803","41.100","0.000","0.000"
"Sudan","2003","0.000","21.321","34.535","0.000","0.000"
"Sudan","2004","0.000","17.630","31.792","0.000","0.000"
"Sudan","2005","0.000","17.368","32.895","0.000","0.000"
"Sudan","2006","0.000","17.489","30.493","0.000","0.000"
"Sudan","2007","0.000","17.611","29.150","0.000","0.000"
"Sudan","2008","0.000","13.704","26.852","0.000","0.000"
"Sudan","2009","0.000","9.502","49.844","0.000","0.000"
"Sudan","2010","0.000","3.067","81.867","0.000","0.000"
"Sudan","2011","0.000","3.938","76.372","0.000","0.000"
"Sudan","2012","0.000","4.716","70.204","0.107","0.000"
"Sudan","2013","0.000","3.128","80.450","0.098","0.000"
"Sudan","2014","0.000","3.461","78.261","0.089","0.000"
"Sudan","2015","0.000","5.538","65.055","0.078","0.000"
"Sudan","2016","0.000","6.809","56.525","0.142","0.000"
"Sudan","2017","0.000","6.110","60.775","0.131","0.000"
"Sudan","2018","0.000","5.912","60.126","0.126","0.000"
"Sudan","2019","0.000","5.947","60.025","0.123","0.000"
"Sudan","2020","0.000","5.586","62.356","0.182","0.000"
"Sudan","2021","0.000","5.907","60.277","0.181","0.000"
"Suriname","2000","0.000","0.000","50.714","0.000","0.000"
"Suriname","2001","0.000","0.000","51.408","0.000","0.000"
"Suriname","2002","0.000","0.000","51.748","0.000","0.000"
"Suriname","2003","0.000","0.000","52.083","0.000","0.000"
"Suriname","2004","0.000","0.000","52.414","0.000","0.000"
"Suriname","2005","0.000","0.000","53.947","0.000","0.000"
"Suriname","2006","0.000","0.000","55.128","0.000","0.000"
"Suriname","2007","0.000","0.000","55.128","0.000","0.000"
"Suriname","2008","0.000","0.000","55.128","0.000","0.000"
"Suriname","2009","0.000","0.000","55.128","0.000","0.000"
"Suriname","2010","0.000","0.000","71.429","0.000","0.000"
"Suriname","2011","0.000","0.000","54.497","0.000","0.000"
"Suriname","2012","0.000","0.000","43.386","0.000","0.000"
"Suriname","2013","0.000","0.000","43.229","0.000","0.000"
"Suriname","2014","0.000","0.000","28.646","0.000","0.000"
"Suriname","2015","0.000","0.000","24.103","0.513","0.000"
"Suriname","2016","0.000","0.000","40.625","0.521","0.000"
"Suriname","2017","0.000","0.000","48.936","0.532","0.000"
"Suriname","2018","0.000","0.000","52.381","0.529","0.000"
"Suriname","2019","0.000","0.000","48.718","0.513","0.000"
"Suriname","2020","0.000","0.000","50.521","0.521","0.000"
"Suriname","2021","0.000","0.000","49.505","0.990","0.000"
"Sweden","1985","","","51.763","0.000","0.004"
"Sweden","1986","","","43.947","0.000","0.004"
"Sweden","1987","","","49.023","0.000","0.004"
"Sweden","1988","","","47.790","0.000","0.003"
"Sweden","1989","","","50.143","0.000","0.003"
"Sweden","1990","0.740","0.288","49.664","0.000","0.007"
"Sweden","1991","1.334","0.395","43.029","0.000","0.007"
"Sweden","1992","1.233","0.541","50.935","0.000","0.021"
"Sweden","1993","1.432","0.626","51.391","0.000","0.034"
"Sweden","1994","1.829","0.603","41.416","0.000","0.049"
"Sweden","1995","1.531","0.573","45.927","0.000","0.067"
"Sweden","1996","2.624","0.484","36.797","0.000","0.100"
"Sweden","1997","1.347","0.442","46.284","0.000","0.134"
"Sweden","1998","1.285","0.334","47.232","0.000","0.202"
"Sweden","1999","1.447","0.291","46.299","0.000","0.232"
"Sweden","2000","1.129","0.331","54.107","0.000","0.317"
"Sweden","2001","1.163","0.248","48.923","0.000","0.297"
"Sweden","2002","1.616","0.382","45.235","0.000","0.416"
"Sweden","2003","2.105","0.539","39.545","0.000","0.502"
"Sweden","2004","0.666","0.514","39.633","0.000","0.567"
"Sweden","2005","0.410","0.379","45.968","0.000","0.594"
"Sweden","2006","0.614","0.419","43.076","0.000","0.684"
"Sweden","2007","0.437","0.558","44.456","0.000","0.961"
"Sweden","2008","0.340","0.414","46.077","0.000","1.334"
"Sweden","2009","0.373","1.142","48.206","0.007","1.823"
"Sweden","2010","0.687","1.960","44.729","0.007","2.351"
"Sweden","2011","0.439","1.051","44.204","0.007","4.066"
"Sweden","2012","0.288","0.553","47.425","0.012","4.302"
"Sweden","2013","0.425","0.555","40.097","0.026","6.430"
"Sweden","2014","0.241","0.274","41.524","0.033","7.314"
"Sweden","2015","0.241","0.278","46.488","0.062","10.074"
"Sweden","2016","0.167","0.436","39.784","0.090","9.930"
"Sweden","2017","0.195","0.201","39.664","0.140","10.723"
"Sweden","2018","0.208","0.233","38.082","0.251","10.174"
"Sweden","2019","0.125","0.172","38.814","0.404","11.786"
"Sweden","2020","0.000","0.061","44.197","0.641","16.808"
"Sweden","2021","0.006","0.169","43.017","0.891","15.858"
"Sweden","2022","0.006","0.169","40.284","1.363","19.362"
"Switzerland","1985","","","56.892","0.000","0.000"
"Switzerland","1986","","","57.316","0.000","0.000"
"Switzerland","1987","","","58.049","0.000","0.000"
"Switzerland","1988","","","59.130","0.000","0.000"
"Switzerland","1989","","","54.522","0.000","0.000"
"Switzerland","1990","","","53.196","0.002","0.000"
"Switzerland","1991","","","55.252","0.003","0.000"
"Switzerland","1992","","","54.948","0.005","0.000"
"Switzerland","1993","","","58.128","0.006","0.000"
"Switzerland","1994","","","59.081","0.008","0.000"
"Switzerland","1995","","","55.950","0.010","0.000"
"Switzerland","1996","","","50.146","0.012","0.002"
"Switzerland","1997","","","54.126","0.011","0.003"
"Switzerland","1998","","","52.894","0.013","0.005"
"Switzerland","1999","","","58.306","0.015","0.004"
"Switzerland","2000","0.000","0.000","54.818","0.016","0.000"
"Switzerland","2001","0.000","0.000","57.467","0.015","0.000"
"Switzerland","2002","0.000","0.000","52.871","0.016","0.000"
"Switzerland","2003","0.000","0.000","52.308","0.033","0.000"
"Switzerland","2004","0.000","0.000","51.869","0.034","0.017"
"Switzerland","2005","0.000","0.000","53.143","0.037","0.019"
"Switzerland","2006","0.000","0.000","48.800","0.035","0.017"
"Switzerland","2007","0.000","0.000","52.143","0.048","0.032"
"Switzerland","2008","0.000","0.000","52.950","0.048","0.032"
"Switzerland","2009","0.000","0.000","52.697","0.080","0.032"
"Switzerland","2010","0.000","0.000","53.602","0.145","0.064"
"Switzerland","2011","0.000","0.000","50.524","0.287","0.118"
"Switzerland","2012","0.000","0.000","55.758","0.468","0.140"
"Switzerland","2013","0.000","0.000","55.053","0.773","0.139"
"Switzerland","2014","0.000","0.000","53.261","1.274","0.152"
"Switzerland","2015","0.000","0.000","56.927","1.802","0.177"
"Switzerland","2016","0.000","0.000","55.617","2.313","0.191"
"Switzerland","2017","0.000","0.000","55.599","2.967","0.230"
"Switzerland","2018","0.000","0.000","51.550","3.132","0.193"
"Switzerland","2019","0.000","0.000","52.872","3.278","0.226"
"Switzerland","2020","0.000","0.000","56.187","3.858","0.223"
"Switzerland","2021","0.000","0.000","60.870","4.760","0.247"
"Switzerland","2022","0.000","0.000","54.795","4.337","0.096"
"Syria","2000","0.000","38.410","13.389","0.000","0.000"
"Syria","2001","0.000","38.428","13.349","0.000","0.000"
"Syria","2002","0.000","40.279","9.173","0.000","0.000"
"Syria","2003","0.000","40.014","9.771","0.000","0.000"
"Syria","2004","0.000","38.322","13.586","0.000","0.000"
"Syria","2005","0.000","38.622","12.934","0.000","0.000"
"Syria","2006","0.000","39.427","11.083","0.000","0.000"
"Syria","2007","0.000","46.851","9.419","0.000","0.000"
"Syria","2008","0.000","47.935","7.331","0.000","0.000"
"Syria","2009","0.000","55.841","4.531","0.000","0.000"
"Syria","2010","0.639","55.903","5.869","0.000","0.000"
"Syria","2011","0.582","56.410","8.217","0.000","0.000"
"Syria","2012","0.573","55.549","9.650","0.000","0.000"
"Syria","2013","0.546","53.824","12.479","0.000","0.000"
"Syria","2014","0.547","54.378","11.542","0.000","0.000"
"Syria","2015","0.649","59.965","2.417","0.000","0.000"
"Syria","2016","0.582","58.207","5.355","0.000","0.000"
"Syria","2017","0.633","58.803","4.315","0.000","0.000"
"Syria","2018","0.583","58.810","4.376","0.000","0.000"
"Syria","2019","0.542","61.446","4.518","0.000","0.000"
"Syria","2020","0.570","61.266","4.747","0.000","0.000"
"Syria","2021","0.537","61.456","4.475","0.000","0.000"
"Taiwan","1985","26.389","0.000","10.802","0.000","0.000"
"Taiwan","1986","32.859","0.000","9.834","0.000","0.000"
"Taiwan","1987","32.758","0.000","7.963","0.000","0.000"
"Taiwan","1988","31.200","0.000","6.129","0.000","0.000"
"Taiwan","1989","31.556","0.155","5.786","0.000","0.000"
"Taiwan","1990","28.122","1.334","7.075","0.000","0.000"
"Taiwan","1991","29.910","2.894","3.886","0.000","0.000"
"Taiwan","1992","35.687","2.863","6.212","0.000","0.000"
"Taiwan","1993","39.013","2.264","3.567","0.000","0.000"
"Taiwan","1994","38.881","4.319","4.061","0.000","0.000"
"Taiwan","1995","37.970","4.390","3.636","0.000","0.000"
"Taiwan","1996","42.313","4.388","3.341","0.000","0.000"
"Taiwan","1997","43.699","5.961","3.486","0.000","0.000"
"Taiwan","1998","43.153","8.750","3.800","0.000","0.000"
"Taiwan","1999","43.670","9.138","2.988","0.000","0.000"
"Taiwan","2000","48.482","9.833","2.526","0.000","0.000"
"Taiwan","2001","51.925","11.200","2.759","0.000","0.005"
"Taiwan","2002","53.106","13.542","1.424","0.000","0.010"
"Taiwan","2003","55.249","13.938","1.477","0.000","0.010"
"Taiwan","2004","54.120","16.963","1.493","0.000","0.014"
"Taiwan","2005","54.169","17.548","1.820","0.000","0.040"
"Taiwan","2006","54.028","17.460","1.766","0.000","0.121"
"Taiwan","2007","54.183","18.981","1.848","0.000","0.184"
"Taiwan","2008","52.483","20.827","1.835","0.000","0.251"
"Taiwan","2009","53.691","21.028","1.654","0.004","0.348"
"Taiwan","2010","50.557","24.889","1.717","0.008","0.422"
"Taiwan","2011","50.339","25.964","1.605","0.024","0.598"
"Taiwan","2012","49.885","27.006","2.292","0.065","0.570"
"Taiwan","2013","49.153","27.675","2.175","0.128","0.658"
"Taiwan","2014","48.449","28.678","1.682","0.206","0.584"
"Taiwan","2015","46.298","31.222","1.752","0.333","0.600"
"Taiwan","2016","46.845","32.187","2.515","0.426","0.560"
"Taiwan","2017","48.286","34.496","2.042","0.626","0.644"
"Taiwan","2018","48.596","34.211","1.646","0.996","0.628"
"Taiwan","2019","47.026","33.907","2.044","1.484","0.697"
"Taiwan","2020","45.836","36.361","1.091","2.193","0.835"
"Taiwan","2021","45.123","37.915","1.206","2.770","0.768"
"Taiwan","2022","42.851","39.508","2.052","3.750","1.238"
"Tajikistan","2000","0.000","1.502","98.498","0.000","0.000"
"Tajikistan","2001","0.000","1.195","98.805","0.000","0.000"
"Tajikistan","2002","0.000","0.859","99.141","0.000","0.000"
"Tajikistan","2003","0.000","0.980","99.020","0.000","0.000"
"Tajikistan","2004","0.000","0.858","99.142","0.000","0.000"
"Tajikistan","2005","0.000","0.709","99.291","0.000","0.000"
"Tajikistan","2006","0.000","1.372","98.628","0.000","0.000"
"Tajikistan","2007","0.000","2.194","97.806","0.000","0.000"
"Tajikistan","2008","0.000","2.060","97.940","0.000","0.000"
"Tajikistan","2009","0.000","1.378","98.622","0.000","0.000"
"Tajikistan","2010","0.000","0.184","99.816","0.000","0.000"
"Tajikistan","2011","0.000","0.249","99.751","0.000","0.000"
"Tajikistan","2012","0.000","0.417","99.583","0.000","0.000"
"Tajikistan","2013","0.000","0.236","99.764","0.000","0.000"
"Tajikistan","2014","0.313","0.625","99.062","0.000","0.000"
"Tajikistan","2015","0.294","0.589","99.117","0.000","0.000"
"Tajikistan","2016","2.173","1.116","96.712","0.000","0.000"
"Tajikistan","2017","3.412","1.734","94.855","0.000","0.000"
"Tajikistan","2018","4.312","2.207","93.480","0.000","0.000"
"Tajikistan","2019","4.565","2.331","93.103","0.000","0.000"
"Tajikistan","2020","5.423","2.788","91.789","0.000","0.000"
"Tajikistan","2021","5.778","2.990","91.232","0.000","0.000"
"Tanzania","2000","0.000","0.000","87.243","0.000","0.000"
"Tanzania","2001","0.000","0.000","94.853","0.000","0.000"
"Tanzania","2002","0.000","0.000","95.730","0.000","0.000"
"Tanzania","2003","0.000","0.000","96.183","0.000","0.000"
"Tanzania","2004","0.000","0.000","82.042","0.000","0.000"
"Tanzania","2005","0.000","0.000","51.312","0.000","0.000"
"Tanzania","2006","0.000","0.000","42.900","0.000","0.000"
"Tanzania","2007","0.000","0.000","61.576","0.000","0.000"
"Tanzania","2008","0.000","0.000","61.502","0.000","0.000"
"Tanzania","2009","0.000","0.000","56.009","0.000","0.000"
"Tanzania","2010","0.000","0.000","51.845","0.194","0.000"
"Tanzania","2011","0.000","0.000","39.321","0.200","0.000"
"Tanzania","2012","0.000","0.000","31.993","0.183","0.000"
"Tanzania","2013","0.000","0.000","29.463","0.173","0.000"
"Tanzania","2014","0.000","0.000","42.105","0.329","0.000"
"Tanzania","2015","0.000","0.000","31.860","0.305","0.000"
"Tanzania","2016","0.000","0.000","33.572","0.430","0.000"
"Tanzania","2017","0.000","0.000","33.238","0.571","0.000"
"Tanzania","2018","0.000","25.208","30.609","0.693","0.000"
"Tanzania","2019","0.000","24.506","32.675","0.659","0.000"
"Tanzania","2020","0.000","22.097","39.201","0.624","0.000"
"Tanzania","2021","0.000","22.983","36.675","0.733","0.000"
"Thailand","1985","23.070","46.314","16.027","0.000","0.000"
"Thailand","1986","22.462","41.556","22.423","0.000","0.000"
"Thailand","1987","23.441","54.679","14.196","0.000","0.000"
"Thailand","1988","20.978","57.754","11.471","0.000","0.000"
"Thailand","1989","21.068","51.387","14.757","0.000","0.000"
"Thailand","1990","25.056","40.272","11.108","0.000","0.000"
"Thailand","1991","27.504","38.011","8.989","0.000","0.000"
"Thailand","1992","25.978","40.231","7.293","0.000","0.000"
"Thailand","1993","21.320","44.134","5.704","0.000","0.000"
"Thailand","1994","19.874","44.281","6.193","0.000","0.000"
"Thailand","1995","19.019","42.469","8.268","0.000","0.000"
"Thailand","1996","20.209","41.881","8.294","0.000","0.000"
"Thailand","1997","20.533","48.104","7.643","0.000","0.000"
"Thailand","1998","18.530","54.752","5.684","0.000","0.000"
"Thailand","1999","18.437","59.640","3.779","0.000","0.000"
"Thailand","2000","18.988","63.744","6.579","0.000","0.000"
"Thailand","2001","20.025","70.281","6.445","0.000","0.000"
"Thailand","2002","17.700","72.406","7.255","0.000","0.000"
"Thailand","2003","16.573","73.598","6.616","0.000","0.000"
"Thailand","2004","16.389","72.517","5.039","0.000","0.000"
"Thailand","2005","15.764","72.228","4.610","0.000","0.000"
"Thailand","2006","17.829","68.823","6.152","0.000","0.000"
"Thailand","2007","21.569","68.629","6.016","0.000","0.000"
"Thailand","2008","21.139","71.601","5.096","0.000","0.000"
"Thailand","2009","20.367","72.671","5.081","0.007","0.000"
"Thailand","2010","18.862","75.050","3.560","0.013","0.000"
"Thailand","2011","20.640","70.457","5.389","0.061","0.000"
"Thailand","2012","20.363","70.296","5.364","0.318","0.089"
"Thailand","2013","20.925","70.558","3.368","0.784","0.193"
"Thailand","2014","21.572","69.075","3.167","1.184","0.190"
"Thailand","2015","19.397","72.093","2.255","1.427","0.198"
"Thailand","2016","20.623","70.117","1.991","1.901","0.191"
"Thailand","2017","20.253","68.603","2.580","2.497","0.611"
"Thailand","2018","20.176","65.535","4.174","2.493","0.901"
"Thailand","2019","19.243","65.453","3.310","2.702","1.925"
"Thailand","2020","20.965","64.826","2.533","2.806","1.796"
"Thailand","2021","20.569","64.517","2.504","2.296","2.301"
"Thailand","2022","19.850","63.962","3.526","2.630","1.572"
"Togo","2000","0.000","0.000","58.824","0.000","0.000"
"Togo","2001","0.000","0.000","41.667","0.000","0.000"
"Togo","2002","0.000","0.000","60.000","0.000","0.000"
"Togo","2003","0.000","0.000","70.588","0.000","0.000"
"Togo","2004","0.000","0.000","44.444","0.000","0.000"
"Togo","2005","0.000","0.000","38.889","0.000","0.000"
"Togo","2006","0.000","0.000","42.857","0.000","0.000"
"Togo","2007","0.000","0.000","50.000","0.000","0.000"
"Togo","2008","0.000","0.000","75.000","0.000","0.000"
"Togo","2009","0.000","0.000","78.571","0.000","0.000"
"Togo","2010","0.000","0.000","52.941","0.000","0.000"
"Togo","2011","0.000","0.000","83.333","0.000","0.000"
"Togo","2012","0.000","0.000","81.818","0.000","0.000"
"Togo","2013","0.000","0.000","40.000","0.000","0.000"
"Togo","2014","0.000","0.000","60.000","0.000","0.000"
"Togo","2015","0.000","0.000","16.216","0.000","0.000"
"Togo","2016","0.000","0.000","46.512","0.000","0.000"
"Togo","2017","0.000","0.000","27.273","0.000","0.000"
"Togo","2018","0.000","0.000","35.088","1.754","0.000"
"Togo","2019","0.000","0.000","34.286","1.429","0.000"
"Togo","2020","0.000","0.000","24.138","1.724","0.000"
"Togo","2021","0.000","22.222","23.810","3.175","0.000"
"Tonga","2000","0.000","0.000","0.000","0.000","0.000"
"Tonga","2001","0.000","0.000","0.000","0.000","0.000"
"Tonga","2002","0.000","0.000","0.000","0.000","0.000"
"Tonga","2003","0.000","0.000","0.000","0.000","0.000"
"Tonga","2004","0.000","0.000","0.000","0.000","0.000"
"Tonga","2005","0.000","0.000","0.000","0.000","0.000"
"Tonga","2006","0.000","0.000","0.000","0.000","0.000"
"Tonga","2007","0.000","0.000","0.000","0.000","0.000"
"Tonga","2008","0.000","0.000","0.000","0.000","0.000"
"Tonga","2009","0.000","0.000","0.000","0.000","0.000"
"Tonga","2010","0.000","0.000","0.000","0.000","0.000"
"Tonga","2011","0.000","0.000","0.000","0.000","0.000"
"Tonga","2012","0.000","0.000","0.000","0.000","0.000"
"Tonga","2013","0.000","0.000","0.000","0.000","0.000"
"Tonga","2014","0.000","0.000","0.000","0.000","0.000"
"Tonga","2015","0.000","0.000","0.000","0.000","0.000"
"Tonga","2016","0.000","0.000","0.000","0.000","0.000"
"Tonga","2017","0.000","0.000","0.000","16.667","0.000"
"Tonga","2018","0.000","0.000","0.000","14.286","0.000"
"Tonga","2019","0.000","0.000","0.000","14.286","0.000"
"Tonga","2020","0.000","0.000","0.000","14.286","0.000"
"Tonga","2021","0.000","0.000","0.000","12.500","0.000"
"Trinidad and Tobago","1985","","","","0.000","0.000"
"Trinidad and Tobago","1986","","","","0.000","0.000"
"Trinidad and Tobago","1987","","","","0.000","0.000"
"Trinidad and Tobago","1988","","","","0.000","0.000"
"Trinidad and Tobago","1989","","","","0.000","0.000"
"Trinidad and Tobago","1990","","","","0.000","0.000"
"Trinidad and Tobago","1991","","","","0.000","0.000"
"Trinidad and Tobago","1992","","","","0.000","0.000"
"Trinidad and Tobago","1993","","","","0.000","0.000"
"Trinidad and Tobago","1994","","","","0.000","0.000"
"Trinidad and Tobago","1995","","","","0.000","0.000"
"Trinidad and Tobago","1996","","","","0.000","0.000"
"Trinidad and Tobago","1997","","","","0.000","0.000"
"Trinidad and Tobago","1998","","","","0.000","0.000"
"Trinidad and Tobago","1999","","","","0.000","0.000"
"Trinidad and Tobago","2000","0.000","90.078","0.000","0.000","0.000"
"Trinidad and Tobago","2001","0.000","90.189","0.000","0.000","0.000"
"Trinidad and Tobago","2002","0.000","90.189","0.000","0.000","0.000"
"Trinidad and Tobago","2003","0.000","90.248","0.000","0.000","0.000"
"Trinidad and Tobago","2004","0.000","90.232","0.000","0.000","0.000"
"Trinidad and Tobago","2005","0.000","90.060","0.000","0.000","0.000"
"Trinidad and Tobago","2006","0.000","90.074","0.000","0.000","0.000"
"Trinidad and Tobago","2007","0.000","91.274","0.000","0.000","0.000"
"Trinidad and Tobago","2008","0.000","91.736","0.000","0.000","0.000"
"Trinidad and Tobago","2009","0.000","91.723","0.000","0.000","0.000"
"Trinidad and Tobago","2010","0.000","91.719","0.000","0.000","0.000"
"Trinidad and Tobago","2011","0.000","98.058","0.000","0.000","0.000"
"Trinidad and Tobago","2012","0.000","98.834","0.000","0.000","0.000"
"Trinidad and Tobago","2013","0.000","98.770","0.000","0.000","0.000"
"Trinidad and Tobago","2014","0.000","98.870","0.000","0.000","0.000"
"Trinidad and Tobago","2015","0.000","98.668","0.000","0.111","0.000"
"Trinidad and Tobago","2016","0.000","98.871","0.000","0.113","0.000"
"Trinidad and Tobago","2017","0.000","98.860","0.000","0.114","0.000"
"Trinidad and Tobago","2018","0.000","98.848","0.000","0.115","0.000"
"Trinidad and Tobago","2019","0.000","98.843","0.000","0.116","0.000"
"Trinidad and Tobago","2020","0.000","98.782","0.000","0.122","0.000"
"Trinidad and Tobago","2021","0.000","98.855","0.000","0.115","0.000"
"Trinidad and Tobago","2022","","","0.000","0.054","0.000"
"Tunisia","2000","0.000","99.197","0.602","0.000","0.201"
"Tunisia","2001","0.000","99.346","0.467","0.000","0.187"
"Tunisia","2002","0.000","99.191","0.539","0.000","0.270"
"Tunisia","2003","0.000","98.372","1.371","0.000","0.257"
"Tunisia","2004","0.000","98.454","1.221","0.000","0.325"
"Tunisia","2005","0.000","98.612","1.079","0.000","0.308"
"Tunisia","2006","0.000","99.021","0.678","0.000","0.301"
"Tunisia","2007","0.000","99.303","0.387","0.000","0.310"
"Tunisia","2008","0.000","99.482","0.222","0.000","0.296"
"Tunisia","2009","0.000","98.746","0.557","0.000","0.697"
"Tunisia","2010","0.000","98.729","0.334","0.000","0.936"
"Tunisia","2011","0.000","98.956","0.326","0.000","0.718"
"Tunisia","2012","0.000","98.095","0.655","0.060","1.190"
"Tunisia","2013","0.000","97.424","0.351","0.117","2.108"
"Tunisia","2014","0.000","96.697","0.280","0.168","2.856"
"Tunisia","2015","0.000","96.839","0.381","0.327","2.452"
"Tunisia","2016","0.000","96.593","0.270","0.595","2.542"
"Tunisia","2017","0.000","96.870","0.104","0.678","2.347"
"Tunisia","2018","0.000","96.721","0.102","0.871","2.305"
"Tunisia","2019","0.000","96.010","0.341","1.217","2.433"
"Tunisia","2020","0.000","95.659","0.255","1.685","2.400"
"Tunisia","2021","0.000","95.222","0.287","1.959","2.532"
"Tunisia","2022","0.000","95.611","0.296","2.022","2.071"
"Turkey","1985","43.917","0.170","35.200","0.000","0.000"
"Turkey","1986","48.967","3.378","29.910","0.000","0.000"
"Turkey","1987","39.802","5.700","41.977","0.000","0.000"
"Turkey","1988","25.987","6.742","60.250","0.000","0.000"
"Turkey","1989","38.947","18.300","34.471","0.000","0.000"
"Turkey","1990","35.071","17.709","40.233","0.000","0.000"
"Turkey","1991","35.790","20.900","37.649","0.000","0.000"
"Turkey","1992","36.392","16.050","39.451","0.000","0.000"
"Turkey","1993","32.109","14.619","45.996","0.000","0.000"
"Turkey","1994","35.989","17.643","39.053","0.000","0.000"
"Turkey","1995","31.780","19.223","41.206","0.000","0.000"
"Turkey","1996","31.330","18.100","42.663","0.000","0.000"
"Turkey","1997","31.859","21.384","38.548","0.000","0.000"
"Turkey","1998","31.550","22.381","38.035","0.000","0.000"
"Turkey","1999","31.106","31.278","29.784","0.000","0.017"
"Turkey","2000","30.025","37.433","24.837","0.000","0.024"
"Turkey","2001","30.886","40.683","19.650","0.000","0.049"
"Turkey","2002","24.474","40.905","26.226","0.000","0.039"
"Turkey","2003","22.520","45.542","25.323","0.000","0.043"
"Turkey","2004","22.419","41.585","30.773","0.000","0.040"
"Turkey","2005","26.122","45.484","24.488","0.000","0.037"
"Turkey","2006","25.890","45.802","25.112","0.000","0.074"
"Turkey","2007","27.339","49.647","18.729","0.000","0.188"
"Turkey","2008","28.430","49.760","16.777","0.000","0.429"
"Turkey","2009","27.849","49.350","18.467","0.000","0.770"
"Turkey","2010","25.287","46.499","24.543","0.000","1.383"
"Turkey","2011","28.171","45.381","22.828","0.000","2.059"
"Turkey","2012","27.709","43.654","24.171","0.000","2.448"
"Turkey","2013","25.814","43.824","24.772","0.000","3.152"
"Turkey","2014","29.525","47.921","16.151","0.008","3.386"
"Turkey","2015","28.390","37.973","25.699","0.073","4.459"
"Turkey","2016","33.026","32.603","24.564","0.380","5.671"
"Turkey","2017","32.176","37.274","19.640","0.975","6.039"
"Turkey","2018","36.648","30.435","19.726","2.567","6.566"
"Turkey","2019","36.715","18.921","29.334","3.055","7.177"
"Turkey","2020","34.058","23.224","25.568","3.585","8.130"
"Turkey","2021","30.476","33.346","16.775","4.181","9.430"
"Turkey","2022","34.064","23.214","20.574","4.858","10.776"
"Turkmenistan","1990","","","0.021","0.000","0.000"
"Turkmenistan","1991","","","0.020","0.000","0.000"
"Turkmenistan","1992","","","0.032","0.000","0.000"
"Turkmenistan","1993","","","0.040","0.000","0.000"
"Turkmenistan","1994","","","0.038","0.000","0.000"
"Turkmenistan","1995","","","0.040","0.000","0.000"
"Turkmenistan","1996","","","0.049","0.000","0.000"
"Turkmenistan","1997","","","0.053","0.000","0.000"
"Turkmenistan","1998","","","0.064","0.000","0.000"
"Turkmenistan","1999","","","0.056","0.000","0.000"
"Turkmenistan","2000","0.000","100.000","0.000","0.000","0.000"
"Turkmenistan","2001","0.000","100.000","0.000","0.000","0.000"
"Turkmenistan","2002","0.000","100.000","0.000","0.000","0.000"
"Turkmenistan","2003","0.000","100.000","0.000","0.000","0.000"
"Turkmenistan","2004","0.000","100.000","0.000","0.000","0.000"
"Turkmenistan","2005","0.000","100.000","0.000","0.000","0.000"
"Turkmenistan","2006","0.000","100.000","0.000","0.000","0.000"
"Turkmenistan","2007","0.000","100.000","0.000","0.000","0.000"
"Turkmenistan","2008","0.000","100.000","0.000","0.000","0.000"
"Turkmenistan","2009","0.000","100.000","0.000","0.000","0.000"
"Turkmenistan","2010","0.000","100.000","0.000","0.000","0.000"
"Turkmenistan","2011","0.000","100.000","0.000","0.000","0.000"
"Turkmenistan","2012","0.000","100.000","0.000","0.000","0.000"
"Turkmenistan","2013","0.000","100.000","0.000","0.000","0.000"
"Turkmenistan","2014","0.000","100.000","0.000","0.000","0.000"
"Turkmenistan","2015","0.000","100.000","0.000","0.000","0.000"
"Turkmenistan","2016","0.000","100.000","0.000","0.000","0.000"
"Turkmenistan","2017","0.000","100.000","0.000","0.000","0.000"
"Turkmenistan","2018","0.000","100.000","0.000","0.000","0.000"
"Turkmenistan","2019","0.000","100.000","0.000","0.000","0.000"
"Turkmenistan","2020","0.000","100.000","0.000","0.000","0.000"
"Turkmenistan","2021","0.000","100.000","0.000","0.000","0.000"
"Turkmenistan","2022","","","0.018","0.022","0.000"
"Turks and Caicos Islands","2000","0.000","0.000","0.000","0.000","0.000"
"Turks and Caicos Islands","2001","0.000","0.000","0.000","0.000","0.000"
"Turks and Caicos Islands","2002","0.000","0.000","0.000","0.000","0.000"
"Turks and Caicos Islands","2003","0.000","0.000","0.000","0.000","0.000"
"Turks and Caicos Islands","2004","0.000","0.000","0.000","0.000","0.000"
"Turks and Caicos Islands","2005","0.000","0.000","0.000","0.000","0.000"
"Turks and Caicos Islands","2006","0.000","0.000","0.000","0.000","0.000"
"Turks and Caicos Islands","2007","0.000","0.000","0.000","0.000","0.000"
"Turks and Caicos Islands","2008","0.000","0.000","0.000","0.000","0.000"
"Turks and Caicos Islands","2009","0.000","0.000","0.000","0.000","0.000"
"Turks and Caicos Islands","2010","0.000","0.000","0.000","0.000","0.000"
"Turks and Caicos Islands","2011","0.000","0.000","0.000","0.000","0.000"
"Turks and Caicos Islands","2012","0.000","0.000","0.000","0.000","0.000"
"Turks and Caicos Islands","2013","0.000","0.000","0.000","0.000","0.000"
"Turks and Caicos Islands","2014","0.000","0.000","0.000","0.000","0.000"
"Turks and Caicos Islands","2015","0.000","0.000","0.000","0.000","0.000"
"Turks and Caicos Islands","2016","0.000","0.000","0.000","0.000","0.000"
"Turks and Caicos Islands","2017","0.000","0.000","0.000","0.000","0.000"
"Turks and Caicos Islands","2018","0.000","0.000","0.000","0.000","0.000"
"Turks and Caicos Islands","2019","0.000","0.000","0.000","0.000","0.000"
"Turks and Caicos Islands","2020","0.000","0.000","0.000","0.000","0.000"
"Turks and Caicos Islands","2021","0.000","0.000","0.000","0.000","0.000"
"Uganda","2000","0.000","0.000","97.484","0.000","0.000"
"Uganda","2001","0.000","0.000","97.484","0.000","0.000"
"Uganda","2002","0.000","0.000","97.661","0.000","0.000"
"Uganda","2003","0.000","0.000","97.222","0.000","0.000"
"Uganda","2004","0.000","0.000","97.423","0.000","0.000"
"Uganda","2005","0.000","0.000","94.359","0.000","0.000"
"Uganda","2006","0.000","0.000","73.885","0.637","0.000"
"Uganda","2007","0.000","0.000","71.066","0.508","0.000"
"Uganda","2008","0.000","0.000","70.259","0.862","0.000"
"Uganda","2009","0.000","0.000","58.333","0.833","0.000"
"Uganda","2010","0.000","0.000","54.647","0.743","0.000"
"Uganda","2011","0.000","0.000","57.471","0.766","0.000"
"Uganda","2012","0.000","0.000","76.531","1.531","0.000"
"Uganda","2013","0.000","0.000","91.506","1.158","0.000"
"Uganda","2014","0.000","0.000","84.342","1.068","0.000"
"Uganda","2015","0.000","0.000","83.972","1.045","0.000"
"Uganda","2016","0.000","0.000","87.533","1.061","0.000"
"Uganda","2017","0.000","0.000","87.980","1.535","0.000"
"Uganda","2018","0.000","0.000","84.455","1.624","0.000"
"Uganda","2019","0.000","0.000","93.303","2.771","0.000"
"Uganda","2020","0.000","0.000","91.685","2.697","0.000"
"Uganda","2021","0.000","0.000","90.909","3.409","0.000"
"Ukraine","1990","37.482","16.707","3.520","0.000","0.000"
"Ukraine","1991","37.591","16.673","4.205","0.000","0.000"
"Ukraine","1992","41.194","16.741","3.123","0.000","0.000"
"Ukraine","1993","37.356","16.930","4.806","0.000","0.000"
"Ukraine","1994","37.187","16.899","5.978","0.000","0.000"
"Ukraine","1995","35.399","16.887","5.134","0.000","0.000"
"Ukraine","1996","29.989","18.206","4.721","0.000","0.000"
"Ukraine","1997","30.210","17.445","5.545","0.000","0.000"
"Ukraine","1998","28.283","16.913","9.117","0.000","0.000"
"Ukraine","1999","30.563","17.593","8.328","0.000","0.000"
"Ukraine","2000","29.345","17.487","6.580","0.000","0.006"
"Ukraine","2001","30.079","17.568","6.961","0.000","0.012"
"Ukraine","2002","30.823","17.566","5.548","0.000","0.012"
"Ukraine","2003","29.700","19.001","5.128","0.000","0.017"
"Ukraine","2004","24.157","20.613","6.455","0.000","0.016"
"Ukraine","2005","24.861","18.374","6.648","0.000","0.022"
"Ukraine","2006","31.983","12.653","6.671","0.000","0.016"
"Ukraine","2007","34.700","11.446","5.170","0.000","0.025"
"Ukraine","2008","35.507","10.027","5.977","0.000","0.026"
"Ukraine","2009","36.269","6.733","6.877","0.000","0.023"
"Ukraine","2010","35.642","8.315","6.964","0.000","0.026"
"Ukraine","2011","38.030","9.464","5.617","0.015","0.046"
"Ukraine","2012","40.316","8.086","5.283","0.166","0.146"
"Ukraine","2013","41.366","7.217","7.124","0.294","0.330"
"Ukraine","2014","38.213","6.984","4.660","0.236","0.621"
"Ukraine","2015","34.237","6.248","3.341","0.297","0.668"
"Ukraine","2016","36.596","6.042","4.710","0.301","0.583"
"Ukraine","2017","30.967","4.786","5.796","0.479","0.635"
"Ukraine","2018","30.152","6.686","6.592","0.695","0.752"
"Ukraine","2019","29.215","7.815","4.264","1.919","1.323"
"Ukraine","2020","26.056","9.571","5.099","4.027","2.206"
"Ukraine","2021","23.202","6.268","6.852","3.834","2.864"
"Ukraine","2022","19.814","4.109","9.416","5.333","1.090"
"United Arab Emirates","1985","0.000","99.992","0.000","0.000","0.000"
"United Arab Emirates","1986","0.000","99.992","0.000","0.000","0.000"
"United Arab Emirates","1987","0.000","99.992","0.000","0.000","0.000"
"United Arab Emirates","1988","0.000","99.992","0.000","0.000","0.000"
"United Arab Emirates","1989","0.000","99.992","0.000","0.000","0.000"
"United Arab Emirates","1990","0.000","99.992","0.000","0.000","0.000"
"United Arab Emirates","1991","0.000","99.992","0.000","0.000","0.000"
"United Arab Emirates","1992","0.000","99.992","0.000","0.000","0.000"
"United Arab Emirates","1993","0.000","99.992","0.000","0.000","0.000"
"United Arab Emirates","1994","0.000","99.992","0.000","0.000","0.000"
"United Arab Emirates","1995","0.000","99.993","0.000","0.000","0.000"
"United Arab Emirates","1996","0.000","99.992","0.000","0.000","0.000"
"United Arab Emirates","1997","0.000","99.991","0.000","0.000","0.000"
"United Arab Emirates","1998","0.000","99.992","0.000","0.000","0.000"
"United Arab Emirates","1999","0.000","99.992","0.000","0.000","0.000"
"United Arab Emirates","2000","0.000","100.000","0.000","0.000","0.000"
"United Arab Emirates","2001","0.000","100.000","0.000","0.000","0.000"
"United Arab Emirates","2002","0.000","100.000","0.000","0.000","0.000"
"United Arab Emirates","2003","0.000","100.000","0.000","0.000","0.000"
"United Arab Emirates","2004","0.000","100.000","0.000","0.000","0.000"
"United Arab Emirates","2005","0.000","100.000","0.000","0.000","0.000"
"United Arab Emirates","2006","0.000","100.000","0.000","0.000","0.000"
"United Arab Emirates","2007","0.000","100.000","0.000","0.000","0.000"
"United Arab Emirates","2008","0.000","100.000","0.000","0.000","0.000"
"United Arab Emirates","2009","0.000","99.988","0.000","0.012","0.000"
"United Arab Emirates","2010","0.000","99.977","0.000","0.023","0.000"
"United Arab Emirates","2011","0.000","99.968","0.000","0.032","0.000"
"United Arab Emirates","2012","0.000","99.980","0.000","0.020","0.000"
"United Arab Emirates","2013","0.000","99.923","0.000","0.077","0.000"
"United Arab Emirates","2014","0.000","99.717","0.000","0.274","0.000"
"United Arab Emirates","2015","0.000","99.741","0.000","0.251","0.000"
"United Arab Emirates","2016","0.000","99.737","0.000","0.254","0.000"
"United Arab Emirates","2017","0.000","99.407","0.000","0.585","0.000"
"United Arab Emirates","2018","0.000","98.968","0.000","1.024","0.000"
"United Arab Emirates","2019","0.000","97.069","0.000","2.923","0.000"
"United Arab Emirates","2020","0.000","94.421","0.000","4.338","0.000"
"United Arab Emirates","2021","0.000","93.740","0.000","4.933","0.000"
"United Arab Emirates","2022","0.000","82.506","","4.495","0.000"
"United Kingdom","1985","59.433","0.972","1.327","0.000","0.000"
"United Kingdom","1986","66.882","0.579","1.584","0.000","0.000"
"United Kingdom","1987","69.485","1.500","1.386","0.000","0.000"
"United Kingdom","1988","65.854","1.547","1.582","0.000","0.000"
"United Kingdom","1989","63.556","1.573","1.516","0.000","0.003"
"United Kingdom","1990","64.407","1.574","1.640","0.000","0.003"
"United Kingdom","1991","65.205","1.811","1.438","0.000","0.003"
"United Kingdom","1992","60.318","3.939","1.700","0.000","0.013"
"United Kingdom","1993","52.781","10.582","1.337","0.000","0.068"
"United Kingdom","1994","49.237","16.387","1.566","0.000","0.105"
"United Kingdom","1995","46.270","19.171","1.456","0.000","0.117"
"United Kingdom","1996","41.572","24.072","0.970","0.000","0.140"
"United Kingdom","1997","34.285","31.776","1.194","0.000","0.192"
"United Kingdom","1998","34.056","32.624","1.418","0.000","0.244"
"United Kingdom","1999","29.070","39.124","1.462","0.000","0.233"
"United Kingdom","2000","32.040","39.553","1.360","0.000","0.254"
"United Kingdom","2001","34.380","37.111","1.062","0.000","0.254"
"United Kingdom","2002","32.314","39.594","1.245","0.000","0.328"
"United Kingdom","2003","34.972","37.647","0.817","0.000","0.326"
"United Kingdom","2004","33.681","40.142","1.237","0.000","0.496"
"United Kingdom","2005","34.050","38.602","1.244","0.003","0.733"
"United Kingdom","2006","37.833","35.795","1.167","0.003","1.075"
"United Kingdom","2007","34.595","42.188","1.293","0.003","1.341"
"United Kingdom","2008","32.320","45.790","1.336","0.005","1.850"
"United Kingdom","2009","27.619","44.628","1.402","0.005","2.487"
"United Kingdom","2010","28.395","46.357","0.947","0.011","2.716"
"United Kingdom","2011","29.705","40.130","1.559","0.066","4.372"
"United Kingdom","2012","39.566","27.756","1.471","0.374","5.500"
"United Kingdom","2013","36.654","26.968","1.323","0.566","7.991"
"United Kingdom","2014","29.904","30.098","1.757","1.208","9.534"
"United Kingdom","2015","22.628","29.785","1.879","2.245","12.009"
"United Kingdom","2016","9.120","42.631","1.597","3.093","11.050"
"United Kingdom","2017","6.723","40.809","1.755","3.420","14.813"
"United Kingdom","2018","5.092","39.785","1.646","3.855","17.219"
"United Kingdom","2019","2.142","40.597","1.844","4.017","20.000"
"United Kingdom","2020","1.737","36.184","2.173","4.337","23.958"
"United Kingdom","2021","1.927","40.233","1.820","4.063","21.168"
"United Kingdom","2022","1.610","39.259","1.758","4.281","24.618"
"United States","1985","56.740","11.814","10.808","0.000","0.000"
"United States","1986","55.683","9.985","11.097","0.001","0.000"
"United States","1987","56.776","10.574","9.213","0.000","0.000"
"United States","1988","56.842","9.327","7.836","0.000","0.000"
"United States","1989","54.238","12.016","8.706","0.008","0.068"
"United States","1990","53.364","12.399","9.041","0.011","0.087"
"United States","1991","52.665","12.544","8.785","0.015","0.091"
"United States","1992","53.511","13.229","7.655","0.012","0.089"
"United States","1993","53.785","13.104","8.202","0.014","0.089"
"United States","1994","52.978","14.308","7.499","0.015","0.101"
"United States","1995","51.944","14.952","8.724","0.014","0.090"
"United States","1996","53.114","13.357","9.487","0.015","0.089"
"United States","1997","53.769","13.871","9.578","0.014","0.089"
"United States","1998","52.623","14.815","8.353","0.014","0.079"
"United States","1999","51.774","15.200","8.044","0.013","0.115"
"United States","2000","51.715","16.175","7.102","0.013","0.147"
"United States","2001","51.078","17.146","5.584","0.014","0.181"
"United States","2002","50.287","17.975","6.649","0.014","0.269"
"United States","2003","51.015","16.798","6.908","0.014","0.289"
"United States","2004","50.059","17.968","6.577","0.015","0.358"
"United States","2005","49.885","18.859","6.537","0.014","0.441"
"United States","2006","49.186","20.174","6.985","0.013","0.657"
"United States","2007","48.677","21.643","5.808","0.015","0.832"
"United States","2008","48.345","21.497","6.051","0.021","1.348"
"United States","2009","44.568","23.376","6.823","0.023","1.875"
"United States","2010","44.903","24.009","6.191","0.029","2.301"
"United States","2011","42.394","24.791","7.653","0.045","2.939"
"United States","2012","37.470","30.339","6.714","0.107","3.485"
"United States","2013","38.986","27.735","6.507","0.223","4.138"
"United States","2014","38.616","27.505","6.181","0.706","4.435"
"United States","2015","33.115","32.651","5.974","0.956","4.670"
"United States","2016","30.315","33.720","6.388","1.342","5.553"
"United States","2017","29.757","31.993","7.251","1.907","6.275"
"United States","2018","27.359","34.966","6.822","2.222","6.490"
"United States","2019","23.205","38.135","6.796","2.570","7.115"
"United States","2020","19.128","40.171","6.924","3.233","8.358"
"United States","2021","21.620","38.020","5.934","3.958","9.105"
"United States","2022","19.293","39.318","5.957","4.754","10.119"
"United States Virgin Islands","2000","0.000","0.000","0.000","0.000","0.000"
"United States Virgin Islands","2001","0.000","0.000","0.000","0.000","0.000"
"United States Virgin Islands","2002","0.000","0.000","0.000","0.000","0.000"
"United States Virgin Islands","2003","0.000","0.000","0.000","0.000","0.000"
"United States Virgin Islands","2004","0.000","0.000","0.000","0.000","0.000"
"United States Virgin Islands","2005","0.000","0.000","0.000","0.000","0.000"
"United States Virgin Islands","2006","0.000","0.000","0.000","0.000","0.000"
"United States Virgin Islands","2007","0.000","0.000","0.000","0.000","0.000"
"United States Virgin Islands","2008","0.000","0.000","0.000","0.000","0.000"
"United States Virgin Islands","2009","0.000","0.000","0.000","0.000","0.000"
"United States Virgin Islands","2010","0.000","0.000","0.000","0.000","0.000"
"United States Virgin Islands","2011","0.000","0.000","0.000","0.000","0.000"
"United States Virgin Islands","2012","0.000","0.000","0.000","0.000","0.000"
"United States Virgin Islands","2013","0.000","0.000","0.000","0.000","0.000"
"United States Virgin Islands","2014","0.000","0.000","0.000","1.429","0.000"
"United States Virgin Islands","2015","0.000","0.000","0.000","1.449","0.000"
"United States Virgin Islands","2016","0.000","0.000","0.000","1.471","0.000"
"United States Virgin Islands","2017","0.000","0.000","0.000","1.887","0.000"
"United States Virgin Islands","2018","0.000","0.000","0.000","1.639","0.000"
"United States Virgin Islands","2019","0.000","0.000","0.000","1.613","0.000"
"United States Virgin Islands","2020","0.000","0.000","0.000","1.562","0.000"
"United States Virgin Islands","2021","0.000","0.000","0.000","2.857","0.000"
"Uruguay","2000","0.000","0.000","93.191","0.000","0.000"
"Uruguay","2001","0.000","0.000","99.345","0.000","0.000"
"Uruguay","2002","0.000","0.000","99.264","0.000","0.000"
"Uruguay","2003","0.000","0.000","99.062","0.000","0.000"
"Uruguay","2004","0.000","0.000","81.834","0.000","0.000"
"Uruguay","2005","0.000","0.000","87.566","0.000","0.000"
"Uruguay","2006","0.000","18.282","65.082","0.000","0.000"
"Uruguay","2007","0.000","5.603","86.099","0.000","0.000"
"Uruguay","2008","0.000","18.801","52.291","0.000","0.000"
"Uruguay","2009","0.000","14.432","59.205","0.000","0.455"
"Uruguay","2010","0.000","7.253","77.788","0.000","0.635"
"Uruguay","2011","0.000","12.440","61.813","0.000","1.061"
"Uruguay","2012","0.000","14.703","50.613","0.000","1.037"
"Uruguay","2013","0.000","7.249","70.917","0.000","1.223"
"Uruguay","2014","0.000","5.214","74.319","0.000","5.681"
"Uruguay","2015","0.000","7.201","60.103","0.367","15.209"
"Uruguay","2016","0.000","7.709","56.436","1.091","21.745"
"Uruguay","2017","0.000","7.298","52.211","1.895","26.456"
"Uruguay","2018","0.000","7.379","44.759","2.828","32.621"
"Uruguay","2019","0.000","10.841","50.530","2.617","29.595"
"Uruguay","2020","0.000","16.322","30.207","3.397","40.473"
"Uruguay","2021","0.000","20.228","33.312","3.034","31.542"
"Uruguay","2022","0.000","14.878","38.111","3.261","32.609"
"Uzbekistan","1990","","","11.803","0.000","0.000"
"Uzbekistan","1991","","","11.134","0.000","0.000"
"Uzbekistan","1992","","","12.337","0.000","0.000"
"Uzbekistan","1993","","","14.971","0.000","0.000"
"Uzbekistan","1994","","","14.971","0.000","0.000"
"Uzbekistan","1995","","","13.040","0.000","0.000"
"Uzbekistan","1996","","","14.366","0.000","0.000"
"Uzbekistan","1997","","","12.544","0.000","0.000"
"Uzbekistan","1998","","","12.545","0.000","0.000"
"Uzbekistan","1999","","","12.545","0.000","0.000"
"Uzbekistan","2000","22.062","62.238","13.129","0.000","0.000"
"Uzbekistan","2001","22.069","62.247","13.126","0.000","0.000"
"Uzbekistan","2002","22.070","62.246","13.113","0.000","0.000"
"Uzbekistan","2003","21.299","60.115","16.108","0.000","0.000"
"Uzbekistan","2004","20.612","58.186","18.819","0.000","0.000"
"Uzbekistan","2005","19.119","59.847","18.821","0.000","0.000"
"Uzbekistan","2006","21.048","65.923","10.592","0.000","0.000"
"Uzbekistan","2007","21.116","66.106","10.334","0.000","0.000"
"Uzbekistan","2008","20.945","65.572","11.045","0.000","0.000"
"Uzbekistan","2009","20.157","63.117","14.395","0.000","0.000"
"Uzbekistan","2010","19.667","61.579","16.460","0.000","0.000"
"Uzbekistan","2011","20.889","65.372","11.316","0.000","0.000"
"Uzbekistan","2012","19.601","64.985","13.141","0.000","0.000"
"Uzbekistan","2013","20.089","66.641","10.945","0.000","0.000"
"Uzbekistan","2014","19.996","66.287","11.402","0.000","0.000"
"Uzbekistan","2015","19.047","65.903","12.832","0.000","0.000"
"Uzbekistan","2016","19.161","65.786","12.946","0.000","0.000"
"Uzbekistan","2017","16.896","66.690","14.364","0.017","0.000"
"Uzbekistan","2018","17.802","70.217","9.827","0.017","0.000"
"Uzbekistan","2019","17.002","70.188","10.747","0.017","0.000"
"Uzbekistan","2020","15.606","73.561","8.938","0.018","0.000"
"Uzbekistan","2021","15.405","74.274","8.446","0.017","0.000"
"Uzbekistan","2022","","","7.484","0.259","0.002"
"Vanuatu","2000","0.000","0.000","0.000","0.000","0.000"
"Vanuatu","2001","0.000","0.000","0.000","0.000","0.000"
"Vanuatu","2002","0.000","0.000","0.000","0.000","0.000"
"Vanuatu","2003","0.000","0.000","0.000","0.000","0.000"
"Vanuatu","2004","0.000","0.000","0.000","0.000","0.000"
"Vanuatu","2005","0.000","0.000","0.000","0.000","0.000"
"Vanuatu","2006","0.000","0.000","0.000","0.000","0.000"
"Vanuatu","2007","0.000","0.000","0.000","0.000","0.000"
"Vanuatu","2008","0.000","0.000","0.000","0.000","0.000"
"Vanuatu","2009","0.000","0.000","0.000","0.000","0.000"
"Vanuatu","2010","0.000","0.000","0.000","0.000","0.000"
"Vanuatu","2011","0.000","0.000","0.000","0.000","0.000"
"Vanuatu","2012","0.000","0.000","0.000","0.000","0.000"
"Vanuatu","2013","0.000","0.000","0.000","0.000","14.286"
"Vanuatu","2014","0.000","0.000","0.000","0.000","14.286"
"Vanuatu","2015","0.000","0.000","0.000","0.000","14.286"
"Vanuatu","2016","0.000","0.000","0.000","0.000","14.286"
"Vanuatu","2017","0.000","0.000","0.000","0.000","0.000"
"Vanuatu","2018","0.000","0.000","0.000","14.286","0.000"
"Vanuatu","2019","0.000","0.000","0.000","14.286","0.000"
"Vanuatu","2020","0.000","0.000","0.000","14.286","0.000"
"Vanuatu","2021","0.000","0.000","0.000","14.286","0.000"
"Venezuela","1985","","","47.892","0.000","0.000"
"Venezuela","1986","","","50.206","0.000","0.000"
"Venezuela","1987","","","56.977","0.000","0.000"
"Venezuela","1988","","","58.723","0.000","0.000"
"Venezuela","1989","","","60.163","0.000","0.000"
"Venezuela","1990","","","62.344","0.000","0.000"
"Venezuela","1991","","","70.325","0.000","0.000"
"Venezuela","1992","","","70.093","0.000","0.000"
"Venezuela","1993","","","68.430","0.000","0.000"
"Venezuela","1994","","","72.007","0.000","0.000"
"Venezuela","1995","","","70.051","0.000","0.000"
"Venezuela","1996","","","71.238","0.000","0.000"
"Venezuela","1997","","","73.358","0.000","0.000"
"Venezuela","1998","","","71.595","0.000","0.000"
"Venezuela","1999","","","75.200","0.000","0.000"
"Venezuela","2000","0.000","15.293","74.724","0.000","0.000"
"Venezuela","2001","0.000","15.569","68.213","0.000","0.000"
"Venezuela","2002","0.000","16.076","68.021","0.000","0.000"
"Venezuela","2003","0.000","15.660","67.133","0.000","0.000"
"Venezuela","2004","0.000","13.242","72.103","0.000","0.000"
"Venezuela","2005","0.000","11.244","75.412","0.000","0.000"
"Venezuela","2006","0.000","11.149","74.866","0.000","0.000"
"Venezuela","2007","0.000","13.385","73.525","0.000","0.000"
"Venezuela","2008","0.000","12.784","73.813","0.000","0.000"
"Venezuela","2009","0.000","13.385","72.922","0.000","0.000"
"Venezuela","2010","0.000","14.508","68.620","0.000","0.000"
"Venezuela","2011","0.000","13.609","71.982","0.000","0.000"
"Venezuela","2012","0.000","13.594","68.509","0.000","0.042"
"Venezuela","2013","0.000","14.212","68.902","0.000","0.075"
"Venezuela","2014","0.000","19.253","63.428","0.000","0.090"
"Venezuela","2015","0.000","20.327","62.206","0.008","0.076"
"Venezuela","2016","0.000","22.373","59.543","0.010","0.086"
"Venezuela","2017","0.000","25.877","59.787","0.010","0.089"
"Venezuela","2018","0.000","26.370","59.782","0.010","0.093"
"Venezuela","2019","0.000","27.682","59.771","0.012","0.108"
"Venezuela","2020","0.000","23.164","66.331","0.011","0.096"
"Venezuela","2021","0.000","24.509","64.387","0.011","0.095"
"Venezuela","2022","","","80.446","0.000","0.021"
"Vietnam","1985","45.453","1.420","29.138","0.000","0.000"
"Vietnam","1986","48.073","1.194","25.457","0.000","0.000"
"Vietnam","1987","50.653","1.091","22.872","0.000","0.000"
"Vietnam","1988","50.700","0.943","26.396","0.000","0.000"
"Vietnam","1989","35.021","0.488","49.306","0.000","0.000"
"Vietnam","1990","23.050","0.069","61.848","0.000","0.000"
"Vietnam","1991","14.832","0.380","68.588","0.000","0.000"
"Vietnam","1992","8.769","0.062","74.477","0.000","0.000"
"Vietnam","1993","5.974","0.131","74.705","0.000","0.000"
"Vietnam","1994","8.716","0.033","75.220","0.000","0.000"
"Vietnam","1995","13.811","5.106","72.242","0.000","0.000"
"Vietnam","1996","14.023","6.474","70.869","0.000","0.000"
"Vietnam","1997","17.379","10.313","60.929","0.000","0.000"
"Vietnam","1998","16.046","15.847","51.157","0.000","0.000"
"Vietnam","1999","12.373","15.264","58.466","0.000","0.000"
"Vietnam","2000","11.785","16.416","54.782","0.000","0.000"
"Vietnam","2001","10.519","14.440","59.490","0.000","0.000"
"Vietnam","2002","13.631","23.268","50.838","0.000","0.000"
"Vietnam","2003","17.689","29.416","46.396","0.000","0.000"
"Vietnam","2004","15.519","42.273","38.571","0.000","0.000"
"Vietnam","2005","21.141","42.857","31.740","0.000","0.000"
"Vietnam","2006","21.123","42.314","34.041","0.000","0.000"
"Vietnam","2007","19.264","41.490","34.975","0.000","0.000"
"Vietnam","2008","17.322","43.777","36.617","0.000","0.000"
"Vietnam","2009","15.439","45.089","37.178","0.000","0.012"
"Vietnam","2010","17.314","48.724","31.095","0.011","0.044"
"Vietnam","2011","19.643","39.060","40.469","0.010","0.039"
"Vietnam","2012","18.454","35.067","46.296","0.009","0.035"
"Vietnam","2013","19.299","33.545","46.457","0.008","0.056"
"Vietnam","2014","24.687","30.712","44.007","0.007","0.050"
"Vietnam","2015","33.371","29.826","36.195","0.006","0.114"
"Vietnam","2016","36.398","25.923","36.512","0.006","0.114"
"Vietnam","2017","32.677","20.856","45.720","0.005","0.183"
"Vietnam","2018","40.083","19.083","40.389","0.048","0.234"
"Vietnam","2019","48.888","18.547","29.259","2.309","0.317"
"Vietnam","2020","48.751","14.422","31.172","4.613","0.455"
"Vietnam","2021","46.623","10.712","31.009","10.528","0.976"
"Vietnam","2022","37.793","10.576","38.222","9.984","3.285"
"Western Sahara","2000","0.000","0.000","0.000","0.000","0.000"
"Western Sahara","2001","0.000","0.000","0.000","0.000","0.000"
"Western Sahara","2002","0.000","0.000","0.000","0.000","0.000"
"Western Sahara","2003","0.000","0.000","0.000","0.000","0.000"
"Western Sahara","2004","0.000","0.000","0.000","0.000","0.000"
"Western Sahara","2005","0.000","0.000","0.000","0.000","0.000"
"Western Sahara","2006","0.000","0.000","0.000","0.000","0.000"
"Western Sahara","2007","0.000","0.000","0.000","0.000","0.000"
"Western Sahara","2008","0.000","0.000","0.000","0.000","0.000"
"Western Sahara","2009","0.000","0.000","0.000","0.000","0.000"
"Yemen","2000","0.000","0.000","0.000","0.000","0.000"
"Yemen","2001","0.000","0.000","0.000","0.000","0.000"
"Yemen","2002","0.000","0.000","0.000","0.000","0.000"
"Yemen","2003","0.000","0.000","0.000","0.000","0.000"
"Yemen","2004","0.000","0.000","0.000","0.000","0.000"
"Yemen","2005","0.000","0.000","0.000","0.000","0.000"
"Yemen","2006","0.000","0.000","0.000","0.000","0.000"
"Yemen","2007","0.000","0.000","0.000","0.000","0.000"
"Yemen","2008","0.000","0.000","0.000","0.000","0.000"
"Yemen","2009","0.000","0.000","0.000","0.000","0.000"
"Yemen","2010","0.000","21.811","0.000","0.000","0.000"
"Yemen","2011","0.000","22.298","0.000","0.000","0.000"
"Yemen","2012","0.000","22.256","0.000","0.000","0.000"
"Yemen","2013","0.000","22.904","0.000","0.000","0.000"
"Yemen","2014","0.000","22.500","0.000","0.139","0.000"
"Yemen","2015","0.000","22.091","0.000","2.024","0.000"
"Yemen","2016","0.000","21.681","0.000","3.540","0.000"
"Yemen","2017","0.000","21.466","0.000","4.974","0.000"
"Yemen","2018","0.000","19.091","0.000","14.545","0.000"
"Yemen","2019","0.000","18.182","0.000","14.076","0.000"
"Yemen","2020","0.000","17.647","0.000","15.170","0.000"
"Yemen","2021","0.000","20.963","0.000","16.997","0.000"
"Zambia","2000","0.000","0.000","98.840","0.000","0.000"
"Zambia","2001","0.000","0.000","98.861","0.000","0.000"
"Zambia","2002","0.000","0.000","98.890","0.000","0.000"
"Zambia","2003","0.000","0.000","98.910","0.000","0.000"
"Zambia","2004","0.000","0.000","99.054","0.000","0.000"
"Zambia","2005","0.000","0.000","98.986","0.000","0.000"
"Zambia","2006","0.000","0.000","99.068","0.000","0.000"
"Zambia","2007","0.000","0.000","99.271","0.000","0.000"
"Zambia","2008","0.000","0.000","99.368","0.000","0.000"
"Zambia","2009","0.000","0.000","99.189","0.000","0.000"
"Zambia","2010","0.000","0.000","99.232","0.000","0.000"
"Zambia","2011","0.000","0.000","99.301","0.000","0.000"
"Zambia","2012","0.000","0.000","99.269","0.000","0.000"
"Zambia","2013","0.000","0.000","99.395","0.000","0.000"
"Zambia","2014","0.000","0.000","96.797","0.000","0.000"
"Zambia","2015","0.449","0.000","96.632","0.000","0.000"
"Zambia","2016","3.959","0.000","93.890","0.000","0.000"
"Zambia","2017","7.756","0.000","86.496","0.000","0.000"
"Zambia","2018","8.741","0.000","84.997","0.000","0.000"
"Zambia","2019","8.793","0.000","84.049","0.818","0.000"
"Zambia","2020","8.344","0.000","84.702","0.993","0.000"
"Zambia","2021","4.912","0.000","90.740","0.847","0.000"
"Zimbabwe","2000","48.961","0.000","47.923","0.000","0.000"
"Zimbabwe","2001","57.124","0.000","39.182","0.000","0.000"
"Zimbabwe","2002","49.879","0.000","45.884","0.000","0.000"
"Zimbabwe","2003","34.895","0.000","62.061","0.000","0.000"
"Zimbabwe","2004","38.576","0.000","58.130","0.000","0.000"
"Zimbabwe","2005","42.478","0.000","53.872","0.000","0.000"
"Zimbabwe","2006","29.036","0.000","68.490","0.000","0.000"
"Zimbabwe","2007","25.306","0.000","72.517","0.000","0.000"
"Zimbabwe","2008","21.651","0.000","76.455","0.000","0.000"
"Zimbabwe","2009","22.082","0.000","75.949","0.000","0.000"
"Zimbabwe","2010","29.502","0.000","68.009","0.000","0.000"
"Zimbabwe","2011","37.919","0.000","57.606","0.000","0.000"
"Zimbabwe","2012","36.058","0.000","59.798","0.000","0.000"
"Zimbabwe","2013","41.685","0.000","53.456","0.000","0.000"
"Zimbabwe","2014","39.959","0.000","55.407","0.000","0.000"
"Zimbabwe","2015","42.386","0.000","52.609","0.106","0.000"
"Zimbabwe","2016","50.733","0.000","43.255","0.147","0.000"
"Zimbabwe","2017","41.088","0.000","54.014","0.136","0.000"
"Zimbabwe","2018","40.152","0.000","54.951","0.218","0.000"
"Zimbabwe","2019","43.932","0.000","50.607","0.364","0.000"
"Zimbabwe","2020","44.269","0.000","50.198","0.395","0.000"
"Zimbabwe","2021","44.458","0.000","49.813","0.498","0.000"
