"CountryName","Year","CO2PerCapita","EnergyPerPerson","TotalRenewable_Pct"
"Afghanistan","2000","0.052017417","302.595","65.957"
"Afghanistan","2001","0.05270568","236.892","84.746"
"Afghanistan","2002","0.062730715","210.862","81.159"
"Afghanistan","2003","0.068608426","229.968","67.021"
"Afghanistan","2004","0.052513268","204.231","62.921"
"Afghanistan","2005","0.077424295","252.069","63.441"
"Afghanistan","2006","0.08493193","304.421","76.190"
"Afghanistan","2007","0.10806349","354.280","78.947"
"Afghanistan","2008","0.16065209","607.833","73.973"
"Afghanistan","2009","0.23258604","975.048","82.979"
"Afghanistan","2010","0.2957424","1182.892","79.787"
"Afghanistan","2011","0.38877392","1436.114","76.923"
"Afghanistan","2012","0.31842902","1324.121","84.091"
"Afghanistan","2013","0.28117284","1060.793","80.180"
"Afghanistan","2014","0.26523322","868.576","86.207"
"Afghanistan","2015","0.27738428","970.080","87.288"
"Afghanistan","2016","0.24800518","862.791","87.603"
"Afghanistan","2017","0.26089466","829.312","85.827"
"Afghanistan","2018","0.27737236","924.251","82.906"
"Afghanistan","2019","0.27472728","802.613","83.178"
"Afghanistan","2020","0.28458965","702.888","85.000"
"Afghanistan","2021","0.2467185","676.696","84.337"
"Albania","1990","1.6841552","10214.598","86.364"
"Albania","1991","1.3069565","8549.045","92.147"
"Albania","1992","0.7668275","7468.515","95.000"
"Albania","1993","0.71327627","6555.686","93.768"
"Albania","1994","0.5884248","6243.837","95.685"
"Albania","1995","0.64109814","6919.917","93.960"
"Albania","1996","0.62159795","7645.640","95.659"
"Albania","1997","0.47776133","7020.859","96.176"
"Albania","1998","0.5466155","7602.231","96.282"
"Albania","1999","0.9365232","6892.834","97.417"
"Albania","2000","0.9553966","9029.438","97.015"
"Albania","2001","1.0230986","8635.532","96.438"
"Albania","2002","1.1959662","9443.555","95.604"
"Albania","2003","1.3801702","10756.612","98.084"
"Albania","2004","1.3478992","11586.951","97.653"
"Albania","2005","1.3853046","11545.616","98.701"
"Albania","2006","1.2818633","10976.728","98.214"
"Albania","2007","1.3244282","9534.874","97.527"
"Albania","2008","1.4862808","10499.328","98.172"
"Albania","2009","1.4755803","11524.428","100.000"
"Albania","2010","1.6446854","12377.504","100.000"
"Albania","2011","1.7775874","10854.649","98.554"
"Albania","2012","1.6941584","10652.809","100.000"
"Albania","2013","1.8386787","13392.774","100.000"
"Albania","2014","2.091259","11809.461","100.000"
"Albania","2015","1.625643","11824.314","100.000"
"Albania","2016","1.5718573","13823.748","100.000"
"Albania","2017","1.8438027","12802.360","100.000"
"Albania","2018","1.7949029","14609.701","100.000"
"Albania","2019","1.7124815","11585.555","100.000"
"Albania","2020","1.6939825","11158.003","100.000"
"Albania","2021","1.802687","14100.432","100.000"
"Algeria","1990","2.990726","12343.162","0.838"
"Algeria","1991","3.0004637","11942.152","1.689"
"Algeria","1992","2.9774103","11971.857","1.088"
"Algeria","1993","2.9807472","10893.888","1.818"
"Algeria","1994","3.1501276","10807.210","0.835"
"Algeria","1995","3.3686354","10996.016","0.979"
"Algeria","1996","3.4291797","10692.724","0.654"
"Algeria","1997","2.9587216","10105.151","0.349"
"Algeria","1998","3.5183222","10304.176","0.924"
"Algeria","1999","2.9734142","10262.746","0.820"
"Algeria","2000","2.7359807","9746.524","0.209"
"Algeria","2001","2.745478","9961.640","0.280"
"Algeria","2002","2.8238127","10180.350","0.231"
"Algeria","2003","2.923871","10510.461","0.935"
"Algeria","2004","2.7844713","10759.022","0.851"
"Algeria","2005","3.3091779","11113.723","1.724"
"Algeria","2006","3.0870595","11341.980","0.664"
"Algeria","2007","3.1456718","11759.701","0.629"
"Algeria","2008","3.119057","12252.297","0.740"
"Algeria","2009","3.277727","12753.120","0.829"
"Algeria","2010","3.25651","12243.156","0.395"
"Algeria","2011","3.3795078","12710.541","1.038"
"Algeria","2012","3.6017866","13624.909","1.149"
"Algeria","2013","3.6844282","14130.735","0.586"
"Algeria","2014","3.8881397","15108.635","0.414"
"Algeria","2015","4.0060844","15616.311","0.340"
"Algeria","2016","3.8752885","15295.143","0.509"
"Algeria","2017","3.9638858","15164.000","0.895"
"Algeria","2018","4.104483","15971.084","1.082"
"Algeria","2019","4.2135787","16259.053","1.095"
"Algeria","2020","3.8857946","14933.807","0.990"
"Algeria","2021","4.0668306","15914.461","1.174"
"Algeria","2022","4.238998","15252.127","0.839"
"American Samoa","2000","","39429.848","0.000"
"American Samoa","2001","","39368.348","0.000"
"American Samoa","2002","","40120.078","0.000"
"American Samoa","2003","","40284.816","0.000"
"American Samoa","2004","","40500.730","0.000"
"American Samoa","2005","","43305.367","0.000"
"American Samoa","2006","","44364.801","0.000"
"American Samoa","2007","","44722.695","0.000"
"American Samoa","2008","","45240.664","0.000"
"American Samoa","2009","","45543.090","0.000"
"American Samoa","2010","","45970.539","0.000"
"American Samoa","2011","","26492.090","0.000"
"American Samoa","2012","","26916.025","0.000"
"American Samoa","2013","","27255.666","0.000"
"American Samoa","2014","","27663.885","0.000"
"American Samoa","2015","","28115.486","0.000"
"American Samoa","2016","","28760.439","0.000"
"American Samoa","2017","","29360.256","0.000"
"American Samoa","2018","","29987.857","0.000"
"American Samoa","2019","","30681.020","0.000"
"American Samoa","2020","","29946.838","0.000"
"American Samoa","2021","","35426.699","0.000"
"Angola","2000","0.98766494","1979.256","64.286"
"Angola","2001","0.94991744","2079.732","63.522"
"Angola","2002","0.92799395","2143.528","66.082"
"Angola","2003","0.97440386","2298.902","63.402"
"Angola","2004","0.914801","2454.670","79.358"
"Angola","2005","0.79760987","2016.852","80.586"
"Angola","2006","0.8565874","2453.247","81.481"
"Angola","2007","0.8464459","2719.060","78.413"
"Angola","2008","0.8689214","3072.024","76.355"
"Angola","2009","0.92208517","3368.836","66.522"
"Angola","2010","0.9866278","3560.094","69.173"
"Angola","2011","0.9660866","3594.490","71.971"
"Angola","2012","1.0303273","3615.524","62.023"
"Angola","2013","0.9825774","3897.913","59.348"
"Angola","2014","0.9606558","4135.047","56.833"
"Angola","2015","0.9768244","4159.578","56.713"
"Angola","2016","0.87261665","3661.551","58.864"
"Angola","2017","0.7805891","3370.896","72.004"
"Angola","2018","0.7437751","3366.393","77.163"
"Angola","2019","0.6860121","3667.424","71.558"
"Angola","2020","0.49473175","3527.160","72.936"
"Angola","2021","0.5565367","2791.332","70.968"
"Antigua and Barbuda","2000","4.7432637","28457.223","0.000"
"Antigua and Barbuda","2001","4.9121737","28025.289","0.000"
"Antigua and Barbuda","2002","5.230957","29660.344","0.000"
"Antigua and Barbuda","2003","5.550375","30824.252","0.000"
"Antigua and Barbuda","2004","5.723982","31622.059","0.000"
"Antigua and Barbuda","2005","6.027829","31734.295","0.000"
"Antigua and Barbuda","2006","6.408216","32290.607","0.000"
"Antigua and Barbuda","2007","6.54638","33375.836","0.000"
"Antigua and Barbuda","2008","6.4950438","33637.074","0.000"
"Antigua and Barbuda","2009","6.614897","34709.180","0.000"
"Antigua and Barbuda","2010","6.440348","33104.539","0.000"
"Antigua and Barbuda","2011","6.3223624","32616.084","0.000"
"Antigua and Barbuda","2012","6.3813004","33159.371","0.000"
"Antigua and Barbuda","2013","6.32341","32853.875","0.000"
"Antigua and Barbuda","2014","6.396648","33313.000","0.000"
"Antigua and Barbuda","2015","6.474005","33830.762","3.030"
"Antigua and Barbuda","2016","6.596666","34089.410","0.000"
"Antigua and Barbuda","2017","6.640982","32233.041","3.030"
"Antigua and Barbuda","2018","6.768622","33026.227","3.030"
"Antigua and Barbuda","2019","6.9769855","33027.516","2.941"
"Antigua and Barbuda","2020","6.700688","27785.227","6.061"
"Antigua and Barbuda","2021","6.8632064","29464.332","5.714"
"Argentina","1990","3.424979","15718.703","34.989"
"Argentina","1991","3.5427592","15747.927","29.710"
"Argentina","1992","3.606454","16661.842","34.390"
"Argentina","1993","3.4556832","16981.766","38.572"
"Argentina","1994","3.423716","17651.035","41.732"
"Argentina","1995","3.576146","17977.289","39.635"
"Argentina","1996","3.7012532","18568.533","32.546"
"Argentina","1997","3.8004286","18560.301","38.804"
"Argentina","1998","3.8354225","18999.846","36.019"
"Argentina","1999","4.031685","18990.684","26.867"
"Argentina","2000","3.8521757","18849.811","33.889"
"Argentina","2001","3.588163","18210.119","42.826"
"Argentina","2002","3.2850976","17275.256","44.436"
"Argentina","2003","3.4983344","18326.521","39.006"
"Argentina","2004","4.050791","19261.457","32.428"
"Argentina","2005","4.123947","20232.844","34.305"
"Argentina","2006","4.4001102","21038.723","34.713"
"Argentina","2007","4.3422694","21708.369","28.128"
"Argentina","2008","4.64068","21780.381","27.259"
"Argentina","2009","4.3661532","20954.271","29.837"
"Argentina","2010","4.507803","21507.703","28.761"
"Argentina","2011","4.550224","21894.867","26.420"
"Argentina","2012","4.5471244","22494.715","24.035"
"Argentina","2013","4.4507732","23152.588","26.476"
"Argentina","2014","4.3821793","22881.006","26.075"
"Argentina","2015","4.4117293","23046.873","24.653"
"Argentina","2016","4.3284545","22726.455","22.214"
"Argentina","2017","4.223813","22503.818","24.103"
"Argentina","2018","4.0865293","22163.160","25.016"
"Argentina","2019","4.011869","20725.168","26.006"
"Argentina","2020","3.6425223","19314.066","26.714"
"Argentina","2021","4.1974697","21328.186","25.348"
"Argentina","2022","4.047052","21994.422","31.426"
"Armenia","2000","1.117025","9270.454","22.242"
"Armenia","2001","1.1453632","9219.866","17.235"
"Armenia","2002","1.0069239","8911.608","31.478"
"Armenia","2003","1.1370804","9866.072","37.620"
"Armenia","2004","1.2212219","10294.192","33.559"
"Armenia","2005","1.4556371","11997.367","29.313"
"Armenia","2006","1.4719211","12061.231","32.206"
"Armenia","2007","1.7144572","13633.888","32.796"
"Armenia","2008","1.8833776","13250.285","32.541"
"Armenia","2009","1.4814032","11915.396","37.244"
"Armenia","2010","1.4521643","13351.512","41.100"
"Armenia","2011","1.6997676","14139.787","34.795"
"Armenia","2012","1.9668759","15057.879","30.223"
"Armenia","2013","1.8939531","14838.981","29.452"
"Armenia","2014","1.917619","15185.130","26.876"
"Armenia","2015","1.8722591","14124.947","29.539"
"Armenia","2016","1.7838441","14289.046","33.525"
"Armenia","2017","1.8993666","15302.439","30.571"
"Armenia","2018","2.000749","15133.982","31.301"
"Armenia","2019","2.1639683","16179.096","33.014"
"Armenia","2020","2.3505504","17086.047","25.772"
"Armenia","2021","2.5609183","17684.547","31.284"
"Aruba","2000","26.787004","49568.207","0.000"
"Aruba","2001","26.652435","50392.613","0.000"
"Aruba","2002","26.660248","51469.320","0.000"
"Aruba","2003","27.74074","56750.387","0.000"
"Aruba","2004","28.062775","58649.285","0.000"
"Aruba","2005","28.809982","62704.926","0.000"
"Aruba","2006","28.42007","61848.480","0.000"
"Aruba","2007","29.204588","62959.137","0.000"
"Aruba","2008","27.157389","58413.715","0.000"
"Aruba","2009","26.525524","57522.297","3.333"
"Aruba","2010","25.029972","53389.605","12.360"
"Aruba","2011","24.706015","42076.207","12.500"
"Aruba","2012","13.21249","52292.039","16.092"
"Aruba","2013","8.394657","50264.645","16.854"
"Aruba","2014","8.435128","50628.816","17.978"
"Aruba","2015","8.614971","51778.613","19.355"
"Aruba","2016","8.410633","50017.652","15.556"
"Aruba","2017","8.42044","51509.809","15.054"
"Aruba","2018","8.15775","49515.113","16.484"
"Aruba","2019","7.766699","51107.844","16.304"
"Aruba","2020","7.6410794","43496.941","17.045"
"Aruba","2021","8.004834","46090.324","16.129"
"Australia","1990","16.235903","60597.098","9.970"
"Australia","1991","16.10294","59365.430","10.369"
"Australia","1992","16.207693","59681.504","10.300"
"Australia","1993","16.294191","60350.930","10.324"
"Australia","1994","16.405329","62085.629","9.915"
"Australia","1995","16.853085","64117.020","9.408"
"Australia","1996","17.036093","65239.766","9.409"
"Australia","1997","17.305813","66120.109","8.989"
"Australia","1998","17.861351","67001.016","8.489"
"Australia","1999","18.184906","69004.570","8.458"
"Australia","2000","18.288157","68632.961","8.634"
"Australia","2001","18.469387","68338.281","8.218"
"Australia","2002","18.495451","68892.781","8.083"
"Australia","2003","18.708109","69082.789","8.660"
"Australia","2004","19.055769","70486.320","8.701"
"Australia","2005","18.974682","69917.164","9.156"
"Australia","2006","19.007372","71863.758","9.636"
"Australia","2007","19.036264","72304.695","9.119"
"Australia","2008","18.91755","72089.344","8.055"
"Australia","2009","18.683231","69689.844","7.804"
"Australia","2010","18.292547","68523.875","9.044"
"Australia","2011","17.96612","69714.188","11.345"
"Australia","2012","17.72246","67583.031","11.411"
"Australia","2013","17.121933","67307.039","14.871"
"Australia","2014","16.639103","66744.195","14.962"
"Australia","2015","16.72746","67234.930","14.348"
"Australia","2016","16.837934","66407.094","15.609"
"Australia","2017","16.71615","65146.316","16.314"
"Australia","2018","16.512163","65072.668","17.146"
"Australia","2019","16.28262","66263.539","21.376"
"Australia","2020","15.481285","61826.211","25.503"
"Australia","2021","14.96633","61439.910","29.135"
"Australia","2022","14.65893","63458.840","32.303"
"Austria","1990","8.098238","43648.801","66.207"
"Austria","1991","8.48123","45323.574","65.066"
"Austria","1992","7.6875253","44124.348","72.392"
"Austria","1993","7.677596","44543.016","74.070"
"Austria","1994","7.694496","44102.492","70.812"
"Austria","1995","8.057918","46183.117","70.515"
"Austria","1996","8.467657","46180.191","66.810"
"Austria","1997","8.444986","47102.305","67.924"
"Austria","1998","8.389697","47804.543","69.796"
"Austria","1999","8.214732","48808.664","70.678"
"Austria","2000","8.262151","48863.281","72.581"
"Austria","2001","8.727766","50421.105","69.178"
"Austria","2002","8.907645","50254.641","69.039"
"Austria","2003","9.530433","50523.203","60.696"
"Austria","2004","9.508284","51139.312","63.975"
"Austria","2005","9.611559","51714.719","63.390"
"Austria","2006","9.28623","50921.684","65.286"
"Austria","2007","8.93005","49669.195","68.622"
"Austria","2008","8.826658","50475.008","69.039"
"Austria","2009","8.06485","48765.184","71.161"
"Austria","2010","8.607232","50240.961","66.249"
"Austria","2011","8.327111","47200.484","65.708"
"Austria","2012","7.977175","49174.594","74.716"
"Austria","2013","7.989103","48493.574","78.185"
"Austria","2014","7.5058665","46196.465","81.467"
"Austria","2015","7.6767116","45686.785","76.944"
"Austria","2016","7.692762","46698.785","78.284"
"Austria","2017","7.9103565","47423.047","75.719"
"Austria","2018","7.5287404","46186.543","76.968"
"Austria","2019","7.651411","48314.258","77.110"
"Austria","2020","6.969737","45028.270","80.098"
"Austria","2021","7.3325477","45241.051","78.790"
"Austria","2022","6.779517","42685.379","76.287"
"Azerbaijan","1990","7.1005554","35077.656","7.161"
"Azerbaijan","1991","6.8460274","33210.719","7.503"
"Azerbaijan","1992","7.5852094","28049.744","8.841"
"Azerbaijan","1993","6.4506035","24028.104","12.734"
"Azerbaijan","1994","5.512609","21844.428","10.415"
"Azerbaijan","1995","4.3150835","20362.680","9.129"
"Azerbaijan","1996","3.989578","16573.020","8.996"
"Azerbaijan","1997","3.7603416","15769.196","10.169"
"Azerbaijan","1998","3.9603329","15749.731","10.842"
"Azerbaijan","1999","3.5580142","15596.400","8.286"
"Azerbaijan","2000","3.6411128","16123.289","8.612"
"Azerbaijan","2001","3.4435568","15361.870","7.207"
"Azerbaijan","2002","3.4314017","15003.191","10.828"
"Azerbaijan","2003","3.6292462","16075.374","12.121"
"Azerbaijan","2004","3.799001","17986.783","13.324"
"Azerbaijan","2005","3.977268","19273.648","14.826"
"Azerbaijan","2006","3.9628427","18724.746","11.156"
"Azerbaijan","2007","3.4023244","17015.564","11.332"
"Azerbaijan","2008","3.6942694","16933.111","10.807"
"Azerbaijan","2009","3.2170568","14348.922","12.822"
"Azerbaijan","2010","3.0118616","13958.922","19.211"
"Azerbaijan","2011","3.2637987","15663.720","13.788"
"Azerbaijan","2012","3.4950342","15936.576","8.295"
"Azerbaijan","2013","3.5308728","16085.350","6.673"
"Azerbaijan","2014","3.5660133","16145.470","5.532"
"Azerbaijan","2015","3.5562217","17438.529","6.959"
"Azerbaijan","2016","3.5189948","17089.488","8.485"
"Azerbaijan","2017","3.480789","16612.637","7.796"
"Azerbaijan","2018","3.4439225","16897.240","7.851"
"Azerbaijan","2019","3.734001","17546.781","6.870"
"Azerbaijan","2020","3.559036","17803.629","5.004"
"Azerbaijan","2021","3.7422564","18974.334","5.401"
"Azerbaijan","2022","3.999354","18747.918","6.343"
"Bahamas","2000","6.256653","50650.191","0.000"
"Bahamas","2001","5.934427","50899.527","0.000"
"Bahamas","2002","6.1319866","52098.809","0.000"
"Bahamas","2003","6.168074","35908.117","0.000"
"Bahamas","2004","6.027699","39267.469","0.000"
"Bahamas","2005","5.5401344","37244.637","0.000"
"Bahamas","2006","5.3216376","42663.531","0.000"
"Bahamas","2007","5.2988286","48444.410","0.000"
"Bahamas","2008","5.360958","46670.273","0.000"
"Bahamas","2009","5.938248","34584.957","0.000"
"Bahamas","2010","6.0720687","35531.059","0.000"
"Bahamas","2011","5.677289","30982.486","0.000"
"Bahamas","2012","5.454908","35422.555","0.000"
"Bahamas","2013","5.259742","32656.572","0.000"
"Bahamas","2014","5.395677","31772.066","0.000"
"Bahamas","2015","5.7904425","30096.480","0.000"
"Bahamas","2016","5.787847","31247.096","0.000"
"Bahamas","2017","6.455462","36977.281","0.000"
"Bahamas","2018","6.2509995","39876.789","0.000"
"Bahamas","2019","6.386963","39636.066","0.000"
"Bahamas","2020","5.1830635","33301.770","0.000"
"Bahamas","2021","6.877262","35447.574","0.000"
"Bahrain","2000","28.673351","157253.031","0.000"
"Bahrain","2001","28.114794","158559.688","0.000"
"Bahrain","2002","26.736988","165096.562","0.000"
"Bahrain","2003","25.856058","165859.016","0.000"
"Bahrain","2004","24.331476","160432.516","0.000"
"Bahrain","2005","26.255672","166315.328","0.000"
"Bahrain","2006","24.165707","164833.391","0.000"
"Bahrain","2007","25.180452","157924.500","0.000"
"Bahrain","2008","26.344282","154979.234","0.000"
"Bahrain","2009","23.77264","144448.344","0.000"
"Bahrain","2010","24.02024","141914.094","0.000"
"Bahrain","2011","23.654049","140596.469","0.000"
"Bahrain","2012","22.364824","149451.375","0.000"
"Bahrain","2013","24.839422","161365.531","0.000"
"Bahrain","2014","23.590342","153929.594","0.039"
"Bahrain","2015","23.743637","149472.797","0.037"
"Bahrain","2016","22.128733","144113.938","0.037"
"Bahrain","2017","22.210873","143466.250","0.036"
"Bahrain","2018","21.83343","142291.500","0.036"
"Bahrain","2019","25.319227","155398.469","0.032"
"Bahrain","2020","25.23751","156095.797","0.033"
"Bahrain","2021","24.148386","161111.203","0.031"
"Bangladesh","1985","0.10163364","503.070","16.321"
"Bangladesh","1986","0.11112919","534.605","9.375"
"Bangladesh","1987","0.11242194","577.017","9.254"
"Bangladesh","1988","0.12571295","628.855","10.320"
"Bangladesh","1989","0.12228729","663.665","12.930"
"Bangladesh","1990","0.12614106","689.296","11.433"
"Bangladesh","1991","0.12965418","652.259","10.133"
"Bangladesh","1992","0.13273484","698.383","8.950"
"Bangladesh","1993","0.136067","753.277","6.604"
"Bangladesh","1994","0.14585535","784.415","8.657"
"Bangladesh","1995","0.17174801","909.293","3.443"
"Bangladesh","1996","0.17224969","935.981","6.441"
"Bangladesh","1997","0.18195334","966.007","6.063"
"Bangladesh","1998","0.17910586","1009.720","6.715"
"Bangladesh","1999","0.18994531","1001.819","5.765"
"Bangladesh","2000","0.19725299","1053.621","6.321"
"Bangladesh","2001","0.22706799","1181.624","5.979"
"Bangladesh","2002","0.23037535","1163.139","5.966"
"Bangladesh","2003","0.23760977","1208.146","6.025"
"Bangladesh","2004","0.25176665","1261.467","5.202"
"Bangladesh","2005","0.26062584","1345.851","5.033"
"Bangladesh","2006","0.2850007","1438.764","4.752"
"Bangladesh","2007","0.28836617","1458.119","2.602"
"Bangladesh","2008","0.30333978","1528.589","2.970"
"Bangladesh","2009","0.3260235","1660.972","1.340"
"Bangladesh","2010","0.3550251","1685.930","2.182"
"Bangladesh","2011","0.36195275","1806.394","2.376"
"Bangladesh","2012","0.38501203","1938.148","2.029"
"Bangladesh","2013","0.41373482","1991.170","2.198"
"Bangladesh","2014","0.4276385","2040.698","1.540"
"Bangladesh","2015","0.48277447","2440.769","1.493"
"Bangladesh","2016","0.5084272","2415.728","1.959"
"Bangladesh","2017","0.53352815","2494.115","1.916"
"Bangladesh","2018","0.52963835","2630.028","1.893"
"Bangladesh","2019","0.57489496","2916.318","1.434"
"Bangladesh","2020","0.5756478","2730.078","1.730"
"Bangladesh","2021","0.58768314","2831.162","1.725"
"Bangladesh","2022","0.6030491","2912.048","1.948"
"Barbados","2000","4.995379","26318.064","0.000"
"Barbados","2001","4.9821935","26262.209","0.000"
"Barbados","2002","4.9850125","26331.500","0.000"
"Barbados","2003","5.1110315","26508.631","0.000"
"Barbados","2004","5.1881166","26606.236","0.000"
"Barbados","2005","5.31813","26715.061","0.000"
"Barbados","2006","5.4480743","26681.957","0.000"
"Barbados","2007","5.4148574","25360.926","0.000"
"Barbados","2008","6.356092","29773.459","0.000"
"Barbados","2009","6.200283","27941.865","0.000"
"Barbados","2010","5.6915326","26839.543","0.000"
"Barbados","2011","5.8889804","28088.297","0.000"
"Barbados","2012","5.6119213","26331.783","0.000"
"Barbados","2013","5.545567","26676.488","0.000"
"Barbados","2014","4.9132366","23147.074","1.031"
"Barbados","2015","4.783702","24569.877","1.020"
"Barbados","2016","4.9049907","25016.707","2.000"
"Barbados","2017","4.994143","23670.777","2.970"
"Barbados","2018","5.154179","25095.537","3.000"
"Barbados","2019","4.949633","25172.027","3.922"
"Barbados","2020","4.456891","21577.828","7.000"
"Barbados","2021","4.2179356","23025.998","7.477"
"Belarus","1990","10.647569","44682.480","0.051"
"Belarus","1991","10.220432","44456.219","0.046"
"Belarus","1992","9.160398","38484.066","0.045"
"Belarus","1993","7.8773518","32165.705","0.057"
"Belarus","1994","6.645997","26902.420","0.061"
"Belarus","1995","5.983303","23964.195","0.080"
"Belarus","1996","6.0845547","24638.461","0.067"
"Belarus","1997","6.0951624","25007.492","0.081"
"Belarus","1998","5.9702945","24557.223","0.119"
"Belarus","1999","5.784889","24001.736","0.072"
"Belarus","2000","5.506232","24868.184","0.122"
"Belarus","2001","5.444186","24306.926","0.127"
"Belarus","2002","5.4635525","25309.941","0.121"
"Belarus","2003","5.6345267","25292.014","0.120"
"Belarus","2004","5.9961243","28508.881","0.102"
"Belarus","2005","6.143694","28600.459","0.137"
"Belarus","2006","6.4331007","30598.045","0.201"
"Belarus","2007","6.3029184","29999.406","0.234"
"Belarus","2008","6.6039224","30513.402","0.334"
"Belarus","2009","6.3770075","28957.873","0.351"
"Belarus","2010","6.586985","31470.039","0.366"
"Belarus","2011","6.476822","30981.086","0.397"
"Belarus","2012","6.6143084","33557.434","0.553"
"Belarus","2013","6.7781887","30421.854","0.980"
"Belarus","2014","6.7245016","30426.229","0.827"
"Belarus","2015","6.2006974","27527.160","0.906"
"Belarus","2016","6.125662","28104.533","1.268"
"Belarus","2017","6.2600746","28623.031","2.311"
"Belarus","2018","6.558066","31689.998","2.209"
"Belarus","2019","6.5890727","31923.436","2.495"
"Belarus","2020","6.322667","29768.562","3.508"
"Belarus","2021","6.5786033","31910.822","2.964"
"Belarus","2022","6.226867","31132.697","2.711"
"Belgium","1986","10.354434","56809.660","0.787"
"Belgium","1987","10.363756","58451.152","0.911"
"Belgium","1988","10.05894","59508.434","0.837"
"Belgium","1989","10.747385","59832.984","0.745"
"Belgium","1990","12.080694","62387.531","0.797"
"Belgium","1991","12.340902","64371.195","0.759"
"Belgium","1992","12.195839","64045.539","0.868"
"Belgium","1993","12.042838","62843.426","0.728"
"Belgium","1994","12.340153","65934.656","0.855"
"Belgium","1995","12.42636","66578.133","0.911"
"Belgium","1996","12.750186","70519.133","0.745"
"Belgium","1997","12.180701","71026.164","0.770"
"Belgium","1998","12.766186","72177.797","0.926"
"Belgium","1999","12.195414","71412.859","1.020"
"Belgium","2000","12.366287","72420.406","1.268"
"Belgium","2001","12.256729","71475.500","1.374"
"Belgium","2002","12.27944","70828.992","1.408"
"Belgium","2003","12.363994","73221.562","1.436"
"Belgium","2004","12.360431","73126.234","1.809"
"Belgium","2005","11.991515","71894.961","2.509"
"Belgium","2006","11.7458515","71647.289","3.563"
"Belgium","2007","11.3400345","71662.344","4.032"
"Belgium","2008","11.2238655","72317.906","5.338"
"Belgium","2009","9.970168","66274.000","6.078"
"Belgium","2010","10.475143","70300.141","7.042"
"Belgium","2011","9.526456","65134.078","9.332"
"Belgium","2012","9.226742","62090.016","12.908"
"Belgium","2013","9.212671","63218.379","14.329"
"Belgium","2014","8.660123","58234.559","17.212"
"Belgium","2015","8.986653","58448.152","21.213"
"Belgium","2016","8.807806","62694.066","16.972"
"Belgium","2017","8.726891","62897.129","18.604"
"Belgium","2018","8.772404","62384.855","23.354"
"Belgium","2019","8.685232","64152.262","21.092"
"Belgium","2020","7.9076037","57433.730","26.692"
"Belgium","2021","8.204076","63592.086","22.953"
"Belgium","2022","7.6375527","58395.824","25.449"
"Belize","2000","1.6432608","10038.552","50.000"
"Belize","2001","1.7995999","10707.640","60.000"
"Belize","2002","1.6887497","10042.477","60.000"
"Belize","2003","1.6389759","9553.475","35.294"
"Belize","2004","1.442971","8929.146","37.500"
"Belize","2005","1.4931206","9279.945","41.176"
"Belize","2006","1.5399824","10366.804","78.261"
"Belize","2007","1.5961798","9503.804","75.000"
"Belize","2008","1.4204676","8935.545","86.957"
"Belize","2009","1.6408472","9060.757","80.000"
"Belize","2010","1.6818045","10492.445","63.265"
"Belize","2011","1.7463291","8946.380","67.442"
"Belize","2012","1.4133562","9087.132","57.447"
"Belize","2013","1.3835117","9683.304","66.667"
"Belize","2014","1.4385759","9421.460","62.745"
"Belize","2015","1.9227874","10197.744","57.407"
"Belize","2016","1.8484907","10002.819","60.377"
"Belize","2017","1.7867663","10896.961","53.947"
"Belize","2018","1.7345725","9546.048","50.633"
"Belize","2019","1.9942306","9883.737","53.409"
"Belize","2020","1.6724775","7226.434","38.710"
"Belize","2021","1.7544485","7437.571","37.500"
"Benin","2000","0.20396094","980.964","0.000"
"Benin","2001","0.22685939","1083.346","0.000"
"Benin","2002","0.27491033","1204.546","0.000"
"Benin","2003","0.30253705","1357.004","0.000"
"Benin","2004","0.31787828","1388.154","0.000"
"Benin","2005","0.29547676","1262.393","0.000"
"Benin","2006","0.38548398","1672.019","0.000"
"Benin","2007","0.43901852","1918.382","0.000"
"Benin","2008","0.42466354","1904.890","0.000"
"Benin","2009","0.44424498","2054.215","0.000"
"Benin","2010","0.4776112","2287.769","0.000"
"Benin","2011","0.44381663","2071.188","0.000"
"Benin","2012","0.42341638","1909.264","0.000"
"Benin","2013","0.42637473","1889.734","0.000"
"Benin","2014","0.4328207","1940.265","0.000"
"Benin","2015","0.46812668","2083.499","0.000"
"Benin","2016","0.4539761","2467.009","0.000"
"Benin","2017","0.46138746","2540.225","0.000"
"Benin","2018","0.45774767","2736.800","0.000"
"Benin","2019","0.41429225","2416.162","5.000"
"Benin","2020","0.42393637","2518.621","4.348"
"Benin","2021","0.43283412","2484.818","4.167"
"Bhutan","2000","0.6649192","8469.052","100.000"
"Bhutan","2001","0.7589067","9100.751","100.000"
"Bhutan","2002","0.79114115","9810.103","100.000"
"Bhutan","2003","0.77471787","10658.221","100.000"
"Bhutan","2004","0.67042804","10014.694","100.000"
"Bhutan","2005","0.8250561","11119.834","100.000"
"Bhutan","2006","0.61287296","17746.779","100.000"
"Bhutan","2007","0.585265","21903.543","100.000"
"Bhutan","2008","0.9417083","22370.271","100.000"
"Bhutan","2009","0.9841598","22935.088","100.000"
"Bhutan","2010","1.2905003","24284.154","100.000"
"Bhutan","2011","1.4192859","23369.613","100.000"
"Bhutan","2012","1.6032863","22460.117","100.000"
"Bhutan","2013","1.7496243","24615.076","100.000"
"Bhutan","2014","1.8172723","23328.471","100.000"
"Bhutan","2015","1.9360701","24203.820","100.000"
"Bhutan","2016","2.0862627","24692.543","100.000"
"Bhutan","2017","2.1863887","24327.346","100.000"
"Bhutan","2018","2.213729","23138.410","100.000"
"Bhutan","2019","2.0460508","27251.602","100.000"
"Bhutan","2020","1.5761578","26593.059","100.000"
"Bhutan","2021","1.8759198","27785.357","100.000"
"Bolivia","2000","0.9809387","5072.653","54.642"
"Bolivia","2001","0.9999472","4264.886","57.403"
"Bolivia","2002","1.1701754","4571.173","56.543"
"Bolivia","2003","1.2135043","6038.837","50.360"
"Bolivia","2004","1.2006482","6154.922","57.110"
"Bolivia","2005","1.317933","5926.305","50.746"
"Bolivia","2006","1.2989998","6410.186","51.181"
"Bolivia","2007","1.3153074","6767.981","56.080"
"Bolivia","2008","1.3224934","6827.641","55.635"
"Bolivia","2009","1.361099","6614.823","53.390"
"Bolivia","2010","1.4543422","6598.983","49.534"
"Bolivia","2011","1.5510005","6716.623","50.073"
"Bolivia","2012","1.6712606","7838.919","42.350"
"Bolivia","2013","1.6641724","7813.690","42.222"
"Bolivia","2014","1.8343189","7770.678","40.686"
"Bolivia","2015","1.8066506","8018.658","41.947"
"Bolivia","2016","1.9006767","8176.835","35.440"
"Bolivia","2017","1.9552563","7938.303","39.258"
"Bolivia","2018","1.9558697","8088.342","44.586"
"Bolivia","2019","1.9371525","7903.120","42.042"
"Bolivia","2020","1.5504168","6540.533","41.207"
"Bolivia","2021","1.8234005","7062.148","42.210"
"Bolivia","2022","1.9448458","","39.308"
"Bosnia and Herzegovina","2000","3.2939522","15474.596","50.149"
"Bosnia and Herzegovina","2001","3.1733232","15337.629","50.000"
"Bosnia and Herzegovina","2002","3.3840928","15402.803","50.144"
"Bosnia and Herzegovina","2003","3.436171","13485.733","41.220"
"Bosnia and Herzegovina","2004","3.7339993","14065.254","48.287"
"Bosnia and Herzegovina","2005","3.917028","13151.445","48.889"
"Bosnia and Herzegovina","2006","4.2790227","13561.985","45.312"
"Bosnia and Herzegovina","2007","4.3539753","13117.112","35.106"
"Bosnia and Herzegovina","2008","5.0550623","15073.022","33.992"
"Bosnia and Herzegovina","2009","5.293341","18430.324","41.090"
"Bosnia and Herzegovina","2010","5.5478983","20074.406","48.182"
"Bosnia and Herzegovina","2011","6.3511963","19803.189","29.767"
"Bosnia and Herzegovina","2012","6.0319147","19624.715","31.027"
"Bosnia and Herzegovina","2013","6.0376544","20242.201","42.721"
"Bosnia and Herzegovina","2014","5.4173074","19855.676","38.000"
"Bosnia and Herzegovina","2015","5.2466326","20149.869","36.740"
"Bosnia and Herzegovina","2016","6.258016","20852.678","33.078"
"Bosnia and Herzegovina","2017","6.4609365","20939.965","24.450"
"Bosnia and Herzegovina","2018","6.5186605","21542.352","35.526"
"Bosnia and Herzegovina","2019","6.2203493","20694.338","37.852"
"Bosnia and Herzegovina","2020","6.31391","19464.836","31.170"
"Bosnia and Herzegovina","2021","6.554153","23013.498","41.312"
"Bosnia and Herzegovina","2022","6.4724236","","37.869"
"Botswana","2000","2.2520688","8308.661","0.000"
"Botswana","2001","2.2468498","8561.099","0.000"
"Botswana","2002","2.278496","8817.649","0.000"
"Botswana","2003","2.1541483","8856.523","0.000"
"Botswana","2004","2.155231","8571.500","0.000"
"Botswana","2005","2.2264223","8948.104","0.000"
"Botswana","2006","2.2048197","9380.948","0.000"
"Botswana","2007","2.2123566","9445.073","0.000"
"Botswana","2008","2.3092914","9627.653","0.000"
"Botswana","2009","1.936756","8820.021","0.000"
"Botswana","2010","2.2316918","8901.267","0.000"
"Botswana","2011","1.9429603","9151.255","0.000"
"Botswana","2012","2.4076023","8872.199","0.000"
"Botswana","2013","2.6454382","8641.081","0.000"
"Botswana","2014","3.1537738","8513.395","0.000"
"Botswana","2015","2.4588568","10171.935","0.000"
"Botswana","2016","2.837354","10964.355","0.000"
"Botswana","2017","3.1173916","9879.757","0.000"
"Botswana","2018","3.324487","9597.184","0.337"
"Botswana","2019","3.209815","9467.984","0.327"
"Botswana","2020","2.617259","8843.107","0.485"
"Botswana","2021","2.782961","9385.398","0.457"
"Brazil","1985","1.3287388","10027.937","93.680"
"Brazil","1986","1.4253908","10361.041","91.829"
"Brazil","1987","1.4592812","10437.202","93.033"
"Brazil","1988","1.4436871","10552.992","94.175"
"Brazil","1989","1.4471786","10650.324","93.846"
"Brazil","1990","1.466092","10391.007","94.501"
"Brazil","1991","1.5119112","10542.793","94.626"
"Brazil","1992","1.5141841","10515.058","94.420"
"Brazil","1993","1.5581249","10825.511","95.256"
"Brazil","1994","1.5948403","11174.377","95.406"
"Brazil","1995","1.66122","11697.941","94.157"
"Brazil","1996","1.7619148","12198.168","93.560"
"Brazil","1997","1.8417497","12775.408","92.978"
"Brazil","1998","1.8760941","13032.864","92.923"
"Brazil","1999","1.9066226","12995.942","90.037"
"Brazil","2000","1.9548683","13400.320","90.131"
"Brazil","2001","1.9634905","12893.828","84.695"
"Brazil","2002","1.948225","13021.791","86.088"
"Brazil","2003","1.9080932","13111.923","87.456"
"Brazil","2004","1.9785615","13593.700","86.426"
"Brazil","2005","1.9728968","13792.465","87.678"
"Brazil","2006","1.976238","14020.683","87.284"
"Brazil","2007","2.0714328","14770.351","88.725"
"Brazil","2008","2.167588","15255.087","84.807"
"Brazil","2009","2.0292346","15004.240","89.417"
"Brazil","2010","2.2729204","16220.931","85.358"
"Brazil","2011","2.3653224","16629.840","87.662"
"Brazil","2012","2.5268083","16963.494","83.116"
"Brazil","2013","2.6782215","17221.439","77.524"
"Brazil","2014","2.7814436","17519.043","74.042"
"Brazil","2015","2.6189272","17140.150","75.023"
"Brazil","2016","2.4197884","16591.764","81.094"
"Brazil","2017","2.429146","16608.686","79.909"
"Brazil","2018","2.3123908","16539.109","82.920"
"Brazil","2019","2.2979572","16681.945","82.855"
"Brazil","2020","2.1470218","15921.327","84.641"
"Brazil","2021","2.3696554","16659.977","76.771"
"Brazil","2022","2.2826612","17299.750","86.940"
"British Virgin Islands","2000","5.7854533","21736.926","0.000"
"British Virgin Islands","2001","6.157984","21645.822","0.000"
"British Virgin Islands","2002","6.4897923","22226.912","0.000"
"British Virgin Islands","2003","6.615211","22993.805","0.000"
"British Virgin Islands","2004","6.718533","23387.111","0.000"
"British Virgin Islands","2005","6.9590173","23259.297","0.000"
"British Virgin Islands","2006","7.3223214","24482.652","0.000"
"British Virgin Islands","2007","7.215155","24503.428","0.000"
"British Virgin Islands","2008","7.2422075","25397.865","0.000"
"British Virgin Islands","2009","7.128928","25707.512","0.000"
"British Virgin Islands","2010","7.672467","26000.848","0.000"
"British Virgin Islands","2011","7.268576","26247.301","0.000"
"British Virgin Islands","2012","6.8770127","25734.096","0.000"
"British Virgin Islands","2013","6.6981435","25516.426","0.000"
"British Virgin Islands","2014","6.5531707","25639.906","0.000"
"British Virgin Islands","2015","6.4740605","25398.590","0.000"
"British Virgin Islands","2016","6.7003303","25417.586","0.000"
"British Virgin Islands","2017","5.486371","23629.582","0.000"
"British Virgin Islands","2018","4.54276","29075.836","0.000"
"British Virgin Islands","2019","5.029789","23027.121","0.000"
"British Virgin Islands","2020","4.8313017","19221.441","0.000"
"British Virgin Islands","2021","4.8423333","20316.449","0.000"
"Brunei","2000","18.032026","58884.859","0.000"
"Brunei","2001","17.272831","65610.273","0.000"
"Brunei","2002","15.540434","75133.312","0.000"
"Brunei","2003","17.71134","76284.742","0.000"
"Brunei","2004","16.90654","83202.562","0.000"
"Brunei","2005","15.124172","92130.180","0.000"
"Brunei","2006","19.589458","139666.797","0.000"
"Brunei","2007","21.776941","144318.156","0.000"
"Brunei","2008","24.260351","145980.906","0.000"
"Brunei","2009","20.118517","95420.391","0.000"
"Brunei","2010","20.43478","107111.188","0.000"
"Brunei","2011","23.924784","108531.148","0.000"
"Brunei","2012","23.423746","104173.734","0.000"
"Brunei","2013","18.545628","95693.625","0.000"
"Brunei","2014","21.189787","106339.250","0.000"
"Brunei","2015","16.42092","116170.312","0.000"
"Brunei","2016","17.851791","120051.602","0.000"
"Brunei","2017","21.510313","119337.055","0.000"
"Brunei","2018","21.335896","122979.117","0.000"
"Brunei","2019","21.60471","120314.977","0.000"
"Brunei","2020","24.937006","125303.023","0.000"
"Brunei","2021","25.920458","103268.102","0.000"
"Bulgaria","1990","8.686779","37083.684","3.890"
"Bulgaria","1991","7.0747633","30167.354","5.579"
"Bulgaria","1992","6.7011375","28558.896","5.361"
"Bulgaria","1993","6.896467","30663.455","4.730"
"Bulgaria","1994","6.698713","29718.602","3.423"
"Bulgaria","1995","6.9298277","32211.238","5.210"
"Bulgaria","1996","7.050726","32375.387","6.771"
"Bulgaria","1997","6.7914696","30918.240","6.386"
"Bulgaria","1998","6.5264907","30036.193","7.407"
"Bulgaria","1999","5.7479424","26624.686","7.188"
"Bulgaria","2000","5.687045","26859.672","6.478"
"Bulgaria","2001","6.1827483","27980.561","3.797"
"Bulgaria","2002","5.868906","27344.377","5.037"
"Bulgaria","2003","6.4695783","28474.164","7.070"
"Bulgaria","2004","6.3923783","27716.521","7.585"
"Bulgaria","2005","6.5757046","30223.080","9.788"
"Bulgaria","2006","6.784753","31003.193","9.301"
"Bulgaria","2007","7.3375487","30154.662","6.713"
"Bulgaria","2008","7.1694345","30008.596","6.575"
"Bulgaria","2009","6.1097956","26486.121","8.694"
"Bulgaria","2010","6.4289203","27862.668","12.527"
"Bulgaria","2011","7.1978717","29793.070","7.788"
"Bulgaria","2012","6.5978446","28532.125","11.295"
"Bulgaria","2013","5.861707","26659.102","16.055"
"Bulgaria","2014","6.253115","28695.912","15.750"
"Bulgaria","2015","6.7052627","30739.168","17.967"
"Bulgaria","2016","6.3618603","29411.801","15.799"
"Bulgaria","2017","6.705518","30376.139","13.643"
"Bulgaria","2018","6.192869","30743.955","20.155"
"Bulgaria","2019","6.0490556","29996.027","17.100"
"Bulgaria","2020","5.274422","27993.869","18.573"
"Bulgaria","2021","6.1601954","32216.705","21.797"
"Bulgaria","2022","6.8755846","34175.520","18.703"
"Burkina Faso","2000","0.078049414","358.424","31.250"
"Burkina Faso","2001","0.08656977","386.415","15.625"
"Burkina Faso","2002","0.08416317","392.564","16.667"
"Burkina Faso","2003","0.09053791","421.103","22.222"
"Burkina Faso","2004","0.08203178","367.588","21.277"
"Burkina Faso","2005","0.07922409","378.259","20.408"
"Burkina Faso","2006","0.08468466","361.505","15.385"
"Burkina Faso","2007","0.10909914","496.810","18.966"
"Burkina Faso","2008","0.11913781","526.817","22.414"
"Burkina Faso","2009","0.11688715","480.640","19.697"
"Burkina Faso","2010","0.12271354","509.410","20.312"
"Burkina Faso","2011","0.12899202","563.346","13.043"
"Burkina Faso","2012","0.15208146","644.375","12.644"
"Burkina Faso","2013","0.15873493","749.678","12.121"
"Burkina Faso","2014","0.15730137","677.646","8.929"
"Burkina Faso","2015","0.19937555","836.030","6.993"
"Burkina Faso","2016","0.20624086","780.077","10.323"
"Burkina Faso","2017","0.23230799","878.578","9.756"
"Burkina Faso","2018","0.25570858","950.387","13.939"
"Burkina Faso","2019","0.2680103","946.957","12.209"
"Burkina Faso","2020","0.26156566","878.982","12.805"
"Burkina Faso","2021","0.28773117","904.726","13.143"
"Burundi","2000","0.041905377","261.958","100.000"
"Burundi","2001","0.030927436","217.609","100.000"
"Burundi","2002","0.031141218","200.193","100.000"
"Burundi","2003","0.023930175","157.229","100.000"
"Burundi","2004","0.027064055","174.654","100.000"
"Burundi","2005","0.020765217","145.987","100.000"
"Burundi","2006","0.023757286","163.211","100.000"
"Burundi","2007","0.022894729","246.200","100.000"
"Burundi","2008","0.023692505","155.427","100.000"
"Burundi","2009","0.024160078","149.196","100.000"
"Burundi","2010","0.035559736","199.676","100.000"
"Burundi","2011","0.042604737","226.621","92.857"
"Burundi","2012","0.03892828","205.988","93.333"
"Burundi","2013","0.041766603","216.881","83.333"
"Burundi","2014","0.03288268","196.128","78.947"
"Burundi","2015","0.03217066","193.754","83.333"
"Burundi","2016","0.038141336","208.430","84.211"
"Burundi","2017","0.04488647","246.900","72.414"
"Burundi","2018","0.054395214","290.769","62.963"
"Burundi","2019","0.055907715","309.341","66.667"
"Burundi","2020","0.05860566","289.066","68.571"
"Burundi","2021","0.05951778","293.889","66.667"
"Burundi","2022","0.06587466","","69.444"
"Cambodia","2000","0.16023311","739.456","10.638"
"Cambodia","2001","0.17656456","769.410","5.882"
"Cambodia","2002","0.16759162","754.145","4.348"
"Cambodia","2003","0.17265834","803.816","5.634"
"Cambodia","2004","0.16902593","813.564","3.947"
"Cambodia","2005","0.16439903","909.821","4.444"
"Cambodia","2006","0.20873387","967.996","11.712"
"Cambodia","2007","0.25209647","1116.155","11.348"
"Cambodia","2008","0.28009662","1152.201","11.511"
"Cambodia","2009","0.32075632","1399.933","12.821"
"Cambodia","2010","0.34945744","1591.320","12.903"
"Cambodia","2011","0.3580236","1623.918","18.182"
"Cambodia","2012","0.37285504","1783.722","62.774"
"Cambodia","2013","0.37084115","1866.119","72.832"
"Cambodia","2014","0.43530843","2031.747","65.552"
"Cambodia","2015","0.5239673","2299.249","50.704"
"Cambodia","2016","0.67139864","2828.744","51.750"
"Cambodia","2017","0.75199807","2950.300","45.347"
"Cambodia","2018","0.8564005","3674.928","62.814"
"Cambodia","2019","1.1301459","4069.461","53.373"
"Cambodia","2020","1.2550187","3918.637","54.675"
"Cambodia","2021","1.223931","4035.081","52.934"
"Cameroon","2000","0.37475404","1575.576","98.841"
"Cameroon","2001","0.3633318","1529.810","98.286"
"Cameroon","2002","0.34025183","1467.472","96.626"
"Cameroon","2003","0.35300136","1529.664","95.879"
"Cameroon","2004","0.34306374","1551.400","95.567"
"Cameroon","2005","0.31765655","1456.898","94.430"
"Cameroon","2006","0.3125808","1606.583","87.699"
"Cameroon","2007","0.4104939","1647.382","75.446"
"Cameroon","2008","0.3941315","1625.477","76.460"
"Cameroon","2009","0.44757628","1695.753","71.454"
"Cameroon","2010","0.42624035","1886.151","73.905"
"Cameroon","2011","0.40061057","1931.210","75.916"
"Cameroon","2012","0.3655555","1873.383","79.434"
"Cameroon","2013","0.36693028","1600.295","70.407"
"Cameroon","2014","0.39778858","1941.542","65.067"
"Cameroon","2015","0.43270966","1888.393","56.234"
"Cameroon","2016","0.424868","1785.731","62.717"
"Cameroon","2017","0.39711067","1763.443","64.541"
"Cameroon","2018","0.3968279","1746.755","60.266"
"Cameroon","2019","0.37658802","1720.249","64.192"
"Cameroon","2020","0.3707004","1758.121","65.742"
"Cameroon","2021","0.36162904","1593.620","62.360"
"Canada","1985","16.26561","110558.883","66.517"
"Canada","1986","15.440642","110465.453","66.690"
"Canada","1987","16.238403","112631.016","64.166"
"Canada","1988","16.921936","115489.023","61.247"
"Canada","1989","16.914713","114790.242","59.011"
"Canada","1990","16.481726","108781.125","62.348"
"Canada","1991","15.973789","107826.000","61.394"
"Canada","1992","16.259357","109417.391","61.644"
"Canada","1993","16.096474","110924.656","61.688"
"Canada","1994","16.415466","113906.836","60.328"
"Canada","1995","16.677519","115464.414","61.172"
"Canada","1996","17.058207","117390.445","63.362"
"Canada","1997","17.366419","116831.453","62.361"
"Canada","1998","17.461765","114154.594","60.487"
"Canada","1999","17.773502","116807.078","61.290"
"Canada","2000","18.344023","118875.336","61.810"
"Canada","2001","17.90825","115218.680","59.329"
"Canada","2002","17.892685","117915.383","61.148"
"Canada","2003","18.255484","117365.117","60.079"
"Canada","2004","17.93459","118078.047","59.697"
"Canada","2005","17.583017","117744.773","60.821"
"Canada","2006","17.287231","115946.312","60.827"
"Canada","2007","17.827667","119158.602","61.246"
"Canada","2008","17.166817","116479.148","62.652"
"Canada","2009","15.997278","110665.805","63.892"
"Canada","2010","16.20929","110485.930","62.942"
"Canada","2011","16.287806","113449.320","64.092"
"Canada","2012","16.086172","112586.703","65.099"
"Canada","2013","16.11036","114051.086","65.432"
"Canada","2014","15.853792","113198.414","64.791"
"Canada","2015","15.655382","112891.758","65.295"
"Canada","2016","15.231254","110180.789","66.189"
"Canada","2017","15.394822","110509.586","67.540"
"Canada","2018","15.420052","110059.281","67.369"
"Canada","2019","15.324565","107980.758","67.174"
"Canada","2020","13.732821","100497.281","68.780"
"Canada","2021","13.977163","100738.891","68.170"
"Canada","2022","14.107159","102160.289","69.744"
"Cape Verde","2000","0.65466815","2981.490","7.143"
"Cape Verde","2001","0.75620246","3263.994","6.250"
"Cape Verde","2002","0.82371277","3492.702","5.556"
"Cape Verde","2003","0.87462187","3421.961","0.000"
"Cape Verde","2004","0.8942607","3692.002","4.762"
"Cape Verde","2005","0.9214228","5685.298","4.348"
"Cape Verde","2006","1.0079719","5967.698","4.167"
"Cape Verde","2007","1.0190166","6573.914","3.846"
"Cape Verde","2008","0.94274396","6589.225","3.704"
"Cape Verde","2009","1.0351754","6177.154","3.571"
"Cape Verde","2010","1.0924591","6542.746","0.000"
"Cape Verde","2011","1.2035358","7692.892","8.571"
"Cape Verde","2012","0.98047143","6820.054","19.444"
"Cape Verde","2013","0.96565807","6636.519","23.077"
"Cape Verde","2014","0.95831233","7077.256","21.951"
"Cape Verde","2015","0.9653302","6915.403","21.951"
"Cape Verde","2016","1.0365306","7142.143","20.930"
"Cape Verde","2017","1.1144183","7489.280","17.391"
"Cape Verde","2018","1.1132917","7495.767","19.565"
"Cape Verde","2019","1.225809","7383.928","17.391"
"Cape Verde","2020","1.0108902","6949.681","16.279"
"Cape Verde","2021","1.1417755","7249.497","15.556"
"Cayman Islands","2000","","52485.707","0.000"
"Cayman Islands","2001","","51350.027","0.000"
"Cayman Islands","2002","","51466.680","0.000"
"Cayman Islands","2003","","50467.512","0.000"
"Cayman Islands","2004","","46195.980","0.000"
"Cayman Islands","2005","","46092.508","0.000"
"Cayman Islands","2006","","45344.523","0.000"
"Cayman Islands","2007","","52593.047","0.000"
"Cayman Islands","2008","","52451.508","0.000"
"Cayman Islands","2009","","47302.730","0.000"
"Cayman Islands","2010","","46226.355","0.000"
"Cayman Islands","2011","","47423.246","0.000"
"Cayman Islands","2012","","42757.977","0.000"
"Cayman Islands","2013","","41230.707","0.000"
"Cayman Islands","2014","","40977.293","0.000"
"Cayman Islands","2015","","42380.680","0.000"
"Cayman Islands","2016","","40911.793","0.000"
"Cayman Islands","2017","","46465.980","1.515"
"Cayman Islands","2018","","42507.164","1.538"
"Cayman Islands","2019","","50531.711","2.857"
"Cayman Islands","2020","","41981.379","2.899"
"Cayman Islands","2021","","44166.766","2.740"
"Central African Republic","2000","0.032497343","384.720","80.000"
"Central African Republic","2001","0.03645773","386.345","80.000"
"Central African Republic","2002","0.029267522","373.586","80.000"
"Central African Republic","2003","0.027682537","342.826","80.000"
"Central African Republic","2004","0.029711688","359.333","80.000"
"Central African Republic","2005","0.029901043","352.110","81.250"
"Central African Republic","2006","0.031805687","358.046","82.353"
"Central African Republic","2007","0.034482565","349.302","87.500"
"Central African Republic","2008","0.032951165","276.599","87.500"
"Central African Republic","2009","0.033977978","260.595","87.500"
"Central African Republic","2010","0.03751255","260.018","81.250"
"Central African Republic","2011","0.033710234","279.481","83.333"
"Central African Republic","2012","0.03973239","282.513","83.333"
"Central African Republic","2013","0.022098806","206.793","100.000"
"Central African Republic","2014","0.028530968","238.238","100.000"
"Central African Republic","2015","0.04194826","297.004","100.000"
"Central African Republic","2016","0.05052546","307.305","100.000"
"Central African Republic","2017","0.05962059","301.667","100.000"
"Central African Republic","2018","0.05557588","302.459","100.000"
"Central African Republic","2019","0.06298451","299.180","100.000"
"Central African Republic","2020","0.06633153","280.739","100.000"
"Central African Republic","2021","0.07167305","286.132","100.000"
"Chad","2000","0.057272878","124.966","11.111"
"Chad","2001","0.057426963","116.015","10.000"
"Chad","2002","0.058271352","110.642","10.000"
"Chad","2003","0.09300483","105.110","9.091"
"Chad","2004","0.091349974","105.936","8.333"
"Chad","2005","0.08998427","109.556","8.333"
"Chad","2006","0.08941238","107.341","7.692"
"Chad","2007","0.098266356","114.514","0.000"
"Chad","2008","0.07602303","116.017","0.000"
"Chad","2009","0.10255048","122.114","5.556"
"Chad","2010","0.10038562","130.909","5.263"
"Chad","2011","0.100087225","180.934","5.263"
"Chad","2012","0.13220878","302.571","0.000"
"Chad","2013","0.15208156","302.861","0.000"
"Chad","2014","0.15383954","303.739","0.000"
"Chad","2015","0.1605635","298.346","0.000"
"Chad","2016","0.15756783","286.591","3.448"
"Chad","2017","0.14983028","446.255","3.333"
"Chad","2018","0.14752606","457.118","3.333"
"Chad","2019","0.13783364","458.181","3.226"
"Chad","2020","0.13680632","372.511","3.448"
"Chad","2021","0.14977008","361.161","3.226"
"Chile","1990","2.449037","11667.694","53.834"
"Chile","1991","2.2610672","12901.113","70.975"
"Chile","1992","2.3047636","14090.100","82.699"
"Chile","1993","2.417898","14660.837","78.988"
"Chile","1994","2.652569","15163.331","74.266"
"Chile","1995","2.8609886","16108.677","72.404"
"Chile","1996","3.2731185","16820.854","60.445"
"Chile","1997","3.7463424","18978.543","62.135"
"Chile","1998","3.784981","18769.127","48.171"
"Chile","1999","4.0085335","19313.859","39.149"
"Chile","2000","3.7734768","20023.135","47.506"
"Chile","2001","3.3740683","20184.580","51.773"
"Chile","2002","3.4579308","20441.285","53.104"
"Chile","2003","3.4384434","20334.662","48.383"
"Chile","2004","3.6584854","21494.553","42.889"
"Chile","2005","3.7382884","22090.879","50.217"
"Chile","2006","3.879552","22631.893","52.324"
"Chile","2007","4.226911","22387.779","39.818"
"Chile","2008","4.189623","22165.260","42.186"
"Chile","2009","3.8777666","21051.678","43.341"
"Chile","2010","4.1525846","21403.439","36.989"
"Chile","2011","4.4993253","22459.619","33.914"
"Chile","2012","4.5448008","23224.074","31.311"
"Chile","2013","4.6210914","23629.986","29.588"
"Chile","2014","4.3431134","23154.375","36.369"
"Chile","2015","4.5312576","23180.021","38.160"
"Chile","2016","4.6121125","23993.930","33.083"
"Chile","2017","4.533392","24517.238","39.504"
"Chile","2018","4.469476","25039.641","42.859"
"Chile","2019","4.7910333","24894.514","41.646"
"Chile","2020","4.1391664","22925.926","43.807"
"Chile","2021","4.298362","24462.756","42.706"
"Chile","2022","4.385191","25342.707","52.956"
"China","1985","1.8844863","5800.923","22.496"
"China","1986","1.9526218","5979.108","21.033"
"China","1987","2.0585601","6336.534","20.115"
"China","1988","2.1739132","6691.621","20.023"
"China","1989","2.1712253","6907.912","20.247"
"China","1990","2.1528878","6880.663","20.414"
"China","1991","2.2370765","7122.351","18.414"
"China","1992","2.3057148","7411.395","17.367"
"China","1993","2.4340296","7908.675","18.751"
"China","1994","2.559043","8323.468","18.137"
"China","1995","2.7465813","8498.712","19.286"
"China","1996","2.8427844","8880.126","17.535"
"China","1997","2.8299394","8871.482","17.517"
"China","1998","2.6824508","8822.785","17.287"
"China","1999","2.817025","9069.433","16.105"
"China","2000","2.8700879","9334.936","16.639"
"China","2001","2.912365","9797.812","18.958"
"China","2002","3.184619","10602.087","17.618"
"China","2003","3.7351773","12273.320","15.036"
"China","2004","4.001966","14272.745","16.222"
"China","2005","4.4899764","16114.158","16.173"
"China","2006","4.921031","17552.816","15.588"
"China","2007","5.2606664","18955.008","15.258"
"China","2008","5.6172485","19560.699","19.025"
"China","2009","5.8706574","20281.068","17.886"
"China","2010","6.370445","21551.547","18.780"
"China","2011","6.998823","23090.885","16.890"
"China","2012","7.131918","23873.234","20.123"
"China","2013","7.2097993","24600.359","20.215"
"China","2014","7.187588","25072.023","22.350"
"China","2015","7.0609546","25209.490","24.079"
"China","2016","6.9428844","25164.803","25.001"
"China","2017","7.080384","25987.611","25.419"
"China","2018","7.2915606","27109.420","25.775"
"China","2019","7.5260706","28277.445","27.000"
"China","2020","7.64075","29133.936","28.246"
"China","2021","7.910899","30768.826","28.908"
"China","2022","8.217776","31051.480","30.673"
"Colombia","1990","1.7526762","7744.489","72.609"
"Colombia","1991","1.7103267","7789.251","69.772"
"Colombia","1992","1.8169323","7911.416","61.783"
"Colombia","1993","1.8367445","8441.098","67.749"
"Colombia","1994","1.9068248","8964.032","72.189"
"Colombia","1995","1.6576017","8999.828","68.374"
"Colombia","1996","1.6353179","9188.513","73.977"
"Colombia","1997","1.7535986","9175.434","64.037"
"Colombia","1998","1.7347395","9132.335","62.275"
"Colombia","1999","1.4376818","8367.868","71.497"
"Colombia","2000","1.4380411","8011.812","75.800"
"Colombia","2001","1.4219637","7953.855","74.617"
"Colombia","2002","1.3742627","7834.471","76.747"
"Colombia","2003","1.3931869","7863.652","78.947"
"Colombia","2004","1.3076525","8152.334","81.816"
"Colombia","2005","1.4302857","7917.907","80.324"
"Colombia","2006","1.4632028","9024.093","80.789"
"Colombia","2007","1.4032476","9058.002","81.679"
"Colombia","2008","1.5307138","9322.767","84.043"
"Colombia","2009","1.6211535","9111.861","73.554"
"Colombia","2010","1.684584","9474.296","71.812"
"Colombia","2011","1.6613352","9794.911","82.841"
"Colombia","2012","1.7209545","10308.172","78.593"
"Colombia","2013","1.8730689","10490.081","69.927"
"Colombia","2014","1.9766101","10938.481","69.602"
"Colombia","2015","1.9379755","10259.040","64.288"
"Colombia","2016","1.9306005","11435.303","66.443"
"Colombia","2017","1.7339902","11368.834","79.254"
"Colombia","2018","1.8523545","11332.247","75.868"
"Colombia","2019","1.9828873","11221.787","69.495"
"Colombia","2020","1.8231317","10064.389","64.778"
"Colombia","2021","2.0265136","11147.847","73.922"
"Colombia","2022","1.7286528","11746.604","75.497"
"Comoros","2000","0.19137299","816.702","0.000"
"Comoros","2001","0.19417383","835.325","0.000"
"Comoros","2002","0.19010712","823.612","0.000"
"Comoros","2003","0.23791873","1032.137","0.000"
"Comoros","2004","0.2586898","1111.626","0.000"
"Comoros","2005","0.24110185","1046.985","0.000"
"Comoros","2006","0.27869937","1194.371","0.000"
"Comoros","2007","0.17223208","773.590","0.000"
"Comoros","2008","0.17466639","772.859","0.000"
"Comoros","2009","0.21118188","923.480","0.000"
"Comoros","2010","0.24618918","1074.197","0.000"
"Comoros","2011","0.21389568","944.776","0.000"
"Comoros","2012","0.2257624","961.380","0.000"
"Comoros","2013","0.26314163","1122.832","0.000"
"Comoros","2014","0.23173186","981.591","0.000"
"Comoros","2015","0.24706165","1036.378","0.000"
"Comoros","2016","0.27662337","1189.054","0.000"
"Comoros","2017","0.34864247","1492.484","0.000"
"Comoros","2018","0.37039024","1593.286","0.000"
"Comoros","2019","0.39594093","1685.730","0.000"
"Comoros","2020","0.4613275","1578.063","0.000"
"Comoros","2021","0.60904104","1633.784","0.000"
"Congo","2000","1.3594972","1227.492","100.000"
"Congo","2001","1.2766243","1451.196","100.000"
"Congo","2002","0.81183815","1311.922","100.000"
"Congo","2003","0.94554263","1459.167","90.000"
"Congo","2004","0.99524397","1496.137","89.744"
"Congo","2005","1.1773973","1950.967","88.095"
"Congo","2006","1.2471627","2240.816","88.636"
"Congo","2007","1.070063","2657.684","85.000"
"Congo","2008","1.0381061","2926.504","81.250"
"Congo","2009","1.1547306","3411.898","69.231"
"Congo","2010","1.2325344","4460.019","57.895"
"Congo","2011","1.0947329","5186.757","63.710"
"Congo","2012","1.0585532","5174.505","60.976"
"Congo","2013","1.2127337","6385.898","59.394"
"Congo","2014","1.09952","5931.768","57.143"
"Congo","2015","1.1057556","5841.056","42.697"
"Congo","2016","1.0966322","5449.973","41.343"
"Congo","2017","1.056052","3985.205","43.509"
"Congo","2018","1.193601","3605.274","38.721"
"Congo","2019","1.2985657","2873.820","25.683"
"Congo","2020","1.334534","2379.556","25.065"
"Congo","2021","1.2546886","2348.011","23.881"
"Cook Islands","2000","3.2310405","17201.518","0.000"
"Cook Islands","2001","3.6018088","17050.652","0.000"
"Cook Islands","2002","2.932373","9404.955","0.000"
"Cook Islands","2003","3.1651273","8645.277","0.000"
"Cook Islands","2004","3.3964114","14629.907","0.000"
"Cook Islands","2005","3.868805","23369.021","0.000"
"Cook Islands","2006","4.329548","24806.082","0.000"
"Cook Islands","2007","4.2497582","20515.166","0.000"
"Cook Islands","2008","4.1212273","20346.406","0.000"
"Cook Islands","2009","3.7757168","18107.172","0.000"
"Cook Islands","2010","4.095059","20785.795","0.000"
"Cook Islands","2011","4.4018307","22592.518","0.000"
"Cook Islands","2012","4.556699","23641.826","0.000"
"Cook Islands","2013","4.572466","23739.312","0.000"
"Cook Islands","2014","4.591479","25269.025","0.000"
"Cook Islands","2015","4.404098","23834.230","0.000"
"Cook Islands","2016","4.432258","25052.822","0.000"
"Cook Islands","2017","4.5086136","27209.463","25.000"
"Cook Islands","2018","4.6287675","28924.502","40.000"
"Cook Islands","2019","4.9908986","29246.834","25.000"
"Cook Islands","2020","4.2104187","27636.979","25.000"
"Cook Islands","2021","4.819467","28943.293","40.000"
"Costa Rica","2000","1.3630247","10699.309","98.978"
"Costa Rica","2001","1.4063284","10693.142","98.403"
"Costa Rica","2002","1.524723","10944.455","97.844"
"Costa Rica","2003","1.5828342","10991.341","97.394"
"Costa Rica","2004","1.6182607","11161.785","99.122"
"Costa Rica","2005","1.5628277","11431.702","96.564"
"Costa Rica","2006","1.6143328","11759.994","93.823"
"Costa Rica","2007","1.8050741","12253.692","92.273"
"Costa Rica","2008","1.786941","12241.504","92.735"
"Costa Rica","2009","1.7096632","11747.936","94.360"
"Costa Rica","2010","1.637679","11786.667","92.503"
"Costa Rica","2011","1.5784479","11703.091","90.619"
"Costa Rica","2012","1.5473616","11673.354","91.045"
"Costa Rica","2013","1.6079941","11618.479","87.834"
"Costa Rica","2014","1.6156219","11726.931","89.120"
"Costa Rica","2015","1.5261014","12110.349","97.584"
"Costa Rica","2016","1.6085756","12301.996","96.774"
"Costa Rica","2017","1.625584","12649.783","98.137"
"Costa Rica","2018","1.6069579","12802.764","97.290"
"Costa Rica","2019","1.5322173","13012.450","97.813"
"Costa Rica","2020","1.3416045","11486.324","98.382"
"Costa Rica","2021","1.5149114","11957.598","98.741"
"Costa Rica","2022","1.5762514","","98.021"
"Cote d'Ivoire","2000","0.37460092","2188.067","38.043"
"Cote d'Ivoire","2001","0.42100108","2111.730","38.034"
"Cote d'Ivoire","2002","0.39937046","2001.708","33.794"
"Cote d'Ivoire","2003","0.27714372","1761.555","37.166"
"Cote d'Ivoire","2004","0.37694627","1840.879","33.462"
"Cote d'Ivoire","2005","0.37710994","1998.959","26.742"
"Cote d'Ivoire","2006","0.33519748","1668.975","28.355"
"Cote d'Ivoire","2007","0.31636202","1748.413","33.776"
"Cote d'Ivoire","2008","0.31200454","1882.834","34.559"
"Cote d'Ivoire","2009","0.25729427","1799.553","37.950"
"Cote d'Ivoire","2010","0.27680218","1801.921","28.470"
"Cote d'Ivoire","2011","0.28383818","1642.380","30.503"
"Cote d'Ivoire","2012","0.36391443","1962.973","26.737"
"Cote d'Ivoire","2013","0.4043384","2129.461","22.083"
"Cote d'Ivoire","2014","0.40376183","2198.274","24.169"
"Cote d'Ivoire","2015","0.3784605","2129.532","16.422"
"Cote d'Ivoire","2016","0.46093678","2356.630","16.890"
"Cote d'Ivoire","2017","0.44894835","2288.732","20.238"
"Cote d'Ivoire","2018","0.37922856","2235.986","30.785"
"Cote d'Ivoire","2019","0.37380695","2360.121","34.531"
"Cote d'Ivoire","2020","0.38106292","2282.348","31.788"
"Cote d'Ivoire","2021","0.46106416","2370.596","30.146"
"Croatia","1990","4.7331753","20686.525","44.357"
"Croatia","1991","3.5230823","17295.715","64.494"
"Croatia","1992","3.4250019","16781.605","48.989"
"Croatia","1993","3.554331","17528.975","47.753"
"Croatia","1994","3.4337494","17608.570","62.030"
"Croatia","1995","3.6400027","18274.979","61.381"
"Croatia","1996","3.8003798","19804.262","70.457"
"Croatia","1997","4.1222434","19815.602","57.185"
"Croatia","1998","4.2828264","21187.268","52.664"
"Croatia","1999","4.578895","22173.107","56.549"
"Croatia","2000","4.542812","21227.025","57.282"
"Croatia","2001","4.8304005","22525.262","56.226"
"Croatia","2002","5.0897875","22668.963","46.027"
"Croatia","2003","5.3930573","23832.379","41.395"
"Croatia","2004","5.302187","24877.861","54.932"
"Croatia","2005","5.4000564","24671.021","54.058"
"Croatia","2006","5.4442253","24436.512","51.471"
"Croatia","2007","5.7465234","24617.822","37.799"
"Croatia","2008","5.4502077","24549.996","45.696"
"Croatia","2009","5.046313","24300.623","56.030"
"Croatia","2010","4.8773313","24781.908","62.880"
"Croatia","2011","4.8155785","21703.076","47.017"
"Croatia","2012","4.472641","20222.289","49.669"
"Croatia","2013","4.337481","22296.646","66.523"
"Croatia","2014","4.18296","22411.172","73.958"
"Croatia","2015","4.2531147","21392.176","66.844"
"Croatia","2016","4.370736","22428.080","66.244"
"Croatia","2017","4.5874524","22608.020","60.390"
"Croatia","2018","4.396296","23593.492","72.177"
"Croatia","2019","4.470374","23200.729","65.956"
"Croatia","2020","4.2666397","22304.447","64.577"
"Croatia","2021","4.4343224","24213.969","69.643"
"Croatia","2022","4.500902","23468.168","63.314"
"Cuba","2000","2.2773356","9883.993","0.634"
"Cuba","2001","2.2147021","9075.244","0.485"
"Cuba","2002","2.252687","9158.403","0.675"
"Cuba","2003","2.2797303","9271.938","0.871"
"Cuba","2004","2.1834989","9365.984","0.610"
"Cuba","2005","2.2824476","9199.146","17.785"
"Cuba","2006","2.3745453","8954.739","9.935"
"Cuba","2007","2.2790463","9036.614","11.627"
"Cuba","2008","2.4564986","10330.990","11.818"
"Cuba","2009","2.5021207","10402.473","11.311"
"Cuba","2010","2.9247391","11812.895","10.555"
"Cuba","2011","2.572717","10603.101","10.400"
"Cuba","2012","2.6077478","11529.463","10.478"
"Cuba","2013","2.4688954","11073.984","9.741"
"Cuba","2014","2.4248602","11257.336","9.825"
"Cuba","2015","2.5801377","11280.011","9.625"
"Cuba","2016","2.4652224","8800.300","8.978"
"Cuba","2017","2.1834598","9358.279","9.386"
"Cuba","2018","2.050346","9819.157","10.183"
"Cuba","2019","2.00725","9606.213","15.310"
"Cuba","2020","1.9040953","9007.181","16.828"
"Cuba","2021","2.0273802","9229.538","16.608"
"Cyprus","1990","5.8955126","24444.529","0.000"
"Cyprus","1991","6.4285626","24418.672","0.000"
"Cyprus","1992","6.798151","28128.943","0.000"
"Cyprus","1993","6.964269","28680.846","0.000"
"Cyprus","1994","7.097449","28103.857","0.000"
"Cyprus","1995","6.799325","29255.701","0.000"
"Cyprus","1996","7.060902","29094.268","0.000"
"Cyprus","1997","7.021577","28804.803","0.000"
"Cyprus","1998","7.2132015","30007.211","0.000"
"Cyprus","1999","7.370247","31000.758","0.000"
"Cyprus","2000","7.4993653","31912.982","0.000"
"Cyprus","2001","7.2393413","31725.172","0.000"
"Cyprus","2002","7.3075433","30732.920","0.000"
"Cyprus","2003","7.5637994","32076.912","0.000"
"Cyprus","2004","7.650352","30655.473","0.000"
"Cyprus","2005","7.6742024","33741.973","0.000"
"Cyprus","2006","7.7607594","32604.191","0.000"
"Cyprus","2007","7.9004884","32579.771","0.000"
"Cyprus","2008","7.9664574","32822.430","0.197"
"Cyprus","2009","7.60606","31506.953","0.576"
"Cyprus","2010","7.156974","30146.273","1.501"
"Cyprus","2011","6.7966948","29451.955","3.455"
"Cyprus","2012","6.231036","27326.793","5.508"
"Cyprus","2013","5.5563617","24232.332","7.692"
"Cyprus","2014","5.766146","24039.480","7.143"
"Cyprus","2015","5.7010694","24580.830","8.811"
"Cyprus","2016","5.9411874","26494.055","8.793"
"Cyprus","2017","5.955064","26971.416","8.600"
"Cyprus","2018","5.763717","26633.770","9.486"
"Cyprus","2019","5.692592","26442.418","10.097"
"Cyprus","2020","5.300958","22852.852","12.371"
"Cyprus","2021","5.2764926","23985.012","15.234"
"Cyprus","2022","5.3108797","25359.791","16.920"
"Czechia","1990","15.943747","53075.812","1.863"
"Czechia","1991","14.44877","48298.723","1.808"
"Czechia","1992","14.129348","46841.379","2.371"
"Czechia","1993","13.577581","46412.750","2.608"
"Czechia","1994","12.852731","45199.211","3.048"
"Czechia","1995","12.764089","47151.668","3.978"
"Czechia","1996","13.113578","48847.988","3.541"
"Czechia","1997","12.737488","46922.652","3.411"
"Czechia","1998","12.246615","45623.383","3.080"
"Czechia","1999","11.380794","43807.262","3.678"
"Czechia","2000","12.429018","46362.195","3.128"
"Czechia","2001","12.428257","47434.898","3.463"
"Czechia","2002","12.108837","47543.316","3.934"
"Czechia","2003","12.449295","50209.617","2.259"
"Czechia","2004","12.504434","51439.855","3.270"
"Czechia","2005","12.228751","50547.258","3.820"
"Czechia","2006","12.279241","51379.383","4.208"
"Czechia","2007","12.417233","50659.105","3.897"
"Czechia","2008","11.84469","49488.312","4.467"
"Czechia","2009","11.032746","47287.844","5.708"
"Czechia","2010","11.225506","49083.730","6.933"
"Czechia","2011","10.974041","47823.707","8.354"
"Czechia","2012","10.590268","47515.480","9.318"
"Czechia","2013","10.152071","46623.125","10.822"
"Czechia","2014","9.910655","45633.582","10.787"
"Czechia","2015","9.975821","44728.676","11.403"
"Czechia","2016","10.125045","44110.195","11.450"
"Czechia","2017","10.220285","46583.094","11.226"
"Czechia","2018","10.0789385","46420.684","10.857"
"Czechia","2019","9.568804","45355.285","11.752"
"Czechia","2020","8.688184","42025.309","12.963"
"Czechia","2021","9.175987","44385.371","12.791"
"Czechia","2022","8.904502","44242.148","12.337"
"Democratic Republic of Congo","2000","0.033752073","438.740","100.000"
"Democratic Republic of Congo","2001","0.031601254","418.631","100.000"
"Democratic Republic of Congo","2002","0.032261897","417.325","99.835"
"Democratic Republic of Congo","2003","0.037873823","421.694","99.836"
"Democratic Republic of Congo","2004","0.03557848","463.926","99.858"
"Democratic Republic of Congo","2005","0.03891736","487.926","99.864"
"Democratic Republic of Congo","2006","0.038797192","498.666","99.732"
"Democratic Republic of Congo","2007","0.04198256","497.544","99.614"
"Democratic Republic of Congo","2008","0.04170046","456.029","99.463"
"Democratic Republic of Congo","2009","0.036830176","432.157","99.613"
"Democratic Republic of Congo","2010","0.03989632","462.693","98.977"
"Democratic Republic of Congo","2011","0.042922717","484.205","98.976"
"Democratic Republic of Congo","2012","0.038186394","460.754","99.867"
"Democratic Republic of Congo","2013","0.05173664","538.160","99.877"
"Democratic Republic of Congo","2014","0.064614125","622.852","99.886"
"Democratic Republic of Congo","2015","0.04040672","464.344","99.887"
"Democratic Republic of Congo","2016","0.031676006","413.596","99.889"
"Democratic Republic of Congo","2017","0.0335339","434.753","99.682"
"Democratic Republic of Congo","2018","0.04191342","444.570","99.713"
"Democratic Republic of Congo","2019","0.044305593","443.118","99.729"
"Democratic Republic of Congo","2020","0.04484622","443.812","99.749"
"Democratic Republic of Congo","2021","0.043290805","410.887","99.728"
"Denmark","1985","11.729692","42546.676","0.402"
"Denmark","1986","11.483198","43490.426","0.667"
"Denmark","1987","11.360324","41909.617","0.896"
"Denmark","1988","10.724705","41416.664","1.441"
"Denmark","1989","9.485271","38141.203","2.517"
"Denmark","1990","10.402008","39256.695","3.195"
"Denmark","1991","12.437001","45141.340","2.901"
"Denmark","1992","11.278738","42148.238","4.423"
"Denmark","1993","11.6743","44534.789","4.738"
"Denmark","1994","12.422385","47576.793","4.288"
"Denmark","1995","11.780834","46534.887","5.063"
"Denmark","1996","14.231168","55153.883","3.883"
"Denmark","1997","12.381705","49834.898","6.617"
"Denmark","1998","11.54511","47875.398","9.567"
"Denmark","1999","11.021205","46251.039","11.263"
"Denmark","2000","10.170421","44286.535","15.472"
"Denmark","2001","10.430784","44250.590","15.509"
"Denmark","2002","10.33384","44017.223","17.286"
"Denmark","2003","11.250178","47297.211","17.483"
"Denmark","2004","10.195032","44621.559","23.553"
"Denmark","2005","9.509078","41866.430","27.049"
"Denmark","2006","10.942724","46091.766","20.171"
"Denmark","2007","10.017085","43548.508","26.202"
"Denmark","2008","9.329914","41183.277","27.581"
"Denmark","2009","8.844816","38827.246","27.653"
"Denmark","2010","8.866418","41063.633","31.978"
"Denmark","2011","7.9407773","38406.094","40.233"
"Denmark","2012","7.128379","35563.973","48.339"
"Denmark","2013","7.4373164","36936.711","45.941"
"Denmark","2014","6.6571136","35394.480","55.887"
"Denmark","2015","6.177417","34312.848","65.434"
"Denmark","2016","6.44471","34666.891","60.196"
"Denmark","2017","6.0127726","34656.133","70.255"
"Denmark","2018","5.973422","34042.258","68.347"
"Denmark","2019","5.3228407","33139.277","78.177"
"Denmark","2020","4.8528743","29380.422","81.622"
"Denmark","2021","5.0545783","32148.652","78.947"
"Denmark","2022","4.9288173","32197.939","83.963"
"Djibouti","2000","0.49028134","4762.170","0.000"
"Djibouti","2001","0.47503537","4599.132","0.000"
"Djibouti","2002","0.50199604","4474.387","0.000"
"Djibouti","2003","0.5179416","4541.960","0.000"
"Djibouti","2004","0.49229845","4353.042","0.000"
"Djibouti","2005","0.4933804","4054.557","0.000"
"Djibouti","2006","0.48381394","3716.954","0.000"
"Djibouti","2007","0.5195202","3787.355","0.000"
"Djibouti","2008","0.5540701","4150.356","0.000"
"Djibouti","2009","0.48637667","3531.152","0.000"
"Djibouti","2010","0.5553592","3942.156","0.000"
"Djibouti","2011","0.33219022","2921.882","0.000"
"Djibouti","2012","0.3032002","3784.813","0.000"
"Djibouti","2013","0.3866828","3836.707","0.000"
"Djibouti","2014","0.41648516","4183.972","0.000"
"Djibouti","2015","0.4948673","3626.965","0.000"
"Djibouti","2016","0.412241","3409.709","0.000"
"Djibouti","2017","0.39223146","3036.137","0.000"
"Djibouti","2018","0.43989566","3133.480","0.000"
"Djibouti","2019","0.49619916","2848.787","0.000"
"Djibouti","2020","0.41898745","2701.791","0.000"
"Djibouti","2021","0.49731505","2785.072","0.000"
"Dominica","2000","1.4971033","7741.992","42.857"
"Dominica","2001","1.609394","8312.158","37.500"
"Dominica","2002","1.5002121","7820.661","42.857"
"Dominica","2003","1.7103512","8702.423","37.500"
"Dominica","2004","2.0810905","10289.641","42.857"
"Dominica","2005","2.1850765","9846.587","37.500"
"Dominica","2006","2.0762827","9808.021","37.500"
"Dominica","2007","2.5007696","11844.854","25.000"
"Dominica","2008","2.4474196","10663.438","25.000"
"Dominica","2009","2.7129314","10826.458","25.000"
"Dominica","2010","2.4472065","11327.723","22.222"
"Dominica","2011","2.1748586","11478.590","40.000"
"Dominica","2012","2.3847957","11020.953","30.000"
"Dominica","2013","2.2593608","11020.252","40.000"
"Dominica","2014","2.3945332","11281.383","30.000"
"Dominica","2015","2.497153","11610.774","20.000"
"Dominica","2016","2.4732933","12128.221","36.364"
"Dominica","2017","2.246081","11274.687","37.500"
"Dominica","2018","2.4177725","11557.899","33.333"
"Dominica","2019","2.5361629","11049.870","22.222"
"Dominica","2020","2.3310647","10056.246","25.000"
"Dominica","2021","2.3982625","10547.773","23.529"
"Dominican Republic","2000","2.2060328","10094.044","9.271"
"Dominican Republic","2001","2.188307","9667.400","7.165"
"Dominican Republic","2002","2.3576155","10064.789","7.342"
"Dominican Republic","2003","2.3673694","9104.642","9.467"
"Dominican Republic","2004","1.894983","8357.896","14.311"
"Dominican Republic","2005","1.935153","9065.088","15.851"
"Dominican Republic","2006","2.0372174","8931.601","13.349"
"Dominican Republic","2007","2.1055288","9066.198","12.427"
"Dominican Republic","2008","2.1136951","8900.079","11.775"
"Dominican Republic","2009","2.0305235","8679.013","12.597"
"Dominican Republic","2010","2.0819619","8981.360","10.587"
"Dominican Republic","2011","2.103672","8723.768","10.657"
"Dominican Republic","2012","2.075673","9560.256","12.223"
"Dominican Republic","2013","2.0445297","9002.167","13.090"
"Dominican Republic","2014","2.0613797","8537.962","10.080"
"Dominican Republic","2015","2.2028282","9354.642","7.806"
"Dominican Republic","2016","2.2878761","9835.123","11.462"
"Dominican Republic","2017","2.1988876","9591.366","15.466"
"Dominican Republic","2018","2.337508","10487.733","13.958"
"Dominican Republic","2019","2.6134562","11098.332","12.247"
"Dominican Republic","2020","2.3825326","9496.668","17.428"
"Dominican Republic","2021","2.6397047","9987.583","16.941"
"East Timor","2003","0.27106175","754.400","0.000"
"East Timor","2004","0.53493506","800.244","0.000"
"East Timor","2005","0.3386498","783.706","0.000"
"East Timor","2006","0.32429323","779.260","0.000"
"East Timor","2007","0.28666294","786.973","0.000"
"East Timor","2008","0.27617633","845.242","0.000"
"East Timor","2009","0.3039178","925.888","0.000"
"East Timor","2010","0.28868577","943.407","0.000"
"East Timor","2011","0.39081725","957.329","0.000"
"East Timor","2012","0.5210148","1109.922","0.000"
"East Timor","2013","0.53505445","1636.337","0.000"
"East Timor","2014","0.5305636","1840.639","0.000"
"East Timor","2015","0.48993015","1773.346","0.000"
"East Timor","2016","0.5234541","1709.139","0.000"
"East Timor","2017","0.55351996","1717.026","0.000"
"East Timor","2018","0.48357552","1714.814","0.000"
"East Timor","2019","0.5191845","1702.919","0.000"
"East Timor","2020","0.48724145","1589.790","0.000"
"East Timor","2021","0.4593354","1615.498","0.000"
"Ecuador","1990","1.5754483","7749.599","78.545"
"Ecuador","1991","1.5135384","8369.491","72.779"
"Ecuador","1992","2.0125597","8152.610","69.116"
"Ecuador","1993","2.16253","8284.632","78.396"
"Ecuador","1994","1.2608284","8840.834","80.615"
"Ecuador","1995","2.0304213","8201.073","61.227"
"Ecuador","1996","2.1452327","9164.456","65.537"
"Ecuador","1997","1.6175864","10028.598","63.061"
"Ecuador","1998","1.8868942","9905.499","59.742"
"Ecuador","1999","1.7638682","8880.938","69.622"
"Ecuador","2000","1.6509491","8246.840","72.754"
"Ecuador","2001","1.815233","8211.651","65.177"
"Ecuador","2002","1.8922564","7965.146","64.502"
"Ecuador","2003","2.0275195","8014.880","63.369"
"Ecuador","2004","2.1537893","8426.991","57.296"
"Ecuador","2005","2.2137334","8767.223","58.141"
"Ecuador","2006","2.1142087","9114.504","54.364"
"Ecuador","2007","2.4002497","9420.017","55.817"
"Ecuador","2008","2.091753","9883.912","63.417"
"Ecuador","2009","2.2807763","9482.964","53.374"
"Ecuador","2010","2.41893","10353.473","47.949"
"Ecuador","2011","2.510752","10805.037","57.394"
"Ecuador","2012","2.4076736","11233.192","56.716"
"Ecuador","2013","2.5105705","11416.987","51.070"
"Ecuador","2014","2.7289972","11816.219","51.557"
"Ecuador","2015","2.5388634","11610.723","54.785"
"Ecuador","2016","2.3855908","11399.546","60.317"
"Ecuador","2017","2.3387234","11658.197","73.420"
"Ecuador","2018","2.2552624","12100.159","72.546"
"Ecuador","2019","2.3115683","12160.402","78.043"
"Ecuador","2020","1.8507442","10374.727","79.380"
"Ecuador","2021","2.159484","11923.518","80.519"
"Ecuador","2022","2.36007","12150.252","75.725"
"Egypt","1990","1.2480806","6839.569","23.724"
"Egypt","1991","1.2401799","6763.790","22.913"
"Egypt","1992","1.2592472","6544.951","21.784"
"Egypt","1993","1.4437534","6401.087","21.594"
"Egypt","1994","1.3608489","6582.588","22.097"
"Egypt","1995","1.4922212","6823.153","22.096"
"Egypt","1996","1.447787","7035.391","21.437"
"Egypt","1997","1.6210911","7172.319","20.729"
"Egypt","1998","1.7765288","7309.517","19.943"
"Egypt","1999","1.7755245","7679.945","20.466"
"Egypt","2000","1.9544393","7965.848","18.397"
"Egypt","2001","1.6928145","8143.846","19.151"
"Egypt","2002","1.6836745","8202.890","15.246"
"Egypt","2003","1.9261036","8503.993","14.655"
"Egypt","2004","1.9114492","8798.149","13.554"
"Egypt","2005","2.0583456","8844.943","12.670"
"Egypt","2006","2.1570544","9136.145","12.256"
"Egypt","2007","2.245012","9542.583","13.622"
"Egypt","2008","2.2810254","9921.167","12.423"
"Egypt","2009","2.345589","10077.901","10.526"
"Egypt","2010","2.2725692","10258.876","9.127"
"Egypt","2011","2.4335008","10516.576","9.263"
"Egypt","2012","2.28126","10688.419","8.729"
"Egypt","2013","2.2981055","10368.022","8.714"
"Egypt","2014","2.3301265","9999.618","8.763"
"Egypt","2015","2.2757032","9943.540","8.394"
"Egypt","2016","2.411969","10278.024","8.176"
"Egypt","2017","2.443332","10471.646","7.890"
"Egypt","2018","2.2889705","10286.719","8.671"
"Egypt","2019","2.1762276","9919.544","10.662"
"Egypt","2020","2.2533324","9153.989","11.004"
"Egypt","2021","2.4048865","9639.120","11.387"
"Egypt","2022","2.2189891","9960.062","11.221"
"El Salvador","2000","0.95025206","4934.590","54.424"
"El Salvador","2001","0.9767586","5098.644","61.478"
"El Salvador","2002","1.0081846","5202.291","60.453"
"El Salvador","2003","1.0662569","5536.210","65.808"
"El Salvador","2004","1.035191","5513.259","62.903"
"El Salvador","2005","1.0426328","5701.853","65.180"
"El Salvador","2006","1.1144657","6029.882","62.321"
"El Salvador","2007","1.134631","6277.061","61.364"
"El Salvador","2008","1.057286","6136.075","65.275"
"El Salvador","2009","1.0387776","5893.160","59.316"
"El Salvador","2010","1.0360224","6082.846","66.499"
"El Salvador","2011","1.0618316","6068.424","67.652"
"El Salvador","2012","1.0527395","6096.506","66.773"
"El Salvador","2013","0.98683953","5903.089","65.710"
"El Salvador","2014","0.99306273","6015.019","66.346"
"El Salvador","2015","1.0733306","6200.172","59.401"
"El Salvador","2016","1.0598669","6231.595","61.130"
"El Salvador","2017","0.9562393","6173.114","71.767"
"El Salvador","2018","1.0373579","6645.676","74.109"
"El Salvador","2019","1.2268993","7271.521","69.282"
"El Salvador","2020","0.98398876","6715.608","79.393"
"El Salvador","2021","1.1152391","7076.433","79.573"
"El Salvador","2022","1.2599217","","73.228"
"Equatorial Guinea","2000","3.8380704","4751.271","11.111"
"Equatorial Guinea","2001","4.122257","2574.472","16.667"
"Equatorial Guinea","2002","3.4652054","37471.238","9.091"
"Equatorial Guinea","2003","3.6913478","38771.441","8.333"
"Equatorial Guinea","2004","6.8198905","7523.655","5.882"
"Equatorial Guinea","2005","6.5507903","26154.957","5.000"
"Equatorial Guinea","2006","6.232549","30517.992","3.846"
"Equatorial Guinea","2007","5.512643","32212.723","3.125"
"Equatorial Guinea","2008","5.4636536","30431.822","10.870"
"Equatorial Guinea","2009","4.299807","30738.887","9.804"
"Equatorial Guinea","2010","5.36254","28152.885","5.172"
"Equatorial Guinea","2011","4.8854165","28943.424","4.615"
"Equatorial Guinea","2012","5.315122","26990.076","10.667"
"Equatorial Guinea","2013","6.0676517","26720.799","26.042"
"Equatorial Guinea","2014","5.4587445","24158.016","34.862"
"Equatorial Guinea","2015","4.8213663","20745.453","36.154"
"Equatorial Guinea","2016","4.997847","19728.445","33.571"
"Equatorial Guinea","2017","4.3622804","21365.682","32.836"
"Equatorial Guinea","2018","4.351806","18711.834","32.593"
"Equatorial Guinea","2019","3.3012357","17644.693","32.143"
"Equatorial Guinea","2020","3.7224493","11328.123","34.752"
"Equatorial Guinea","2021","4.029795","12399.339","30.986"
"Eritrea","2000","0.26899123","1086.235","0.000"
"Eritrea","2001","0.27565488","1156.577","0.000"
"Eritrea","2002","0.21271585","1019.168","0.000"
"Eritrea","2003","0.31279808","1172.767","0.000"
"Eritrea","2004","0.24379784","1226.452","0.000"
"Eritrea","2005","0.22010736","1197.504","0.000"
"Eritrea","2006","0.16781278","809.802","0.000"
"Eritrea","2007","0.15460885","818.482","0.000"
"Eritrea","2008","0.14144821","569.351","0.000"
"Eritrea","2009","0.15444441","670.504","0.000"
"Eritrea","2010","0.15891197","654.890","0.000"
"Eritrea","2011","0.1927028","655.353","0.000"
"Eritrea","2012","0.2002731","686.761","0.000"
"Eritrea","2013","0.18524463","691.834","0.000"
"Eritrea","2014","0.1838695","716.541","0.000"
"Eritrea","2015","0.1795116","707.843","0.000"
"Eritrea","2016","0.17741415","715.034","0.000"
"Eritrea","2017","0.17566207","778.286","2.439"
"Eritrea","2018","0.19297862","876.149","2.326"
"Eritrea","2019","0.19893253","936.479","2.273"
"Eritrea","2020","0.19473019","881.588","2.381"
"Eritrea","2021","0.2034625","914.495","2.222"
"Estonia","1990","23.5025","81220.125","0.000"
"Estonia","1991","21.80648","74559.609","0.000"
"Estonia","1992","15.850474","52836.098","0.000"
"Estonia","1993","12.918034","44924.789","0.000"
"Estonia","1994","13.579116","46444.000","0.000"
"Estonia","1995","12.426883","42790.965","0.115"
"Estonia","1996","13.266521","46012.348","0.000"
"Estonia","1997","13.136339","45746.020","0.108"
"Estonia","1998","11.999038","41335.852","0.117"
"Estonia","1999","11.349218","38287.996","0.121"
"Estonia","2000","11.074418","39722.039","0.118"
"Estonia","2001","11.432236","41673.484","0.236"
"Estonia","2002","11.133531","41766.359","0.352"
"Estonia","2003","12.58399","45834.828","0.492"
"Estonia","2004","12.711765","47047.777","0.582"
"Estonia","2005","12.613808","47588.281","1.078"
"Estonia","2006","12.204592","47286.480","1.336"
"Estonia","2007","14.865635","55017.598","1.149"
"Estonia","2008","13.323684","50750.434","1.890"
"Estonia","2009","10.794068","43997.602","6.150"
"Estonia","2010","14.243671","54935.602","8.096"
"Estonia","2011","14.274907","54965.695","9.154"
"Estonia","2012","13.429013","55555.875","12.291"
"Estonia","2013","14.897581","58773.523","9.262"
"Estonia","2014","14.290275","56413.820","11.165"
"Estonia","2015","12.003551","52196.047","15.369"
"Estonia","2016","13.248403","53774.246","13.065"
"Estonia","2017","14.13057","59568.551","14.134"
"Estonia","2018","13.465254","58899.945","16.087"
"Estonia","2019","9.261298","47295.336","28.121"
"Estonia","2020","6.917664","44218.281","48.849"
"Estonia","2021","7.8024516","46380.293","39.917"
"Estonia","2022","8.863261","46504.863","44.005"
"Eswatini","2000","1.157503","6083.903","90.164"
"Eswatini","2001","1.0457954","6071.866","90.476"
"Eswatini","2002","1.0202217","6199.813","90.769"
"Eswatini","2003","0.9411554","5659.059","89.286"
"Eswatini","2004","0.9354865","5462.625","88.679"
"Eswatini","2005","0.9405999","5620.216","90.000"
"Eswatini","2006","0.93589884","5687.314","90.000"
"Eswatini","2007","0.9573921","5892.160","90.476"
"Eswatini","2008","0.9275966","5664.233","90.000"
"Eswatini","2009","0.95482457","5503.006","90.476"
"Eswatini","2010","0.8965116","5146.958","90.625"
"Eswatini","2011","0.8587666","5236.062","95.775"
"Eswatini","2012","0.98782957","5162.853","94.595"
"Eswatini","2013","1.1640495","5053.262","95.062"
"Eswatini","2014","0.67069316","5096.139","93.846"
"Eswatini","2015","0.7438149","5016.504","92.727"
"Eswatini","2016","0.88929254","5267.826","92.857"
"Eswatini","2017","0.8383368","5553.849","94.030"
"Eswatini","2018","0.8682516","5823.577","94.667"
"Eswatini","2019","0.9316162","5780.252","94.366"
"Eswatini","2020","0.8294222","5614.891","94.595"
"Eswatini","2021","0.819892","5981.112","94.595"
"Ethiopia","2000","0.051368907","287.991","96.471"
"Ethiopia","2001","0.06137175","304.547","97.059"
"Ethiopia","2002","0.06186438","303.847","97.101"
"Ethiopia","2003","0.06596311","319.221","97.425"
"Ethiopia","2004","0.06780678","331.657","97.665"
"Ethiopia","2005","0.06324217","370.189","97.917"
"Ethiopia","2006","0.065897726","394.914","98.182"
"Ethiopia","2007","0.07026919","424.853","95.198"
"Ethiopia","2008","0.0750213","432.320","88.267"
"Ethiopia","2009","0.073328234","434.640","89.421"
"Ethiopia","2010","0.070071824","468.262","98.397"
"Ethiopia","2011","0.07895706","514.245","98.892"
"Ethiopia","2012","0.08338755","557.104","99.470"
"Ethiopia","2013","0.09898247","632.633","99.654"
"Ethiopia","2014","0.11415848","697.629","99.789"
"Ethiopia","2015","0.12095851","715.425","99.808"
"Ethiopia","2016","0.13421538","807.240","99.920"
"Ethiopia","2017","0.13315514","794.977","99.924"
"Ethiopia","2018","0.14305523","823.583","99.927"
"Ethiopia","2019","0.1484148","921.991","99.930"
"Ethiopia","2020","0.14072774","860.100","99.930"
"Ethiopia","2021","0.1466006","871.584","99.932"
"Falkland Islands","2000","","37317.547","0.000"
"Falkland Islands","2001","","40808.359","0.000"
"Falkland Islands","2002","","44560.195","0.000"
"Falkland Islands","2003","","48378.156","0.000"
"Falkland Islands","2004","","52046.820","0.000"
"Falkland Islands","2005","","51820.352","0.000"
"Falkland Islands","2006","","59523.406","0.000"
"Falkland Islands","2007","","59577.652","0.000"
"Falkland Islands","2008","","61264.891","0.000"
"Falkland Islands","2009","","61342.887","0.000"
"Falkland Islands","2010","","59130.359","0.000"
"Falkland Islands","2011","","58597.516","50.000"
"Falkland Islands","2012","","60204.473","50.000"
"Falkland Islands","2013","","58919.254","50.000"
"Falkland Islands","2014","","57671.355","50.000"
"Falkland Islands","2015","","57968.594","50.000"
"Falkland Islands","2016","","59029.152","50.000"
"Falkland Islands","2017","","55306.211","50.000"
"Falkland Islands","2018","","56424.559","50.000"
"Falkland Islands","2019","","55487.547","50.000"
"Falkland Islands","2020","","46956.242","50.000"
"Falkland Islands","2021","","49393.320","50.000"
"Faroe Islands","2000","15.077199","70296.211","38.095"
"Faroe Islands","2001","16.473824","76419.406","34.783"
"Faroe Islands","2002","15.562537","73905.156","43.478"
"Faroe Islands","2003","15.444276","72738.656","34.783"
"Faroe Islands","2004","15.55871","73795.477","41.667"
"Faroe Islands","2005","14.917704","71850.984","45.833"
"Faroe Islands","2006","13.988773","71134.164","45.833"
"Faroe Islands","2007","14.278857","74061.555","46.154"
"Faroe Islands","2008","13.061985","68445.320","38.462"
"Faroe Islands","2009","11.85785","63500.500","40.741"
"Faroe Islands","2010","13.001266","65953.414","29.630"
"Faroe Islands","2011","11.765874","63076.344","38.462"
"Faroe Islands","2012","12.336957","64413.230","39.286"
"Faroe Islands","2013","13.427915","70091.234","39.286"
"Faroe Islands","2014","12.310254","65730.328","53.333"
"Faroe Islands","2015","12.434051","69815.625","61.290"
"Faroe Islands","2016","12.6436615","68590.719","50.000"
"Faroe Islands","2017","13.994748","76055.422","53.125"
"Faroe Islands","2018","14.207669","77010.266","50.000"
"Faroe Islands","2019","14.269453","74932.953","40.541"
"Faroe Islands","2020","14.415052","68466.914","39.024"
"Faroe Islands","2021","14.704373","70956.359","38.095"
"Fiji","2000","0.9690087","9308.956","70.968"
"Fiji","2001","1.181649","9574.995","74.627"
"Fiji","2002","0.97358567","8027.728","70.423"
"Fiji","2003","1.1461935","8717.398","56.944"
"Fiji","2004","1.487451","11433.929","58.667"
"Fiji","2005","1.158516","9695.102","53.165"
"Fiji","2006","1.2921549","10524.990","53.571"
"Fiji","2007","1.2079439","10062.741","68.966"
"Fiji","2008","0.87604755","7890.729","70.455"
"Fiji","2009","0.7754087","6803.479","67.442"
"Fiji","2010","1.1308804","9167.494","61.111"
"Fiji","2011","1.0193485","7085.076","65.116"
"Fiji","2012","0.993171","7121.293","72.093"
"Fiji","2013","1.1315564","7502.866","69.318"
"Fiji","2014","1.2857696","7886.425","58.242"
"Fiji","2015","1.5915086","8231.743","55.208"
"Fiji","2016","1.462942","8094.508","62.500"
"Fiji","2017","1.5832261","8787.309","60.952"
"Fiji","2018","1.6139121","9316.589","65.138"
"Fiji","2019","1.6498482","9417.632","62.832"
"Fiji","2020","1.4975775","9030.606","63.636"
"Fiji","2021","1.1871994","9222.848","64.035"
"Finland","1990","11.414846","64824.148","29.454"
"Finland","1991","11.008421","65968.766","31.390"
"Finland","1992","10.763673","65384.230","34.748"
"Finland","1993","11.115949","65627.883","31.827"
"Finland","1994","12.133155","68597.109","27.834"
"Finland","1995","11.378802","65139.227","30.528"
"Finland","1996","12.4963045","67804.484","25.598"
"Finland","1997","12.199201","68557.320","29.135"
"Finland","1998","11.517897","70678.375","34.783"
"Finland","1999","11.397506","69141.266","30.507"
"Finland","2000","11.01523","69377.000","33.500"
"Finland","2001","12.050957","70719.578","28.994"
"Finland","2002","12.508105","70908.922","26.536"
"Finland","2003","13.93796","75758.367","22.669"
"Finland","2004","13.187464","75218.672","29.942"
"Finland","2005","10.87746","68155.328","33.357"
"Finland","2006","12.983438","72824.555","27.374"
"Finland","2007","12.62386","72265.938","30.054"
"Finland","2008","11.033468","69352.664","36.074"
"Finland","2009","10.474345","63925.770","30.231"
"Finland","2010","11.950002","69228.281","30.097"
"Finland","2011","10.512902","64942.777","33.028"
"Finland","2012","9.448505","62886.449","40.748"
"Finland","2013","9.508818","62843.996","36.109"
"Finland","2014","8.719286","60391.238","38.755"
"Finland","2015","8.064647","60022.977","44.661"
"Finland","2016","8.598358","60795.297","44.407"
"Finland","2017","8.107076","59405.816","46.894"
"Finland","2018","8.291922","60528.164","45.927"
"Finland","2019","7.686688","59219.418","46.622"
"Finland","2020","6.82145","56636.781","52.042"
"Finland","2021","6.825398","57765.715","53.124"
"Finland","2022","6.5245185","58966.160","54.898"
"France","1990","6.9293327","47114.285","13.370"
"France","1991","7.3180947","49874.691","13.221"
"France","1992","7.096411","50099.133","15.456"
"France","1993","6.728049","49941.852","14.236"
"France","1994","6.5845513","49172.934","17.056"
"France","1995","6.6496673","50173.398","15.360"
"France","1996","6.909002","51854.156","13.448"
"France","1997","6.76169","50958.531","13.263"
"France","1998","7.049427","51909.617","12.767"
"France","1999","6.9912124","52580.840","14.466"
"France","2000","6.849684","52966.594","12.712"
"France","2001","6.8707247","53298.859","13.996"
"France","2002","6.746978","52433.270","11.354"
"France","2003","6.799168","52657.883","10.978"
"France","2004","6.7686367","52754.129","11.005"
"France","2005","6.756068","52097.117","9.648"
"France","2006","6.5539103","51332.477","10.724"
"France","2007","6.3502436","50095.922","11.437"
"France","2008","6.2088747","49932.984","12.749"
"France","2009","5.8853593","46864.531","12.878"
"France","2010","5.945996","48006.328","13.624"
"France","2011","5.572035","45914.770","11.636"
"France","2012","5.59021","45681.148","15.033"
"France","2013","5.591334","45921.207","17.247"
"France","2014","5.067184","43808.914","16.608"
"France","2015","5.116293","43929.527","16.002"
"France","2016","5.1545954","43053.949","17.721"
"France","2017","5.182955","42633.387","16.658"
"France","2018","4.93138","43334.203","19.732"
"France","2019","4.812466","42326.785","20.012"
"France","2020","4.271517","38063.406","23.761"
"France","2021","4.649748","40464.465","22.232"
"France","2022","4.4555726","36051.793","24.542"
"French Guiana","2000","","13692.394","0.000"
"French Guiana","2001","","24055.818","91.379"
"French Guiana","2002","","21448.084","90.164"
"French Guiana","2003","","23991.318","90.476"
"French Guiana","2004","","23038.805","90.769"
"French Guiana","2005","","22194.945","91.176"
"French Guiana","2006","","20146.705","90.141"
"French Guiana","2007","","21347.045","73.333"
"French Guiana","2008","","21257.764","75.000"
"French Guiana","2009","","24371.533","68.932"
"French Guiana","2010","","22791.225","67.568"
"French Guiana","2011","","22895.383","66.038"
"French Polynesia","2000","2.850757","14203.022","30.769"
"French Polynesia","2001","3.1520603","15333.027","21.277"
"French Polynesia","2002","3.2531428","16036.279","25.000"
"French Polynesia","2003","3.3196583","17084.979","26.316"
"French Polynesia","2004","3.296214","16731.654","29.508"
"French Polynesia","2005","3.2049077","17172.723","30.000"
"French Polynesia","2006","3.187491","16746.740","31.746"
"French Polynesia","2007","3.2177987","17536.959","33.333"
"French Polynesia","2008","3.2354708","17700.125","30.882"
"French Polynesia","2009","3.1950247","17486.457","30.000"
"French Polynesia","2010","3.412277","18082.105","43.548"
"French Polynesia","2011","3.2495897","16923.406","35.385"
"French Polynesia","2012","3.206597","16239.225","32.812"
"French Polynesia","2013","3.2140818","15941.214","28.814"
"French Polynesia","2014","3.075527","15747.379","34.483"
"French Polynesia","2015","3.0458944","16278.416","34.483"
"French Polynesia","2016","3.1104233","16079.959","36.207"
"French Polynesia","2017","3.1264138","15560.707","36.667"
"French Polynesia","2018","3.1425579","15735.306","34.483"
"French Polynesia","2019","3.1907682","15742.186","32.353"
"French Polynesia","2020","2.9787765","14898.559","33.333"
"French Polynesia","2021","3.1034424","15242.301","32.857"
"Gabon","2000","4.804243","9016.453","62.500"
"Gabon","2001","4.948112","9478.856","64.444"
"Gabon","2002","4.6465807","9233.193","64.085"
"Gabon","2003","4.8801312","8742.188","60.959"
"Gabon","2004","4.4922967","8665.520","59.459"
"Gabon","2005","4.252182","9015.141","52.980"
"Gabon","2006","3.6745975","8974.716","58.385"
"Gabon","2007","3.2370512","8646.734","47.024"
"Gabon","2008","3.3467827","8547.841","49.718"
"Gabon","2009","3.192437","8182.456","51.934"
"Gabon","2010","3.2143426","9214.650","48.128"
"Gabon","2011","3.0566165","9102.298","42.347"
"Gabon","2012","2.7160041","11006.094","43.269"
"Gabon","2013","2.7131112","10740.267","46.040"
"Gabon","2014","2.8626618","10845.483","41.146"
"Gabon","2015","2.8280737","10108.493","45.366"
"Gabon","2016","2.672476","9740.699","42.857"
"Gabon","2017","2.5501933","10052.396","42.922"
"Gabon","2018","2.5147185","8795.324","41.935"
"Gabon","2019","2.4726572","7427.662","44.690"
"Gabon","2020","2.4266992","8367.068","45.909"
"Gabon","2021","2.333091","8009.644","44.541"
"Gambia","2000","0.18885365","880.397","0.000"
"Gambia","2001","0.20096546","931.849","0.000"
"Gambia","2002","0.19564238","901.834","0.000"
"Gambia","2003","0.19044395","876.481","0.000"
"Gambia","2004","0.19661151","898.560","0.000"
"Gambia","2005","0.19121854","881.663","0.000"
"Gambia","2006","0.20292838","929.518","0.000"
"Gambia","2007","0.19712557","934.913","0.000"
"Gambia","2008","0.19954023","941.517","0.000"
"Gambia","2009","0.19970204","980.541","0.000"
"Gambia","2010","0.22440796","1036.858","0.000"
"Gambia","2011","0.22348389","1056.741","0.000"
"Gambia","2012","0.22058277","998.797","0.000"
"Gambia","2013","0.203766","964.192","0.000"
"Gambia","2014","0.23359843","1034.743","0.000"
"Gambia","2015","0.26188722","1028.859","0.000"
"Gambia","2016","0.25830215","1008.469","0.000"
"Gambia","2017","0.2549886","998.230","0.000"
"Gambia","2018","0.27026132","978.746","0.000"
"Gambia","2019","0.2893204","972.668","0.000"
"Gambia","2020","0.27817774","905.346","0.000"
"Gambia","2021","0.2816257","931.273","0.000"
"Georgia","2000","1.0390624","9423.704","79.780"
"Georgia","2001","0.884378","8959.572","80.735"
"Georgia","2002","0.81072295","10776.443","93.575"
"Georgia","2003","0.9131137","9694.849","91.501"
"Georgia","2004","1.0547115","10085.432","87.959"
"Georgia","2005","1.2531954","11553.322","86.415"
"Georgia","2006","1.5695319","10517.187","73.980"
"Georgia","2007","1.665823","13246.120","82.619"
"Georgia","2008","1.4581112","13342.630","85.422"
"Georgia","2009","1.5745497","13652.776","87.173"
"Georgia","2010","1.6144768","14789.647","92.886"
"Georgia","2011","2.0198402","13820.907","78.257"
"Georgia","2012","2.1602435","14376.836","75.502"
"Georgia","2013","2.1075783","16267.887","82.979"
"Georgia","2014","2.3881645","17044.346","81.201"
"Georgia","2015","2.5822062","18088.293","78.888"
"Georgia","2016","2.6484108","19119.283","81.498"
"Georgia","2017","2.652296","19005.781","81.432"
"Georgia","2018","2.6057036","19383.402","83.305"
"Georgia","2019","2.770044","19659.346","76.983"
"Georgia","2020","2.7341554","18696.850","74.731"
"Georgia","2021","2.8375084","20834.768","81.171"
"Georgia","2022","3.1622012","","76.194"
"Germany","1986","13.439202","54685.000","3.852"
"Germany","1987","13.223626","54951.070","4.093"
"Germany","1988","13.123539","54866.223","3.954"
"Germany","1989","12.765508","53983.547","3.576"
"Germany","1990","13.233256","52823.883","3.493"
"Germany","1991","12.663626","51259.910","3.169"
"Germany","1992","11.978324","49988.609","3.697"
"Germany","1993","11.773517","49538.949","3.927"
"Germany","1994","11.534621","48888.086","4.463"
"Germany","1995","11.459825","48996.980","4.867"
"Germany","1996","11.666093","50501.871","4.821"
"Germany","1997","11.306132","49771.383","4.208"
"Germany","1998","11.26054","49305.879","4.510"
"Germany","1999","10.9630375","48598.668","5.198"
"Germany","2000","10.990293","48903.699","6.198"
"Germany","2001","11.1706505","49841.387","6.513"
"Germany","2002","10.952268","49257.789","7.643"
"Germany","2003","10.893722","49300.902","7.746"
"Germany","2004","10.677804","49342.406","9.499"
"Germany","2005","10.57788","48793.566","10.336"
"Germany","2006","10.849607","50043.031","11.513"
"Germany","2007","10.407971","47958.129","14.135"
"Germany","2008","10.561389","48445.984","14.889"
"Germany","2009","9.760688","45436.277","16.290"
"Germany","2010","10.22758","47305.820","16.838"
"Germany","2011","9.95007","45571.504","20.497"
"Germany","2012","10.060916","46132.672","23.056"
"Germany","2013","10.263195","47361.547","24.137"
"Germany","2014","9.739761","45327.562","26.218"
"Germany","2015","9.756902","46066.887","29.472"
"Germany","2016","9.642186","46675.777","29.499"
"Germany","2017","9.441122","47112.898","33.486"
"Germany","2018","9.101415","45781.406","35.098"
"Germany","2019","8.480803","44467.746","40.089"
"Germany","2020","7.738692","41377.680","44.332"
"Germany","2021","8.100614","42555.059","39.701"
"Germany","2022","7.942359","40977.492","42.947"
"Ghana","2000","0.27054933","2116.770","91.865"
"Ghana","2001","0.29596046","2073.118","84.735"
"Ghana","2002","0.31275645","1846.188","70.464"
"Ghana","2003","0.3138782","1645.281","67.539"
"Ghana","2004","0.29497623","1892.369","89.116"
"Ghana","2005","0.2723039","1893.717","83.533"
"Ghana","2006","0.36991856","1794.277","67.883"
"Ghana","2007","0.37990725","1649.767","54.801"
"Ghana","2008","0.34327182","1899.828","75.430"
"Ghana","2009","0.27622372","2130.448","77.677"
"Ghana","2010","0.35103095","2141.837","69.990"
"Ghana","2011","0.39580444","2627.783","68.710"
"Ghana","2012","0.47282326","2631.042","68.345"
"Ghana","2013","0.46045056","2698.538","65.204"
"Ghana","2014","0.4727469","2673.128","65.875"
"Ghana","2015","0.50766945","2847.021","52.014"
"Ghana","2016","0.4739508","2814.998","48.772"
"Ghana","2017","0.41446012","2757.957","44.159"
"Ghana","2018","0.49578497","3112.291","42.241"
"Ghana","2019","0.52513593","3135.595","43.859"
"Ghana","2020","0.60098386","3484.157","36.535"
"Ghana","2021","0.6321311","3483.363","34.878"
"Greece","1990","8.133435","27888.309","5.089"
"Greece","1991","8.092473","28049.930","8.674"
"Greece","1992","8.202206","28307.635","5.938"
"Greece","1993","8.094237","28450.086","6.111"
"Greece","1994","8.257865","28705.861","6.536"
"Greece","1995","8.266988","29529.844","8.620"
"Greece","1996","8.430785","30063.527","10.349"
"Greece","1997","8.830563","30715.895","9.055"
"Greece","1998","9.238181","32430.525","8.205"
"Greece","1999","9.128898","32263.900","9.617"
"Greece","2000","9.549867","33796.730","7.750"
"Greece","2001","9.716853","33961.258","5.539"
"Greece","2002","9.641644","33917.586","6.636"
"Greece","2003","9.989182","35850.453","10.173"
"Greece","2004","10.0010195","35828.086","10.051"
"Greece","2005","10.371121","35956.984","10.786"
"Greece","2006","10.205","37034.242","12.747"
"Greece","2007","10.370105","37808.297","7.319"
"Greece","2008","10.028104","37168.062","9.139"
"Greece","2009","9.391326","35855.250","13.362"
"Greece","2010","8.751197","34298.055","18.351"
"Greece","2011","8.507211","33738.633","13.769"
"Greece","2012","8.272102","31860.057","16.675"
"Greece","2013","7.4504676","30079.553","25.140"
"Greece","2014","7.218808","28344.934","24.191"
"Greece","2015","6.924253","28845.504","28.651"
"Greece","2016","6.6223903","28556.062","27.366"
"Greece","2017","6.959737","30131.885","25.009"
"Greece","2018","6.6889496","30475.123","30.310"
"Greece","2019","6.132932","29966.309","33.141"
"Greece","2020","5.1944113","26343.523","36.441"
"Greece","2021","5.4376464","28961.367","40.494"
"Greece","2022","5.532692","30410.344","43.307"
"Greenland","2000","11.866045","52953.500","40.476"
"Greenland","2001","10.947549","49252.449","41.026"
"Greenland","2002","10.233693","47520.086","47.368"
"Greenland","2003","11.435216","51946.254","54.545"
"Greenland","2004","10.937041","49968.973","57.576"
"Greenland","2005","11.00072","60154.367","57.143"
"Greenland","2006","11.312631","55261.266","51.282"
"Greenland","2007","11.181738","62545.469","52.632"
"Greenland","2008","11.530847","55727.660","50.000"
"Greenland","2009","10.207438","61194.820","61.905"
"Greenland","2010","11.666225","77434.969","70.732"
"Greenland","2011","12.40216","76637.781","73.913"
"Greenland","2012","9.631143","64041.523","77.273"
"Greenland","2013","9.94481","64544.352","82.222"
"Greenland","2014","8.942201","60480.352","82.979"
"Greenland","2015","9.770197","64502.316","82.353"
"Greenland","2016","9.079561","63640.645","83.333"
"Greenland","2017","9.55366","63297.488","82.609"
"Greenland","2018","9.335829","64539.719","80.392"
"Greenland","2019","9.376927","62941.348","80.000"
"Greenland","2020","9.794296","63375.285","84.746"
"Greenland","2021","9.74501","63520.266","83.333"
"Grenada","2000","1.7388197","8030.945","0.000"
"Grenada","2001","1.7981074","8319.619","0.000"
"Grenada","2002","1.8588005","8525.037","0.000"
"Grenada","2003","1.9515313","8976.218","0.000"
"Grenada","2004","1.8766028","8654.664","0.000"
"Grenada","2005","1.9698206","9039.732","0.000"
"Grenada","2006","2.0291061","9290.929","0.000"
"Grenada","2007","2.1546702","9798.676","0.000"
"Grenada","2008","2.3455203","10349.056","0.000"
"Grenada","2009","2.2392466","9980.479","0.000"
"Grenada","2010","2.298208","10297.715","0.000"
"Grenada","2011","2.2227259","10196.201","0.000"
"Grenada","2012","2.371374","10296.617","0.000"
"Grenada","2013","2.6471422","11516.319","0.000"
"Grenada","2014","2.1185129","9650.670","0.000"
"Grenada","2015","2.2682164","9958.878","0.000"
"Grenada","2016","2.3865147","10175.044","0.000"
"Grenada","2017","2.5389786","10974.274","0.000"
"Grenada","2018","2.660052","10724.042","0.000"
"Grenada","2019","2.8744688","10655.754","0.000"
"Grenada","2020","2.4877398","8918.377","0.000"
"Grenada","2021","2.6688147","9432.062","0.000"
"Guadeloupe","2000","","20568.102","34.646"
"Guadeloupe","2001","","21598.848","34.921"
"Guadeloupe","2002","","22400.535","35.246"
"Guadeloupe","2003","","23487.152","39.695"
"Guadeloupe","2004","","23340.301","38.462"
"Guadeloupe","2005","","23387.596","38.217"
"Guadeloupe","2006","","24304.947","38.415"
"Guadeloupe","2007","","25231.457","38.012"
"Guadeloupe","2008","","23487.783","37.870"
"Guadeloupe","2009","","23222.686","38.095"
"Guadeloupe","2010","","24672.211","38.690"
"Guadeloupe","2011","","26967.006","31.176"
"Guam","2000","","87275.984","0.000"
"Guam","2001","","119841.039","0.000"
"Guam","2002","","82767.820","0.000"
"Guam","2003","","69718.664","0.000"
"Guam","2004","","80743.289","0.000"
"Guam","2005","","94305.461","0.000"
"Guam","2006","","99310.289","0.000"
"Guam","2007","","71704.367","0.000"
"Guam","2008","","45162.445","0.000"
"Guam","2009","","71809.609","0.000"
"Guam","2010","","63885.816","0.000"
"Guam","2011","","56198.336","0.000"
"Guam","2012","","59909.613","0.000"
"Guam","2013","","50317.520","0.000"
"Guam","2014","","48555.641","0.000"
"Guam","2015","","51455.406","1.818"
"Guam","2016","","48375.195","4.046"
"Guam","2017","","44338.289","3.409"
"Guam","2018","","44438.316","4.046"
"Guam","2019","","44431.332","3.955"
"Guam","2020","","42094.266","4.118"
"Guam","2021","","44185.305","4.396"
"Guatemala","2000","0.8328197","4058.544","52.902"
"Guatemala","2001","0.8477825","4133.946","51.458"
"Guatemala","2002","0.87316126","4082.936","45.440"
"Guatemala","2003","0.831194","4382.797","46.405"
"Guatemala","2004","0.8632435","4045.296","48.813"
"Guatemala","2005","0.9198268","4087.143","48.072"
"Guatemala","2006","0.9108661","4242.915","55.609"
"Guatemala","2007","0.8875601","4454.024","50.776"
"Guatemala","2008","0.7703355","4052.934","59.834"
"Guatemala","2009","0.82477576","4154.522","52.693"
"Guatemala","2010","0.74600375","4004.347","62.954"
"Guatemala","2011","0.7422373","4004.556","63.527"
"Guatemala","2012","0.7519584","4204.253","63.734"
"Guatemala","2013","0.81193084","4409.617","63.952"
"Guatemala","2014","0.8560798","4562.104","64.172"
"Guatemala","2015","0.9672817","5002.620","58.705"
"Guatemala","2016","1.0156711","5357.698","59.468"
"Guatemala","2017","1.0256746","5708.092","69.085"
"Guatemala","2018","1.088612","5774.417","64.023"
"Guatemala","2019","1.1259985","5851.735","60.101"
"Guatemala","2020","0.98845255","5734.478","67.139"
"Guatemala","2021","1.1355486","5712.118","65.512"
"Guinea","2000","0.17127107","933.223","54.667"
"Guinea","2001","0.17762326","1009.310","58.511"
"Guinea","2002","0.18205798","1035.372","59.596"
"Guinea","2003","0.18628149","983.643","45.977"
"Guinea","2004","0.19001792","1041.267","58.511"
"Guinea","2005","0.19299136","1031.740","55.682"
"Guinea","2006","0.19559601","1027.691","54.118"
"Guinea","2007","0.1994627","1066.262","56.383"
"Guinea","2008","0.19839679","1051.052","54.167"
"Guinea","2009","0.20625383","1076.703","54.167"
"Guinea","2010","0.23648737","1202.378","52.174"
"Guinea","2011","0.23998472","1194.914","48.235"
"Guinea","2012","0.21907014","1131.156","69.014"
"Guinea","2013","0.18562467","982.067","75.000"
"Guinea","2014","0.20662637","990.091","60.870"
"Guinea","2015","0.20858188","1171.232","78.947"
"Guinea","2016","0.22362354","1285.750","68.323"
"Guinea","2017","0.3913775","1261.208","69.492"
"Guinea","2018","0.29675895","1122.100","51.007"
"Guinea","2019","0.31487304","1201.790","63.592"
"Guinea","2020","0.331328","1356.659","77.812"
"Guinea","2021","0.29667225","1281.525","72.662"
"Guinea-Bissau","2000","0.041543733","809.855","0.000"
"Guinea-Bissau","2001","0.03776478","807.337","0.000"
"Guinea-Bissau","2002","0.04831085","806.625","0.000"
"Guinea-Bissau","2003","0.055565286","916.409","0.000"
"Guinea-Bissau","2004","0.03257929","926.119","0.000"
"Guinea-Bissau","2005","0.06630042","915.815","0.000"
"Guinea-Bissau","2006","0.082842335","913.918","0.000"
"Guinea-Bissau","2007","0.058079008","946.612","0.000"
"Guinea-Bissau","2008","0.07879257","898.468","0.000"
"Guinea-Bissau","2009","0.064812","907.230","0.000"
"Guinea-Bissau","2010","0.06549741","907.236","0.000"
"Guinea-Bissau","2011","0.06835464","896.623","0.000"
"Guinea-Bissau","2012","0.06877939","890.101","0.000"
"Guinea-Bissau","2013","0.08425571","886.973","0.000"
"Guinea-Bissau","2014","0.08207103","907.578","0.000"
"Guinea-Bissau","2015","0.08614126","914.877","0.000"
"Guinea-Bissau","2016","0.092005126","928.796","0.000"
"Guinea-Bissau","2017","0.09759871","733.632","0.000"
"Guinea-Bissau","2018","0.102933824","719.810","0.000"
"Guinea-Bissau","2019","0.13034482","703.127","0.000"
"Guinea-Bissau","2020","0.15469445","656.343","0.000"
"Guinea-Bissau","2021","0.1655067","677.328","0.000"
"Guyana","2000","2.2851017","9131.178","6.818"
"Guyana","2001","2.2765682","8915.736","6.593"
"Guyana","2002","2.24065","9012.365","6.593"
"Guyana","2003","2.4487262","9282.544","6.098"
"Guyana","2004","2.5278113","9064.288","6.977"
"Guyana","2005","2.123508","8189.165","7.692"
"Guyana","2006","1.9889536","7341.676","7.463"
"Guyana","2007","2.3527086","9106.513","7.143"
"Guyana","2008","2.25779","8685.301","7.042"
"Guyana","2009","2.5332901","8978.938","15.278"
"Guyana","2010","2.5135448","9713.229","15.116"
"Guyana","2011","2.62219","10153.407","15.385"
"Guyana","2012","2.6217158","11516.412","14.737"
"Guyana","2013","2.5354204","11227.718","14.141"
"Guyana","2014","2.6184232","11144.220","15.000"
"Guyana","2015","2.5882287","11248.948","15.385"
"Guyana","2016","2.893261","12634.438","13.636"
"Guyana","2017","2.8082547","12459.088","13.158"
"Guyana","2018","2.9300408","12371.177","13.793"
"Guyana","2019","3.2751155","14184.612","13.115"
"Guyana","2020","3.8394089","13816.492","12.931"
"Guyana","2021","3.596365","13690.034","11.382"
"Haiti","2000","0.1968101","836.080","52.830"
"Haiti","2001","0.1734194","893.391","49.123"
"Haiti","2002","0.20652866","961.624","49.057"
"Haiti","2003","0.19316219","874.446","49.020"
"Haiti","2004","0.18439661","990.221","49.057"
"Haiti","2005","0.18924116","1015.820","49.057"
"Haiti","2006","0.18941464","1022.490","49.091"
"Haiti","2007","0.18845646","1084.662","33.333"
"Haiti","2008","0.18400474","1075.174","38.298"
"Haiti","2009","0.19412234","1005.778","29.412"
"Haiti","2010","0.21721616","922.152","30.357"
"Haiti","2011","0.22911558","958.598","18.462"
"Haiti","2012","0.22465797","1037.840","20.952"
"Haiti","2013","0.26444125","1075.777","14.000"
"Haiti","2014","0.26013404","1142.445","9.184"
"Haiti","2015","0.25224766","1284.612","8.163"
"Haiti","2016","0.27895868","1314.938","6.863"
"Haiti","2017","0.28966093","1287.264","13.000"
"Haiti","2018","0.31023884","1325.532","20.000"
"Haiti","2019","0.28084463","1184.346","16.667"
"Haiti","2020","0.2904154","977.081","11.957"
"Haiti","2021","0.3083372","1030.881","13.131"
"Honduras","2000","0.7649248","3657.385","63.277"
"Honduras","2001","0.83825123","3886.625","50.400"
"Honduras","2002","0.8568089","3824.135","41.476"
"Honduras","2003","0.93925804","4087.409","41.609"
"Honduras","2004","0.9856358","4235.931","33.047"
"Honduras","2005","0.9139511","4243.708","35.556"
"Honduras","2006","1.0054038","3989.089","39.373"
"Honduras","2007","1.0487074","4827.849","40.331"
"Honduras","2008","1.0649376","4677.777","40.924"
"Honduras","2009","0.9805253","4338.667","48.119"
"Honduras","2010","0.9689999","4439.492","51.227"
"Honduras","2011","1.0370072","4406.682","48.571"
"Honduras","2012","1.0451261","4707.272","47.397"
"Honduras","2013","1.0493833","4629.147","46.244"
"Honduras","2014","1.0485588","4979.008","43.130"
"Honduras","2015","1.1797605","5439.805","45.580"
"Honduras","2016","1.0559229","5242.269","50.105"
"Honduras","2017","1.0635973","5456.188","56.354"
"Honduras","2018","1.0113649","5896.753","61.655"
"Honduras","2019","1.1024681","5640.568","51.529"
"Honduras","2020","0.9858834","5048.450","51.724"
"Honduras","2021","1.0748178","5086.934","51.963"
"Hong Kong","1990","4.882152","23868.459","0.000"
"Hong Kong","1991","5.0573225","24375.887","0.000"
"Hong Kong","1992","5.716088","28285.232","0.000"
"Hong Kong","1993","5.8920474","30461.104","0.000"
"Hong Kong","1994","5.1436543","27249.283","0.000"
"Hong Kong","1995","5.062341","28937.334","0.000"
"Hong Kong","1996","4.586858","28513.863","0.000"
"Hong Kong","1997","4.752771","28363.010","0.000"
"Hong Kong","1998","5.968871","28449.789","0.000"
"Hong Kong","1999","6.4307203","28398.510","0.000"
"Hong Kong","2000","5.931011","29337.334","0.000"
"Hong Kong","2001","5.504457","36671.148","0.000"
"Hong Kong","2002","5.717772","35543.574","0.000"
"Hong Kong","2003","6.2303214","36507.191","0.000"
"Hong Kong","2004","5.975141","40706.633","0.000"
"Hong Kong","2005","6.2725916","38935.480","0.000"
"Hong Kong","2006","6.0473623","41052.852","0.000"
"Hong Kong","2007","6.2502203","43421.625","0.000"
"Hong Kong","2008","6.0954485","40117.203","0.000"
"Hong Kong","2009","5.8862305","43534.281","0.000"
"Hong Kong","2010","5.6413803","45030.289","0.000"
"Hong Kong","2011","6.0408654","45897.434","0.000"
"Hong Kong","2012","5.935016","43749.898","0.000"
"Hong Kong","2013","6.099736","44547.461","0.000"
"Hong Kong","2014","6.215143","43148.523","0.000"
"Hong Kong","2015","5.756334","44121.883","0.000"
"Hong Kong","2016","5.8539157","45066.922","0.139"
"Hong Kong","2017","5.6993694","48179.898","0.430"
"Hong Kong","2018","5.7015047","48609.641","0.436"
"Hong Kong","2019","5.596796","45990.859","0.547"
"Hong Kong","2020","4.4742217","34418.750","0.543"
"Hong Kong","2021","4.4941583","32466.973","0.511"
"Hong Kong","2022","4.120568","29152.305","0.393"
"Hungary","1990","7.0730515","31154.180","0.703"
"Hungary","1991","6.728052","29099.613","0.701"
"Hungary","1992","6.0050035","27931.543","0.663"
"Hungary","1993","6.0820847","26921.881","0.638"
"Hungary","1994","5.9845986","27419.527","0.626"
"Hungary","1995","5.9542155","27771.453","0.647"
"Hungary","1996","6.1232386","28350.887","0.741"
"Hungary","1997","6.000424","27726.135","0.763"
"Hungary","1998","5.9751363","28211.484","0.591"
"Hungary","1999","6.0250854","28282.535","0.634"
"Hungary","2000","5.7155046","27524.092","0.682"
"Hungary","2001","5.884682","28261.502","0.714"
"Hungary","2002","5.8038373","27680.426","0.636"
"Hungary","2003","6.094711","28106.879","0.967"
"Hungary","2004","5.94747","28622.199","2.788"
"Hungary","2005","5.9749513","30582.840","5.231"
"Hungary","2006","5.923272","30034.668","4.156"
"Hungary","2007","5.8250046","29686.330","4.705"
"Hungary","2008","5.7089357","29320.721","5.872"
"Hungary","2009","5.1450424","27245.459","8.048"
"Hungary","2010","5.2101464","27819.338","8.081"
"Hungary","2011","5.04249","27072.971","7.524"
"Hungary","2012","4.7113004","25308.668","7.626"
"Hungary","2013","4.397312","24057.617","9.190"
"Hungary","2014","4.424574","24145.828","10.767"
"Hungary","2015","4.732789","25501.146","10.631"
"Hungary","2016","4.794759","26030.773","10.217"
"Hungary","2017","5.050634","27509.971","10.600"
"Hungary","2018","5.0505667","27740.646","11.807"
"Hungary","2019","5.0314445","28131.205","13.747"
"Hungary","2020","4.831583","27724.254","15.871"
"Hungary","2021","4.9780636","29247.697","19.216"
"Hungary","2022","4.674298","26660.490","21.199"
"Iceland","1990","8.719046","85042.648","99.778"
"Iceland","1991","8.157205","82124.383","99.777"
"Iceland","1992","8.61522","83950.500","99.780"
"Iceland","1993","9.099711","86327.312","100.000"
"Iceland","1994","8.829784","86541.711","100.000"
"Iceland","1995","9.22916","88842.273","99.799"
"Iceland","1996","9.380348","93512.523","100.000"
"Iceland","1997","9.655014","97298.727","100.000"
"Iceland","1998","9.624513","104159.297","100.000"
"Iceland","1999","10.239481","112739.609","100.000"
"Iceland","2000","10.42593","118057.812","100.000"
"Iceland","2001","10.050558","117792.883","100.000"
"Iceland","2002","10.402995","121304.664","99.880"
"Iceland","2003","10.30826","121068.531","99.882"
"Iceland","2004","10.634728","122384.422","99.883"
"Iceland","2005","10.02641","120874.469","99.884"
"Iceland","2006","10.380252","129510.242","99.899"
"Iceland","2007","11.21189","144361.562","100.000"
"Iceland","2008","12.003968","177673.469","100.000"
"Iceland","2009","11.708181","176767.391","100.000"
"Iceland","2010","11.398676","177121.828","100.000"
"Iceland","2011","10.977909","176561.359","100.000"
"Iceland","2012","10.90585","177259.344","100.000"
"Iceland","2013","10.771516","181204.219","100.000"
"Iceland","2014","10.519396","178940.125","100.000"
"Iceland","2015","10.699156","184878.391","100.000"
"Iceland","2016","10.411099","183038.078","100.000"
"Iceland","2017","10.511092","186955.547","100.000"
"Iceland","2018","10.387562","188294.000","100.000"
"Iceland","2019","9.849048","175527.734","100.000"
"Iceland","2020","9.107118","155754.594","100.000"
"Iceland","2021","9.367136","156923.656","100.000"
"Iceland","2022","9.458432","165870.875","99.986"
"India","1985","0.51459557","2030.476","27.799"
"India","1986","0.5391722","2125.122","25.937"
"India","1987","0.562909","2210.148","21.891"
"India","1988","0.59431225","2353.642","22.633"
"India","1989","0.63905036","2515.706","23.260"
"India","1990","0.668214","2643.110","23.097"
"India","1991","0.69619745","2730.958","23.132"
"India","1992","0.72586346","2812.742","20.842"
"India","1993","0.7344633","2824.250","19.626"
"India","1994","0.7586807","2916.780","20.822"
"India","1995","0.7919185","3072.884","18.022"
"India","1996","0.8406862","3134.029","15.952"
"India","1997","0.8587196","3244.433","15.387"
"India","1998","0.8597363","3377.110","17.029"
"India","1999","0.92580426","3411.330","15.600"
"India","2000","0.9330219","3518.682","14.048"
"India","2001","0.92884284","3469.836","13.000"
"India","2002","0.94091654","3519.717","11.938"
"India","2003","0.95665747","3583.340","11.695"
"India","2004","0.9987847","3826.205","15.638"
"India","2005","1.0352627","3987.057","15.254"
"India","2006","1.1026897","4136.667","17.135"
"India","2007","1.1703311","4423.929","17.802"
"India","2008","1.2338176","4616.339","16.768"
"India","2009","1.3164382","4892.379","15.270"
"India","2010","1.3498628","5033.775","15.212"
"India","2011","1.3999841","5236.977","16.791"
"India","2012","1.5070187","5447.341","15.135"
"India","2013","1.5398146","5555.548","16.394"
"India","2014","1.6368889","5857.284","16.009"
"India","2015","1.6805544","5988.833","15.372"
"India","2016","1.7504745","6184.250","14.855"
"India","2017","1.7840685","6346.354","15.967"
"India","2018","1.8879061","6633.665","16.695"
"India","2019","1.8798543","6731.805","18.692"
"India","2020","1.7272933","6317.096","20.206"
"India","2021","1.8920738","6809.620","19.384"
"India","2022","1.9861692","7143.406","20.476"
"Indonesia","1985","0.7288092","2490.985","16.901"
"Indonesia","1986","0.7175488","2607.531","24.191"
"Indonesia","1987","0.713572","2699.753","22.118"
"Indonesia","1988","0.75004494","2796.916","20.291"
"Indonesia","1989","0.73021567","3044.827","22.045"
"Indonesia","1990","0.84463084","3294.792","23.010"
"Indonesia","1991","0.9356241","3522.519","22.205"
"Indonesia","1992","1.0486954","3801.794","26.639"
"Indonesia","1993","1.1120389","3983.798","25.142"
"Indonesia","1994","1.1150004","4102.256","20.873"
"Indonesia","1995","1.1117487","4392.264","19.412"
"Indonesia","1996","1.2443422","4633.902","18.970"
"Indonesia","1997","1.3542215","4948.957","12.157"
"Indonesia","1998","1.1643667","4789.716","17.798"
"Indonesia","1999","1.3697853","5151.666","17.054"
"Indonesia","2000","1.3007095","5435.436","19.994"
"Indonesia","2001","1.4457434","5740.435","20.904"
"Indonesia","2002","1.387741","5815.386","18.579"
"Indonesia","2003","1.5064515","6224.941","16.884"
"Indonesia","2004","1.5035917","6087.679","16.807"
"Indonesia","2005","1.5045645","6186.437","17.053"
"Indonesia","2006","1.4805014","6211.292","15.350"
"Indonesia","2007","1.634917","6579.230","16.369"
"Indonesia","2008","1.5214325","6569.101","16.897"
"Indonesia","2009","1.6389457","6662.824","16.452"
"Indonesia","2010","1.8082032","7121.819","19.509"
"Indonesia","2011","2.0060833","7429.862","15.875"
"Indonesia","2012","2.041047","7574.457","14.889"
"Indonesia","2013","1.9285924","7225.183","15.767"
"Indonesia","2014","1.9238018","7235.558","14.487"
"Indonesia","2015","2.1052775","7266.895","13.795"
"Indonesia","2016","2.0707185","7212.070","15.368"
"Indonesia","2017","2.1355352","7388.523","16.241"
"Indonesia","2018","2.249951","8026.891","17.048"
"Indonesia","2019","2.440643","8474.479","16.261"
"Indonesia","2020","2.268087","7771.042","18.131"
"Indonesia","2021","2.2870014","7871.843","18.173"
"Indonesia","2022","2.7185707","9854.455","19.617"
"Iran","1990","3.6155233","14540.782","12.802"
"Iran","1991","3.7181766","15178.739","8.926"
"Iran","1992","3.7295725","16395.330","13.701"
"Iran","1993","3.85959","15073.914","14.103"
"Iran","1994","4.304606","16816.410","8.513"
"Iran","1995","4.354519","17401.883","9.867"
"Iran","1996","4.3990874","18683.662","9.822"
"Iran","1997","4.231056","18984.059","6.126"
"Iran","1998","4.7371707","19468.623","7.314"
"Iran","1999","5.7215986","20652.555","4.704"
"Iran","2000","5.5287676","21307.211","3.201"
"Iran","2001","5.78059","22379.375","3.253"
"Iran","2002","5.8377256","24156.205","5.816"
"Iran","2003","5.9760165","24372.035","6.344"
"Iran","2004","6.2929487","26526.404","7.361"
"Iran","2005","6.498752","27646.453","8.200"
"Iran","2006","6.826492","29747.424","9.637"
"Iran","2007","6.806341","31167.166","8.911"
"Iran","2008","6.999057","31688.732","3.630"
"Iran","2009","7.1072636","32012.967","3.133"
"Iran","2010","7.252517","32127.781","4.425"
"Iran","2011","7.3531413","33133.559","4.631"
"Iran","2012","7.5503836","33081.695","5.146"
"Iran","2013","7.5856357","33749.086","5.741"
"Iran","2014","7.9044347","34474.914","5.351"
"Iran","2015","7.770076","33567.574","4.785"
"Iran","2016","7.6919622","34556.773","5.452"
"Iran","2017","8.190451","35336.230","5.787"
"Iran","2018","7.7164273","36060.898","3.467"
"Iran","2019","8.354448","37636.082","11.010"
"Iran","2020","8.49939","38705.871","7.408"
"Iran","2021","8.812627","38225.703","4.664"
"Iran","2022","8.569505","38133.086","4.965"
"Iraq","1990","2.8259327","13462.373","16.390"
"Iraq","1991","2.561187","8406.837","16.058"
"Iraq","1992","3.2249866","12949.507","23.818"
"Iraq","1993","3.294748","16394.721","22.746"
"Iraq","1994","3.8020515","17684.621","23.432"
"Iraq","1995","3.8337562","17028.674","26.869"
"Iraq","1996","3.4799242","16503.838","24.977"
"Iraq","1997","3.4403985","18957.375","24.756"
"Iraq","1998","3.5388265","13784.206","23.174"
"Iraq","1999","3.4868164","9625.282","14.397"
"Iraq","2000","3.4278352","13100.986","2.032"
"Iraq","2001","3.8416781","14176.429","2.010"
"Iraq","2002","3.733308","13048.608","1.601"
"Iraq","2003","3.7841146","11233.329","1.613"
"Iraq","2004","4.0980616","11703.380","1.613"
"Iraq","2005","4.022954","10743.436","20.568"
"Iraq","2006","3.4538834","10367.605","18.810"
"Iraq","2007","2.1612523","10543.257","18.015"
"Iraq","2008","3.2561963","11838.880","9.914"
"Iraq","2009","3.5002573","11209.113","7.415"
"Iraq","2010","3.671512","12167.795","10.214"
"Iraq","2011","3.8408003","12087.509","6.609"
"Iraq","2012","3.9827716","12609.800","10.005"
"Iraq","2013","4.016338","13361.737","8.622"
"Iraq","2014","3.7623115","12829.746","4.632"
"Iraq","2015","3.7946744","12457.778","3.985"
"Iraq","2016","3.9805984","13748.048","4.506"
"Iraq","2017","4.257336","15090.169","2.686"
"Iraq","2018","4.62321","14896.870","2.623"
"Iraq","2019","4.655681","15430.376","5.987"
"Iraq","2020","4.086228","12996.267","5.777"
"Iraq","2021","4.483625","13267.278","5.429"
"Iraq","2022","4.9385333","14392.053","3.169"
"Ireland","1990","9.3754015","33823.188","4.919"
"Ireland","1991","9.5282135","34941.062","5.023"
"Ireland","1992","9.413212","34865.602","5.196"
"Ireland","1993","9.428422","35430.539","4.771"
"Ireland","1994","9.704017","36785.879","5.585"
"Ireland","1995","9.929767","37329.590","4.145"
"Ireland","1996","10.298033","39103.801","4.019"
"Ireland","1997","10.566967","40034.047","4.114"
"Ireland","1998","10.969448","42625.582","5.649"
"Ireland","1999","11.3085575","44500.219","5.191"
"Ireland","2000","11.89966","45993.887","4.985"
"Ireland","2001","12.324086","47836.672","4.180"
"Ireland","2002","11.730197","46569.605","5.556"
"Ireland","2003","11.441199","44674.871","4.586"
"Ireland","2004","11.354153","44733.043","5.511"
"Ireland","2005","11.588379","45659.781","7.299"
"Ireland","2006","11.150127","45880.328","9.111"
"Ireland","2007","10.847387","45259.535","9.905"
"Ireland","2008","10.557548","44106.398","12.032"
"Ireland","2009","9.302911","39248.785","14.730"
"Ireland","2010","9.1665125","39407.059","13.210"
"Ireland","2011","8.309539","37465.398","19.993"
"Ireland","2012","8.309304","36688.957","19.351"
"Ireland","2013","8.060807","35956.301","22.018"
"Ireland","2014","7.910693","35600.855","24.758"
"Ireland","2015","8.2329445","37274.281","27.972"
"Ireland","2016","8.492474","38517.676","24.876"
"Ireland","2017","8.116082","38225.680","28.963"
"Ireland","2018","7.9880743","38573.797","33.010"
"Ireland","2019","7.540263","38270.875","38.411"
"Ireland","2020","7.0349927","35630.062","42.102"
"Ireland","2021","7.4523654","35991.977","36.772"
"Ireland","2022","7.177214","37761.402","38.619"
"Israel","1990","7.882156","26885.531","0.014"
"Israel","1991","7.562609","26559.719","0.028"
"Israel","1992","8.489098","30160.828","0.117"
"Israel","1993","8.697238","31914.094","0.100"
"Israel","1994","9.100507","32465.623","0.081"
"Israel","1995","9.312419","35630.555","0.082"
"Israel","1996","9.443628","36044.281","0.074"
"Israel","1997","9.7168045","38517.102","0.071"
"Israel","1998","9.673296","39661.711","0.066"
"Israel","1999","9.208766","40251.742","0.084"
"Israel","2000","9.739403","37170.773","0.075"
"Israel","2001","10.067699","36424.156","0.048"
"Israel","2002","9.284213","36462.848","0.070"
"Israel","2003","9.598092","36880.750","0.090"
"Israel","2004","8.87052","36929.898","0.090"
"Israel","2005","8.401589","36458.637","0.088"
"Israel","2006","9.080757","36028.926","0.042"
"Israel","2007","9.019775","36725.434","0.059"
"Israel","2008","9.598181","37139.566","0.075"
"Israel","2009","8.862073","35460.906","0.128"
"Israel","2010","9.307533","36229.891","0.239"
"Israel","2011","9.181438","36258.531","0.436"
"Israel","2012","9.829567","37267.684","0.698"
"Israel","2013","8.141993","34654.492","0.946"
"Israel","2014","7.6329613","33226.094","1.577"
"Israel","2015","7.815259","34426.469","1.946"
"Israel","2016","7.4499764","34475.207","2.521"
"Israel","2017","7.037854","34537.309","2.648"
"Israel","2018","7.04882","34493.293","2.686"
"Israel","2019","6.809169","35085.457","4.044"
"Israel","2020","6.7366834","32593.809","5.390"
"Israel","2021","6.5918126","32588.326","6.773"
"Israel","2022","6.8401985","33643.016","9.508"
"Italy","1985","6.489892","28897.641","23.650"
"Italy","1986","6.3856063","29679.285","22.940"
"Italy","1987","6.6810675","30560.299","21.228"
"Italy","1988","6.7797422","31298.941","21.623"
"Italy","1989","7.1036334","32179.424","17.743"
"Italy","1990","7.68362","32681.436","16.373"
"Italy","1991","7.6695366","33685.176","20.844"
"Italy","1992","7.6662855","33524.938","20.583"
"Italy","1993","7.526011","32795.352","20.612"
"Italy","1994","7.392994","32712.924","21.121"
"Italy","1995","7.8148036","34040.480","17.494"
"Italy","1996","7.7471423","34021.668","19.335"
"Italy","1997","7.8436203","34593.875","18.791"
"Italy","1998","8.054232","35381.559","18.377"
"Italy","1999","8.132449","36375.102","19.845"
"Italy","2000","8.19941","36851.285","18.900"
"Italy","2001","8.196022","36802.125","20.049"
"Italy","2002","8.309492","36481.184","17.456"
"Italy","2003","8.574582","37436.270","16.420"
"Italy","2004","8.606314","37979.512","18.275"
"Italy","2005","8.567466","37805.059","16.377"
"Italy","2006","8.443186","37481.961","16.513"
"Italy","2007","8.286317","36549.078","15.533"
"Italy","2008","8.027509","35659.477","18.611"
"Italy","2009","7.078524","33102.941","24.084"
"Italy","2010","7.2413816","34046.293","25.840"
"Italy","2011","7.0218983","33284.145","27.677"
"Italy","2012","6.665015","32295.604","31.105"
"Italy","2013","6.0912943","30816.119","39.015"
"Italy","2014","5.7593956","29214.832","43.498"
"Italy","2015","5.9635468","30129.141","38.758"
"Italy","2016","5.9216995","30305.607","37.608"
"Italy","2017","5.8397813","30716.617","35.417"
"Italy","2018","5.790691","30957.242","39.810"
"Italy","2019","5.6483817","30464.062","39.756"
"Italy","2020","5.0506783","27763.801","42.040"
"Italy","2021","5.6242104","29723.066","40.619"
"Italy","2022","5.704794","28910.201","36.438"
"Jamaica","2000","3.955013","16542.139","7.395"
"Jamaica","2001","4.030026","16699.781","6.550"
"Jamaica","2002","3.863762","16544.623","7.044"
"Jamaica","2003","4.0152617","17159.158","7.429"
"Jamaica","2004","3.9570825","16704.465","7.953"
"Jamaica","2005","3.875178","17141.955","8.441"
"Jamaica","2006","4.28499","19489.295","8.535"
"Jamaica","2007","3.9609401","19765.359","9.269"
"Jamaica","2008","3.9535663","16746.211","10.750"
"Jamaica","2009","2.9000545","13112.701","10.345"
"Jamaica","2010","2.793193","11996.119","10.354"
"Jamaica","2011","2.9800084","12652.353","11.222"
"Jamaica","2012","2.84486","11797.367","11.959"
"Jamaica","2013","3.0415494","12772.726","10.941"
"Jamaica","2014","2.747366","12533.961","11.765"
"Jamaica","2015","2.8425038","12881.866","11.765"
"Jamaica","2016","2.894788","13296.951","12.107"
"Jamaica","2017","2.758836","11942.507","14.634"
"Jamaica","2018","2.858282","12335.036","16.547"
"Jamaica","2019","3.3434515","15387.241","15.294"
"Jamaica","2020","2.4254513","12098.731","15.725"
"Jamaica","2021","2.5769415","12235.784","16.092"
"Japan","1985","7.574773","36996.742","14.223"
"Japan","1986","7.5312967","36868.168","13.989"
"Japan","1987","7.3985643","37437.762","12.457"
"Japan","1988","8.039867","39642.121","14.100"
"Japan","1989","8.306787","40848.023","13.602"
"Japan","1990","9.358634","42192.621","11.144"
"Japan","1991","9.416044","43008.555","11.639"
"Japan","1992","9.450228","43327.996","10.025"
"Japan","1993","9.366616","43862.707","11.247"
"Japan","1994","9.762861","45380.562","7.919"
"Japan","1995","9.834065","47580.195","9.213"
"Japan","1996","9.912181","48386.641","8.980"
"Japan","1997","9.828307","49199.973","9.762"
"Japan","1998","9.493024","48110.820","9.947"
"Japan","1999","9.76424","48803.297","9.316"
"Japan","2000","9.920687","49229.383","10.538"
"Japan","2001","9.790459","48662.785","10.448"
"Japan","2002","10.004505","48643.801","10.248"
"Japan","2003","10.055865","48392.922","11.699"
"Japan","2004","10.007541","48887.336","11.420"
"Japan","2005","10.056906","49007.164","9.907"
"Japan","2006","9.87084","48855.340","10.855"
"Japan","2007","10.141284","48292.938","9.390"
"Japan","2008","9.587431","47418.410","10.020"
"Japan","2009","9.050865","43254.305","10.467"
"Japan","2010","9.447968","46114.938","10.527"
"Japan","2011","9.845555","43712.980","11.127"
"Japan","2012","10.178457","43428.844","10.614"
"Japan","2013","10.271204","43171.461","11.797"
"Japan","2014","9.885529","42146.168","13.272"
"Japan","2015","9.58534","41622.672","15.659"
"Japan","2016","9.436406","41172.285","15.692"
"Japan","2017","9.321171","41783.035","17.356"
"Japan","2018","8.971074","41694.160","18.144"
"Japan","2019","8.698248","40868.688","19.422"
"Japan","2020","8.212569","38029.270","21.325"
"Japan","2021","8.422242","39995.086","22.611"
"Japan","2022","8.237319","39984.914","23.631"
"Jordan","2000","2.8589284","13120.570","0.720"
"Jordan","2001","2.883838","12340.564","0.705"
"Jordan","2002","2.974868","12667.007","0.784"
"Jordan","2003","3.0083313","13522.985","0.665"
"Jordan","2004","3.2307155","14329.478","0.712"
"Jordan","2005","3.4480503","15157.300","0.771"
"Jordan","2006","3.2407455","14647.871","0.670"
"Jordan","2007","3.1784663","13221.179","0.736"
"Jordan","2008","3.0025284","12430.374","0.692"
"Jordan","2009","3.0167632","12645.595","0.597"
"Jordan","2010","2.855723","12875.821","0.576"
"Jordan","2011","2.8620572","13144.025","0.508"
"Jordan","2012","3.1723576","13750.912","0.513"
"Jordan","2013","3.010706","12796.636","0.432"
"Jordan","2014","2.97608","11669.372","0.466"
"Jordan","2015","2.7029984","11497.137","1.618"
"Jordan","2016","2.493358","11675.889","5.016"
"Jordan","2017","2.548305","11783.324","7.559"
"Jordan","2018","2.429594","11233.428","11.526"
"Jordan","2019","2.3022892","11258.242","15.543"
"Jordan","2020","1.8979398","9838.043","21.557"
"Jordan","2021","1.9148241","9183.148","23.537"
"Kazakhstan","1990","15.588459","50954.352","8.430"
"Kazakhstan","1991","15.071848","50520.637","8.373"
"Kazakhstan","1992","13.473055","49724.492","8.256"
"Kazakhstan","1993","12.015333","44061.652","9.795"
"Kazakhstan","1994","10.248383","39793.102","13.746"
"Kazakhstan","1995","10.069489","36430.828","12.483"
"Kazakhstan","1996","9.424668","32284.078","12.479"
"Kazakhstan","1997","9.181003","29049.662","12.498"
"Kazakhstan","1998","9.306227","27982.146","12.331"
"Kazakhstan","1999","7.6839137","26675.014","12.964"
"Kazakhstan","2000","9.173343","24267.602","14.582"
"Kazakhstan","2001","8.862384","27235.379","14.590"
"Kazakhstan","2002","10.012865","27638.352","15.241"
"Kazakhstan","2003","11.114357","30142.020","13.498"
"Kazakhstan","2004","11.701824","31813.240","12.039"
"Kazakhstan","2005","12.427798","32415.734","11.572"
"Kazakhstan","2006","13.638661","34517.496","10.843"
"Kazakhstan","2007","13.883832","37807.301","10.663"
"Kazakhstan","2008","13.764466","39400.227","9.284"
"Kazakhstan","2009","13.429075","34913.500","8.739"
"Kazakhstan","2010","14.735143","36949.332","9.704"
"Kazakhstan","2011","13.955058","41342.988","9.101"
"Kazakhstan","2012","14.172037","42868.230","8.431"
"Kazakhstan","2013","14.44096","42457.910","8.347"
"Kazakhstan","2014","16.790108","43947.973","8.738"
"Kazakhstan","2015","16.757872","36005.641","10.311"
"Kazakhstan","2016","16.431355","39906.781","12.660"
"Kazakhstan","2017","17.034184","42406.988","11.288"
"Kazakhstan","2018","17.407537","43320.578","10.171"
"Kazakhstan","2019","15.411059","43404.289","10.415"
"Kazakhstan","2020","14.463993","39590.598","10.990"
"Kazakhstan","2021","12.404203","42442.488","10.538"
"Kazakhstan","2022","13.693581","44701.980","11.341"
"Kenya","2000","0.3389006","1478.989","50.123"
"Kenya","2001","0.29170913","1460.378","66.957"
"Kenya","2002","0.23963098","1429.812","76.842"
"Kenya","2003","0.1995752","1321.463","80.588"
"Kenya","2004","0.2195501","1380.108","73.395"
"Kenya","2005","0.23617308","1454.524","71.210"
"Kenya","2006","0.25923568","1549.111","70.886"
"Kenya","2007","0.25591367","1513.085","71.319"
"Kenya","2008","0.25757587","1449.554","65.312"
"Kenya","2009","0.30153793","1537.141","58.447"
"Kenya","2010","0.28502947","1622.724","70.637"
"Kenya","2011","0.28573626","1633.508","68.338"
"Kenya","2012","0.25623727","1575.042","74.907"
"Kenya","2013","0.27036667","1620.447","70.311"
"Kenya","2014","0.2869488","1655.022","80.048"
"Kenya","2015","0.3230555","1911.903","85.512"
"Kenya","2016","0.33836323","1966.588","85.243"
"Kenya","2017","0.3288992","1939.658","78.598"
"Kenya","2018","0.3386544","2047.272","87.022"
"Kenya","2019","0.35464606","1946.341","89.121"
"Kenya","2020","0.3828149","1902.118","92.170"
"Kenya","2021","0.38688725","1952.694","91.801"
"Kenya","2022","0.37868083","","89.781"
"Kiribati","2000","0.41339472","1636.981","0.000"
"Kiribati","2001","0.36498064","1370.542","0.000"
"Kiribati","2002","0.43675297","1968.148","0.000"
"Kiribati","2003","0.4279056","2004.797","0.000"
"Kiribati","2004","0.45754245","2104.417","0.000"
"Kiribati","2005","0.48581773","2702.974","0.000"
"Kiribati","2006","0.5128164","2949.214","0.000"
"Kiribati","2007","0.5025029","2641.913","0.000"
"Kiribati","2008","0.45696744","2903.160","0.000"
"Kiribati","2009","0.44733703","2485.870","0.000"
"Kiribati","2010","0.5392349","2429.893","0.000"
"Kiribati","2011","0.49665642","2205.633","0.000"
"Kiribati","2012","0.48943388","2144.771","0.000"
"Kiribati","2013","0.48275316","2137.157","0.000"
"Kiribati","2014","0.47650838","2120.318","0.000"
"Kiribati","2015","0.5018061","2253.544","0.000"
"Kiribati","2016","0.46384445","2381.142","0.000"
"Kiribati","2017","0.57874435","2644.316","0.000"
"Kiribati","2018","0.5701696","2619.893","0.000"
"Kiribati","2019","0.5617455","2592.433","0.000"
"Kiribati","2020","0.55202603","2417.654","0.000"
"Kiribati","2021","0.5422356","2446.698","0.000"
"Kuwait","1990","22.473087","54624.383","0.000"
"Kuwait","1991","364.79083","34431.148","0.000"
"Kuwait","1992","18.155218","50396.949","0.000"
"Kuwait","1993","29.400784","60576.812","0.000"
"Kuwait","1994","34.40616","71253.172","0.000"
"Kuwait","1995","33.45957","90954.094","0.000"
"Kuwait","1996","29.919403","87488.125","0.000"
"Kuwait","1997","31.753155","88023.633","0.000"
"Kuwait","1998","28.688478","104961.875","0.000"
"Kuwait","1999","28.99168","105604.359","0.000"
"Kuwait","2000","28.12683","109536.430","0.000"
"Kuwait","2001","29.44005","107600.500","0.000"
"Kuwait","2002","29.181572","110790.812","0.000"
"Kuwait","2003","29.618095","128997.930","0.000"
"Kuwait","2004","30.526264","140627.266","0.000"
"Kuwait","2005","33.35809","149455.016","0.000"
"Kuwait","2006","32.232666","135875.578","0.000"
"Kuwait","2007","30.820711","124446.914","0.000"
"Kuwait","2008","31.847826","127302.031","0.000"
"Kuwait","2009","31.776943","124978.219","0.000"
"Kuwait","2010","30.482365","133508.609","0.000"
"Kuwait","2011","27.81871","128367.727","0.000"
"Kuwait","2012","30.326586","122214.484","0.000"
"Kuwait","2013","23.675167","116451.430","0.017"
"Kuwait","2014","20.457846","114804.984","0.016"
"Kuwait","2015","24.336504","114809.117","0.016"
"Kuwait","2016","25.978886","109505.656","0.030"
"Kuwait","2017","24.071701","109312.469","0.058"
"Kuwait","2018","23.697384","106945.273","0.086"
"Kuwait","2019","23.559092","94612.555","0.085"
"Kuwait","2020","20.477186","91131.367","0.075"
"Kuwait","2021","20.149948","98065.500","0.070"
"Kuwait","2022","25.242083","103882.750","0.258"
"Kyrgyzstan","2000","0.9104719","14177.031","86.251"
"Kyrgyzstan","2001","0.7604043","13327.090","83.913"
"Kyrgyzstan","2002","0.9611034","11277.386","83.178"
"Kyrgyzstan","2003","1.0418855","11796.489","87.337"
"Kyrgyzstan","2004","1.1162995","11902.486","87.024"
"Kyrgyzstan","2005","1.0519857","11085.900","86.475"
"Kyrgyzstan","2006","1.0330939","11181.869","86.485"
"Kyrgyzstan","2007","1.2275218","12160.274","86.488"
"Kyrgyzstan","2008","1.4002517","11500.209","86.454"
"Kyrgyzstan","2009","1.2429179","11463.955","92.582"
"Kyrgyzstan","2010","1.157307","10836.261","92.205"
"Kyrgyzstan","2011","1.3620738","12183.774","93.583"
"Kyrgyzstan","2012","1.7706753","13588.381","93.788"
"Kyrgyzstan","2013","1.679027","12564.967","93.795"
"Kyrgyzstan","2014","1.7354746","12576.968","91.643"
"Kyrgyzstan","2015","1.7102621","11097.164","85.859"
"Kyrgyzstan","2016","1.5751394","11131.658","87.270"
"Kyrgyzstan","2017","1.5054495","11335.210","91.956"
"Kyrgyzstan","2018","1.7621223","11778.976","92.614"
"Kyrgyzstan","2019","1.3930722","10582.124","92.385"
"Kyrgyzstan","2020","1.2527478","10439.837","91.528"
"Kyrgyzstan","2021","1.5157713","9274.610","89.903"
"Laos","2000","0.17682974","2086.755","90.358"
"Laos","2001","0.19182697","2181.866","90.411"
"Laos","2002","0.2077689","2136.590","90.423"
"Laos","2003","0.2142815","2052.788","90.415"
"Laos","2004","0.22182061","2100.121","100.000"
"Laos","2005","0.22778855","2393.181","100.000"
"Laos","2006","0.2946967","2667.142","100.000"
"Laos","2007","0.30311298","2575.560","100.000"
"Laos","2008","0.34661734","2873.281","100.000"
"Laos","2009","0.427364","2970.468","100.000"
"Laos","2010","0.47375357","4625.693","100.000"
"Laos","2011","0.48187655","5997.188","100.000"
"Laos","2012","0.5105654","6164.582","100.000"
"Laos","2013","0.6350123","7166.971","100.000"
"Laos","2014","0.65387225","7185.512","100.000"
"Laos","2015","1.3503778","10405.498","87.149"
"Laos","2016","2.374729","17431.762","70.703"
"Laos","2017","2.7963116","17422.662","66.842"
"Laos","2018","2.873369","17858.320","68.121"
"Laos","2019","2.5339587","18251.771","66.612"
"Laos","2020","2.4900937","19671.400","74.134"
"Laos","2021","2.929837","18847.086","72.955"
"Latvia","1990","7.3912163","32150.785","67.669"
"Latvia","1991","6.7648315","29742.604","58.053"
"Latvia","1992","5.428084","21418.381","65.625"
"Latvia","1993","4.6499653","18627.367","73.282"
"Latvia","1994","4.1131306","18271.137","74.550"
"Latvia","1995","3.6742284","17340.705","73.684"
"Latvia","1996","3.7477655","16361.679","59.615"
"Latvia","1997","3.5672417","16716.400","65.410"
"Latvia","1998","3.446172","18462.982","74.483"
"Latvia","1999","3.2281199","15906.265","67.153"
"Latvia","2000","2.990149","15779.984","68.116"
"Latvia","2001","3.2059655","17236.137","66.276"
"Latvia","2002","3.2536795","17635.336","62.469"
"Latvia","2003","3.3753157","17660.322","58.942"
"Latvia","2004","3.41457","20126.611","68.230"
"Latvia","2005","3.48728","21027.428","69.512"
"Latvia","2006","3.7449162","20211.020","57.055"
"Latvia","2007","3.9246342","21105.199","59.244"
"Latvia","2008","3.7645316","21504.193","60.911"
"Latvia","2009","3.480879","20609.242","63.914"
"Latvia","2010","4.0777874","23635.057","54.902"
"Latvia","2011","3.7906103","21346.463","50.575"
"Latvia","2012","3.6958487","22381.162","66.613"
"Latvia","2013","3.660572","21775.469","56.935"
"Latvia","2014","3.5966146","20261.896","54.475"
"Latvia","2015","3.671832","20957.162","50.181"
"Latvia","2016","3.6791766","22548.604","54.206"
"Latvia","2017","3.714261","25054.545","72.510"
"Latvia","2018","4.0689178","22506.594","51.935"
"Latvia","2019","3.9876633","23394.699","49.534"
"Latvia","2020","3.681657","21535.734","63.636"
"Latvia","2021","3.8281586","22625.613","63.590"
"Latvia","2022","3.5129132","21435.611","72.134"
"Lebanon","2000","3.5724258","14027.069","4.788"
"Lebanon","2001","3.7271454","14693.647","3.448"
"Lebanon","2002","3.639235","14617.907","6.063"
"Lebanon","2003","4.0943484","14599.101","11.259"
"Lebanon","2004","3.7415411","14306.836","9.415"
"Lebanon","2005","3.5645077","13477.188","8.859"
"Lebanon","2006","3.1134334","12290.246","6.301"
"Lebanon","2007","2.8376856","10675.190","5.097"
"Lebanon","2008","3.5363462","13562.222","2.944"
"Lebanon","2009","4.1979804","16556.137","4.777"
"Lebanon","2010","3.9665632","15851.824","5.604"
"Lebanon","2011","3.976463","15852.878","5.205"
"Lebanon","2012","4.265304","17291.496","6.495"
"Lebanon","2013","3.8589656","15720.306","7.151"
"Lebanon","2014","3.7800622","14662.743","1.300"
"Lebanon","2015","3.9754894","15864.785","2.903"
"Lebanon","2016","4.1811824","16684.846","2.516"
"Lebanon","2017","4.516256","18256.084","2.595"
"Lebanon","2018","4.313433","17677.684","2.345"
"Lebanon","2019","4.3387065","18447.385","5.501"
"Lebanon","2020","4.1550837","18341.434","6.208"
"Lebanon","2021","3.405726","18831.662","5.491"
"Lesotho","2000","0.9233507","1235.516","100.000"
"Lesotho","2001","0.93575007","1251.148","100.000"
"Lesotho","2002","0.9551779","1287.350","100.000"
"Lesotho","2003","0.9727303","1312.488","100.000"
"Lesotho","2004","1.0037694","1322.357","100.000"
"Lesotho","2005","1.0299301","1564.156","100.000"
"Lesotho","2006","1.0454761","1662.715","100.000"
"Lesotho","2007","1.0617174","2002.339","100.000"
"Lesotho","2008","1.0787721","1805.361","100.000"
"Lesotho","2009","1.119056","2048.805","100.000"
"Lesotho","2010","1.1398057","2175.061","100.000"
"Lesotho","2011","1.3698964","1932.633","100.000"
"Lesotho","2012","1.3724041","2021.036","100.000"
"Lesotho","2013","1.0333629","2043.126","100.000"
"Lesotho","2014","1.0780144","2074.063","100.000"
"Lesotho","2015","0.97144276","2002.840","100.000"
"Lesotho","2016","0.95107454","2142.459","100.000"
"Lesotho","2017","1.0599036","2253.617","100.000"
"Lesotho","2018","0.99167114","2182.018","100.000"
"Lesotho","2019","0.9900399","2188.859","100.000"
"Lesotho","2020","0.88825154","2092.531","100.000"
"Lesotho","2021","1.3690085","2132.814","100.000"
"Liberia","2000","0.13743748","653.120","0.000"
"Liberia","2001","0.13721623","676.398","0.000"
"Liberia","2002","0.13959803","650.026","0.000"
"Liberia","2003","0.14766917","706.213","0.000"
"Liberia","2004","0.17194374","756.933","0.000"
"Liberia","2005","0.19708236","846.993","0.000"
"Liberia","2006","0.19166711","820.099","0.000"
"Liberia","2007","0.17137542","728.079","0.000"
"Liberia","2008","0.13891526","619.287","0.000"
"Liberia","2009","0.13238102","547.746","0.000"
"Liberia","2010","0.17474402","837.750","0.000"
"Liberia","2011","0.19482812","896.828","0.000"
"Liberia","2012","0.20923974","960.112","0.000"
"Liberia","2013","0.19557425","830.952","0.000"
"Liberia","2014","0.16070946","1071.928","0.000"
"Liberia","2015","0.14995185","1054.184","0.000"
"Liberia","2016","0.13597633","1187.845","0.000"
"Liberia","2017","0.13763127","1007.256","0.000"
"Liberia","2018","0.123087056","1122.469","0.000"
"Liberia","2019","0.18471727","1100.831","0.000"
"Liberia","2020","0.15084057","1030.046","59.551"
"Liberia","2021","0.14879413","1064.616","57.609"
"Libya","2000","10.035502","41310.375","0.000"
"Libya","2001","9.829229","40686.832","0.000"
"Libya","2002","9.535416","40937.988","0.000"
"Libya","2003","9.873042","39334.309","0.000"
"Libya","2004","9.910548","39269.441","0.000"
"Libya","2005","9.555808","39565.172","0.000"
"Libya","2006","8.603376","35456.922","0.000"
"Libya","2007","7.2721353","34507.516","0.000"
"Libya","2008","7.970455","35070.414","0.000"
"Libya","2009","8.108886","39304.934","0.000"
"Libya","2010","9.10271","40607.305","0.033"
"Libya","2011","8.440869","27959.967","0.041"
"Libya","2012","9.969773","36727.043","0.031"
"Libya","2013","8.143835","38740.535","0.028"
"Libya","2014","10.634143","37137.059","0.028"
"Libya","2015","9.318403","29102.475","0.028"
"Libya","2016","8.651652","28077.625","0.034"
"Libya","2017","9.956155","31206.035","0.032"
"Libya","2018","9.146443","31662.736","0.031"
"Libya","2019","10.6139965","32421.873","0.032"
"Libya","2020","5.1254168","28032.594","0.033"
"Libya","2021","7.8922286","28270.334","0.031"
"Lithuania","1990","9.67186","53332.770","1.446"
"Lithuania","1991","10.217834","56268.625","1.159"
"Lithuania","1992","5.7249885","34450.766","1.673"
"Lithuania","1993","4.4344625","26994.422","2.804"
"Lithuania","1994","4.3139544","23406.480","4.625"
"Lithuania","1995","4.151416","26322.539","2.743"
"Lithuania","1996","4.372551","28842.996","2.037"
"Lithuania","1997","4.243233","26790.721","2.091"
"Lithuania","1998","4.509047","28961.152","2.456"
"Lithuania","1999","3.8177571","24166.148","3.149"
"Lithuania","2000","3.383328","21678.389","3.083"
"Lithuania","2001","3.6261756","25635.498","2.309"
"Lithuania","2002","3.6776543","27703.938","2.041"
"Lithuania","2003","3.706708","29436.242","1.768"
"Lithuania","2004","3.9251728","30054.080","2.314"
"Lithuania","2005","4.17262","27817.504","3.235"
"Lithuania","2006","4.3413134","26969.346","3.623"
"Lithuania","2007","4.7885156","29979.059","4.384"
"Lithuania","2008","4.664335","30124.529","4.584"
"Lithuania","2009","4.055672","28308.246","4.732"
"Lithuania","2010","4.4554987","20948.318","19.158"
"Lithuania","2011","4.6092105","22097.504","27.820"
"Lithuania","2012","4.7030005","22394.059","27.442"
"Lithuania","2013","4.4444146","20938.490","38.442"
"Lithuania","2014","4.379493","20422.297","43.642"
"Lithuania","2015","4.4894176","21569.006","42.000"
"Lithuania","2016","4.5664067","22207.523","61.584"
"Lithuania","2017","4.6927924","23635.178","75.522"
"Lithuania","2018","4.7866178","24616.006","80.000"
"Lithuania","2019","4.8826694","24873.117","78.662"
"Lithuania","2020","4.8285885","24924.742","56.733"
"Lithuania","2021","4.9304504","25173.395","62.830"
"Lithuania","2022","4.5777125","23151.053","74.820"
"Luxembourg","1990","30.93778","97439.531","12.903"
"Luxembourg","1991","32.109104","103333.906","12.857"
"Luxembourg","1992","31.097712","102274.273","12.121"
"Luxembourg","1993","31.062395","102264.531","11.940"
"Luxembourg","1994","28.624136","97028.688","18.644"
"Luxembourg","1995","22.37544","83246.695","22.449"
"Luxembourg","1996","22.199514","84460.578","17.778"
"Luxembourg","1997","20.402363","81638.430","24.390"
"Luxembourg","1998","18.051826","77878.609","40.541"
"Luxembourg","1999","18.886122","81191.305","36.111"
"Luxembourg","2000","19.95295","85402.430","40.000"
"Luxembourg","2001","20.838215","90348.625","19.540"
"Luxembourg","2002","22.353651","97735.352","5.357"
"Luxembourg","2003","23.129478","101260.219","5.018"
"Luxembourg","2004","25.781944","113106.172","5.638"
"Luxembourg","2005","25.949068","113049.227","6.269"
"Luxembourg","2006","25.177423","109285.398","7.062"
"Luxembourg","2007","23.532677","104455.211","8.150"
"Luxembourg","2008","22.83615","101834.570","10.294"
"Luxembourg","2009","21.316484","95591.977","8.571"
"Luxembourg","2010","22.053823","98832.992","8.333"
"Luxembourg","2011","21.38425","94211.609","9.091"
"Luxembourg","2012","20.450043","90375.617","11.232"
"Luxembourg","2013","18.999275","84137.461","19.565"
"Luxembourg","2014","17.62919","79619.141","20.942"
"Luxembourg","2015","16.388624","75576.625","32.090"
"Luxembourg","2016","15.556185","72784.555","58.228"
"Luxembourg","2017","15.508656","74384.773","66.667"
"Luxembourg","2018","15.714555","76376.742","70.833"
"Luxembourg","2019","15.721521","76273.703","74.766"
"Luxembourg","2020","12.795942","64241.789","79.508"
"Luxembourg","2021","13.134188","67687.906","80.488"
"Luxembourg","2022","11.134566","60334.328","85.841"
"Macao","2000","3.493785","15977.812","0.000"
"Macao","2001","3.506606","16188.216","0.000"
"Macao","2002","3.0451245","17029.461","0.000"
"Macao","2003","3.0307977","16996.396","0.000"
"Macao","2004","3.2824936","19637.254","0.000"
"Macao","2005","3.3946743","19636.117","0.000"
"Macao","2006","2.859169","20359.129","0.000"
"Macao","2007","2.6097217","20300.041","0.000"
"Macao","2008","2.105688","17604.602","0.000"
"Macao","2009","3.447344","18303.113","0.000"
"Macao","2010","2.193938","18400.900","0.000"
"Macao","2011","2.246861","18063.021","0.000"
"Macao","2012","1.9272721","17832.598","0.000"
"Macao","2013","1.6522367","17761.412","0.000"
"Macao","2014","2.1192448","18849.732","0.000"
"Macao","2015","2.850239","21063.752","0.000"
"Macao","2016","2.8072777","20401.303","0.000"
"Macao","2017","2.980806","24657.230","0.000"
"Macao","2018","1.8854574","22952.039","0.000"
"Macao","2019","1.8074762","23023.588","0.000"
"Macao","2020","1.5126553","20649.154","0.000"
"Macao","2021","1.4826874","21399.566","0.000"
"Madagascar","2000","0.118377954","591.201","69.231"
"Madagascar","2001","0.10254746","563.039","59.551"
"Madagascar","2002","0.070208035","422.233","62.069"
"Madagascar","2003","0.094034925","524.767","60.606"
"Madagascar","2004","0.09697502","554.304","57.273"
"Madagascar","2005","0.090879135","520.999","57.658"
"Madagascar","2006","0.084877506","498.275","55.752"
"Madagascar","2007","0.085030064","516.442","60.169"
"Madagascar","2008","0.085418634","531.468","56.098"
"Madagascar","2009","0.078852236","455.507","59.350"
"Madagascar","2010","0.08437475","469.251","53.030"
"Madagascar","2011","0.10208666","511.370","50.746"
"Madagascar","2012","0.1133812","587.695","44.118"
"Madagascar","2013","0.12696019","600.290","43.784"
"Madagascar","2014","0.11997098","635.025","45.178"
"Madagascar","2015","0.12275394","676.742","46.117"
"Madagascar","2016","0.1247817","691.369","44.554"
"Madagascar","2017","0.14199392","617.702","36.364"
"Madagascar","2018","0.13109523","579.600","43.172"
"Madagascar","2019","0.14693762","678.704","45.274"
"Madagascar","2020","0.13083282","447.504","34.518"
"Madagascar","2021","0.14300844","507.644","34.450"
"Malawi","2000","0.075467125","606.253","87.903"
"Malawi","2001","0.067047715","581.449","88.095"
"Malawi","2002","0.07207096","560.577","87.970"
"Malawi","2003","0.07509989","574.144","91.111"
"Malawi","2004","0.072129995","596.341","89.933"
"Malawi","2005","0.06583464","564.417","90.850"
"Malawi","2006","0.064500906","566.844","91.026"
"Malawi","2007","0.067704454","548.934","91.195"
"Malawi","2008","0.07145645","607.970","93.642"
"Malawi","2009","0.07068769","549.878","92.398"
"Malawi","2010","0.06556937","640.529","93.367"
"Malawi","2011","0.067726314","626.806","93.532"
"Malawi","2012","0.06624946","611.753","93.780"
"Malawi","2013","0.06931331","604.720","93.780"
"Malawi","2014","0.06107204","605.315","94.118"
"Malawi","2015","0.061449982","567.385","94.118"
"Malawi","2016","0.066776246","581.612","93.182"
"Malawi","2017","0.0661337","583.406","90.909"
"Malawi","2018","0.09121552","542.385","87.805"
"Malawi","2019","0.0891084","537.820","88.235"
"Malawi","2020","0.09563126","503.257","87.719"
"Malawi","2021","0.08392642","464.983","84.507"
"Malaysia","1985","2.3819265","11376.896","25.217"
"Malaysia","1986","2.5444674","12125.577","25.545"
"Malaysia","1987","2.5114179","12132.969","28.505"
"Malaysia","1988","2.552253","12381.688","29.604"
"Malaysia","1989","2.8925128","13454.194","24.609"
"Malaysia","1990","3.0431683","13757.189","17.495"
"Malaysia","1991","3.5864918","16754.076","16.757"
"Malaysia","1992","3.8737822","18381.809","13.658"
"Malaysia","1993","4.482424","17979.701","13.914"
"Malaysia","1994","4.4145036","18568.719","16.308"
"Malaysia","1995","5.390652","19762.299","13.351"
"Malaysia","1996","5.2809606","21473.818","9.706"
"Malaysia","1997","5.5424604","24257.473","6.963"
"Malaysia","1998","5.0113263","22715.672","6.949"
"Malaysia","1999","4.634905","23668.324","11.078"
"Malaysia","2000","5.3501554","26639.928","10.728"
"Malaysia","2001","5.563507","26582.326","8.697"
"Malaysia","2002","5.4780774","27303.566","7.209"
"Malaysia","2003","6.215024","28867.148","6.658"
"Malaysia","2004","6.717976","30459.574","6.443"
"Malaysia","2005","6.5791078","32213.139","6.708"
"Malaysia","2006","6.441329","31831.441","6.722"
"Malaysia","2007","6.498702","33221.488","6.208"
"Malaysia","2008","6.994802","33712.133","7.578"
"Malaysia","2009","6.8310843","32003.473","7.142"
"Malaysia","2010","6.956588","32487.746","6.107"
"Malaysia","2011","6.9766316","32524.594","7.557"
"Malaysia","2012","7.180488","35010.121","8.030"
"Malaysia","2013","8.009178","36062.543","9.255"
"Malaysia","2014","7.9832","35862.223","9.704"
"Malaysia","2015","7.554295","35878.008","9.953"
"Malaysia","2016","7.4644914","37199.578","13.463"
"Malaysia","2017","7.5553155","37162.887","17.393"
"Malaysia","2018","7.9805346","37333.031","16.596"
"Malaysia","2019","8.303469","37823.500","16.116"
"Malaysia","2020","7.735682","35997.363","18.038"
"Malaysia","2021","7.9729576","37897.133","19.314"
"Malaysia","2022","8.124508","39586.996","19.040"
"Maldives","2000","1.597986","10129.736","0.000"
"Maldives","2001","1.6098306","8351.583","0.000"
"Maldives","2002","2.0227754","9816.173","0.000"
"Maldives","2003","1.7177105","8392.205","0.000"
"Maldives","2004","2.2002282","10799.323","0.000"
"Maldives","2005","1.9609632","9621.824","0.000"
"Maldives","2006","2.3697755","11906.826","0.000"
"Maldives","2007","2.4051108","11930.126","0.000"
"Maldives","2008","2.4958682","12517.400","0.000"
"Maldives","2009","2.5353708","12835.753","0.000"
"Maldives","2010","2.5794091","12524.812","0.000"
"Maldives","2011","2.6375725","13070.632","0.000"
"Maldives","2012","2.8700407","16088.853","0.000"
"Maldives","2013","2.738313","16413.824","0.000"
"Maldives","2014","3.1889908","21157.406","1.961"
"Maldives","2015","2.995107","15149.077","1.754"
"Maldives","2016","3.231609","15410.746","1.639"
"Maldives","2017","3.301859","15375.788","3.226"
"Maldives","2018","3.6709237","17020.910","4.688"
"Maldives","2019","4.0866613","18567.896","4.688"
"Maldives","2020","3.3420072","17308.588","6.557"
"Maldives","2021","3.8687005","17669.365","7.576"
"Mali","2000","0.092239566","391.754","64.103"
"Mali","2001","0.097504385","384.580","62.500"
"Mali","2002","0.09839803","360.909","63.415"
"Mali","2003","0.09820771","350.713","60.465"
"Mali","2004","0.10794224","353.036","60.870"
"Mali","2005","0.10771179","378.320","62.821"
"Mali","2006","0.10973555","429.560","63.095"
"Mali","2007","0.12341926","489.214","62.651"
"Mali","2008","0.13095535","565.225","63.000"
"Mali","2009","0.12224778","691.583","65.179"
"Mali","2010","0.1309786","757.354","69.006"
"Mali","2011","0.13838123","804.067","65.263"
"Mali","2012","0.14369018","830.399","60.619"
"Mali","2013","0.15712795","830.251","54.386"
"Mali","2014","0.17421013","899.235","63.983"
"Mali","2015","0.18281606","952.776","54.741"
"Mali","2016","0.22333899","1172.190","58.484"
"Mali","2017","0.24057674","1234.193","50.152"
"Mali","2018","0.25429592","1243.768","44.193"
"Mali","2019","0.26551783","1231.715","35.241"
"Mali","2020","0.29152176","1142.883","36.250"
"Mali","2021","0.33021975","1168.567","35.988"
"Malta","1990","6.5977826","22185.451","0.000"
"Malta","1991","6.118082","23163.854","0.000"
"Malta","1992","6.119478","24135.170","0.000"
"Malta","1993","7.629392","25248.361","0.000"
"Malta","1994","6.9687915","26794.076","0.000"
"Malta","1995","6.376517","25775.016","0.000"
"Malta","1996","6.5371246","26498.742","0.000"
"Malta","1997","6.5430026","28006.824","0.000"
"Malta","1998","6.4120502","29060.490","0.000"
"Malta","1999","6.4824777","31934.371","0.000"
"Malta","2000","6.1718907","46378.051","0.000"
"Malta","2001","6.7940903","50713.891","0.000"
"Malta","2002","6.773783","49170.387","0.000"
"Malta","2003","7.2528267","56833.484","0.000"
"Malta","2004","6.935497","59390.211","0.000"
"Malta","2005","6.4109755","50493.625","0.000"
"Malta","2006","6.3913054","51478.543","0.000"
"Malta","2007","6.5383353","55957.789","0.000"
"Malta","2008","6.4951987","57768.109","0.000"
"Malta","2009","6.0857034","61248.996","0.000"
"Malta","2010","6.1971707","72549.078","0.000"
"Malta","2011","6.1422067","68190.570","0.000"
"Malta","2012","6.4438725","64067.148","1.304"
"Malta","2013","5.6706905","59756.480","1.770"
"Malta","2014","5.563529","59933.559","3.556"
"Malta","2015","3.8147235","64130.957","7.692"
"Malta","2016","3.0220766","69591.945","16.279"
"Malta","2017","3.2853162","77316.094","10.303"
"Malta","2018","3.194038","78729.375","10.152"
"Malta","2019","3.272104","80081.508","10.145"
"Malta","2020","3.089255","72065.461","11.628"
"Malta","2021","3.072962","74324.461","12.162"
"Malta","2022","3.3590784","","0.500"
"Martinique","2000","","21751.891","0.000"
"Martinique","2001","","21994.830","0.000"
"Martinique","2002","","23145.516","0.000"
"Martinique","2003","","23159.686","0.000"
"Martinique","2004","","23747.654","0.000"
"Martinique","2005","","23872.316","0.000"
"Martinique","2006","","24167.125","0.000"
"Martinique","2007","","25089.396","0.000"
"Martinique","2008","","25226.029","0.000"
"Martinique","2009","","25264.980","0.000"
"Martinique","2010","","25326.725","0.000"
"Martinique","2011","","26499.410","0.000"
"Mauritania","2000","0.42620137","1872.364","13.043"
"Mauritania","2001","0.43769407","1906.994","11.111"
"Mauritania","2002","0.45621744","2004.115","6.000"
"Mauritania","2003","0.45897254","2054.249","8.511"
"Mauritania","2004","0.48279917","2161.621","7.843"
"Mauritania","2005","0.48780018","2206.716","10.000"
"Mauritania","2006","0.51435083","2100.965","11.111"
"Mauritania","2007","0.56823957","2318.157","10.638"
"Mauritania","2008","0.575122","2781.530","10.909"
"Mauritania","2009","0.6126736","2688.011","18.966"
"Mauritania","2010","0.6173812","2594.655","18.750"
"Mauritania","2011","0.635654","2710.173","15.663"
"Mauritania","2012","0.6763049","2906.240","15.385"
"Mauritania","2013","0.5807892","2568.119","22.340"
"Mauritania","2014","0.66590583","2994.487","22.449"
"Mauritania","2015","0.7570643","2955.335","28.070"
"Mauritania","2016","0.6420559","2687.668","23.967"
"Mauritania","2017","0.8505046","3923.376","21.854"
"Mauritania","2018","1.0246092","4074.366","25.444"
"Mauritania","2019","1.0325818","4149.229","25.275"
"Mauritania","2020","1.0394301","3884.775","27.119"
"Mauritania","2021","0.95032835","3988.532","26.596"
"Mauritius","2000","2.210509","13215.600","16.667"
"Mauritius","2001","2.334449","13385.311","17.222"
"Mauritius","2002","2.3365946","13056.474","17.838"
"Mauritius","2003","2.4631307","13249.851","18.687"
"Mauritius","2004","2.471399","13567.276","18.049"
"Mauritius","2005","2.620026","14451.097","28.972"
"Mauritius","2006","2.870235","15004.636","15.766"
"Mauritius","2007","2.9034424","15502.124","15.086"
"Mauritius","2008","2.9550357","15889.464","15.226"
"Mauritius","2009","2.8991694","15279.018","19.919"
"Mauritius","2010","3.0506911","16415.438","18.288"
"Mauritius","2011","3.0450964","16788.395","15.385"
"Mauritius","2012","3.0751846","16868.873","13.258"
"Mauritius","2013","3.1503313","17104.646","13.919"
"Mauritius","2014","3.2556133","17609.402","15.000"
"Mauritius","2015","3.2577507","18247.520","17.133"
"Mauritius","2016","3.3610594","18958.602","16.552"
"Mauritius","2017","3.517361","20786.770","15.152"
"Mauritius","2018","3.4569364","21929.627","17.508"
"Mauritius","2019","3.5179577","22800.158","19.094"
"Mauritius","2020","2.9609385","19245.180","20.803"
"Mauritius","2021","3.1009886","19724.719","20.833"
"Mexico","1985","3.826866","15151.138","31.254"
"Mexico","1986","3.8286471","14439.929","24.793"
"Mexico","1987","3.9135306","14659.548","22.327"
"Mexico","1988","3.832314","14519.399","23.585"
"Mexico","1989","3.9781811","15078.810","25.014"
"Mexico","1990","3.8245006","16141.271","25.178"
"Mexico","1991","3.9065359","16288.587","22.136"
"Mexico","1992","3.8637242","16284.947","25.086"
"Mexico","1993","3.852906","15988.583","24.628"
"Mexico","1994","3.9383492","16584.426","18.135"
"Mexico","1995","3.6418269","15998.047","22.630"
"Mexico","1996","3.694254","16125.593","23.969"
"Mexico","1997","3.8551505","16233.624","19.349"
"Mexico","1998","3.987453","16610.916","16.985"
"Mexico","1999","3.9750144","16578.275","20.421"
"Mexico","2000","3.968903","17300.662","22.929"
"Mexico","2001","4.0708127","16898.289","19.665"
"Mexico","2002","4.040439","17044.275","17.422"
"Mexico","2003","4.2335887","16996.574","15.854"
"Mexico","2004","4.201275","17731.264","17.313"
"Mexico","2005","4.379822","19153.719","18.278"
"Mexico","2006","4.4243016","19171.469","18.426"
"Mexico","2007","4.353924","19098.814","17.276"
"Mexico","2008","4.2852488","19633.797","21.539"
"Mexico","2009","4.109744","19065.637","16.537"
"Mexico","2010","4.0168395","18870.824","19.428"
"Mexico","2011","4.1937428","19447.846","18.092"
"Mexico","2012","4.292929","19349.783","16.576"
"Mexico","2013","4.1862144","19108.689","15.549"
"Mexico","2014","4.040969","18757.031","19.801"
"Mexico","2015","3.9598958","18335.252","17.598"
"Mexico","2016","3.9167483","18538.975","17.481"
"Mexico","2017","3.7634232","18689.648","18.076"
"Mexico","2018","3.760188","18269.648","17.704"
"Mexico","2019","3.7231612","17903.295","18.549"
"Mexico","2020","3.382808","16382.680","21.255"
"Mexico","2021","3.500541","17515.205","23.935"
"Mexico","2022","3.5284045","19009.186","22.938"
"Moldova","2000","0.8436784","7750.128","7.345"
"Moldova","2001","0.9037703","7673.852","6.383"
"Moldova","2002","0.9779864","8558.681","6.066"
"Moldova","2003","1.0754136","9629.671","6.050"
"Moldova","2004","1.1400539","9094.614","6.034"
"Moldova","2005","1.2378939","10069.241","6.030"
"Moldova","2006","1.2826668","10814.542","6.086"
"Moldova","2007","1.2926619","9570.557","5.952"
"Moldova","2008","1.373297","10052.481","6.323"
"Moldova","2009","1.2248387","9210.980","5.654"
"Moldova","2010","1.3300986","9287.713","6.547"
"Moldova","2011","1.3901005","9207.143","6.045"
"Moldova","2012","1.3684151","12907.230","4.655"
"Moldova","2013","1.4372926","13035.350","6.889"
"Moldova","2014","1.4225419","12760.212","6.122"
"Moldova","2015","1.4556859","11617.373","4.470"
"Moldova","2016","1.5156391","11798.200","4.103"
"Moldova","2017","1.593989","12164.262","6.048"
"Moldova","2018","1.6967708","13129.505","5.576"
"Moldova","2019","1.727951","13488.875","6.151"
"Moldova","2020","1.6659853","13070.765","5.502"
"Moldova","2021","1.9049147","16006.373","6.306"
"Moldova","2022","1.7018101","","6.877"
"Mongolia","2000","3.0270114","17691.607","0.000"
"Mongolia","2001","3.1496732","17502.184","0.000"
"Mongolia","2002","3.27853","18501.777","0.000"
"Mongolia","2003","3.1463904","17411.361","0.000"
"Mongolia","2004","3.343203","16947.145","0.000"
"Mongolia","2005","3.321716","17428.029","0.000"
"Mongolia","2006","3.590729","18611.670","0.000"
"Mongolia","2007","4.5851007","19353.180","0.000"
"Mongolia","2008","4.5238576","18919.375","0.256"
"Mongolia","2009","4.8887124","18920.904","0.254"
"Mongolia","2010","5.097588","18202.299","1.232"
"Mongolia","2011","7.7837563","18659.320","1.405"
"Mongolia","2012","12.5189295","19704.566","1.325"
"Mongolia","2013","15.24536","20521.990","2.542"
"Mongolia","2014","10.171428","19699.537","4.142"
"Mongolia","2015","7.820735","19182.596","4.239"
"Mongolia","2016","8.42837","19692.092","4.682"
"Mongolia","2017","10.997071","21043.662","4.529"
"Mongolia","2018","14.306628","22486.172","7.154"
"Mongolia","2019","14.578362","24279.391","9.954"
"Mongolia","2020","12.9080105","20376.916","10.119"
"Mongolia","2021","10.771015","22407.674","9.831"
"Mongolia","2022","11.944179","","8.803"
"Montenegro","2005","3.0504684","","65.157"
"Montenegro","2006","3.254315","24270.525","59.322"
"Montenegro","2007","3.2452526","21851.393","59.813"
"Montenegro","2008","4.116431","24712.115","54.417"
"Montenegro","2009","2.6591656","21325.205","75.000"
"Montenegro","2010","3.831593","26631.988","68.408"
"Montenegro","2011","3.8047888","21941.479","45.283"
"Montenegro","2012","3.493126","21276.305","51.930"
"Montenegro","2013","3.3966699","22880.111","63.452"
"Montenegro","2014","3.3368337","20434.420","55.205"
"Montenegro","2015","3.5639925","21034.895","49.667"
"Montenegro","2016","3.2282143","21028.148","58.599"
"Montenegro","2017","3.3915422","19660.412","45.161"
"Montenegro","2018","3.903202","21852.676","59.211"
"Montenegro","2019","4.0493402","20460.551","56.268"
"Montenegro","2020","3.9536924","17942.342","52.212"
"Montenegro","2021","3.9925413","18940.291","61.804"
"Montenegro","2022","4.0595264","","52.322"
"Montserrat","2000","5.0757966","22515.271","0.000"
"Montserrat","2001","5.556326","24606.283","0.000"
"Montserrat","2002","9.770667","36233.332","0.000"
"Montserrat","2003","8.115171","36038.613","0.000"
"Montserrat","2004","10.48932","35807.695","0.000"
"Montserrat","2005","8.811543","35542.004","0.000"
"Montserrat","2006","8.750325","35250.551","0.000"
"Montserrat","2007","8.669392","38881.137","0.000"
"Montserrat","2008","9.354894","49473.754","0.000"
"Montserrat","2009","9.238915","41319.547","0.000"
"Montserrat","2010","12.165179","54497.844","0.000"
"Montserrat","2011","7.560875","37454.199","0.000"
"Montserrat","2012","8.358357","36263.168","0.000"
"Montserrat","2013","10.744868","45365.406","0.000"
"Montserrat","2014","9.279865","42027.945","0.000"
"Montserrat","2015","10.930322","47224.633","0.000"
"Montserrat","2016","6.2833867","26808.178","0.000"
"Montserrat","2017","5.546713","26044.170","0.000"
"Montserrat","2018","6.379108","31185.535","0.000"
"Montserrat","2019","5.619632","30173.104","0.000"
"Montserrat","2020","4.8508387","25413.510","0.000"
"Montserrat","2021","4.8799114","27584.430","0.000"
"Morocco","1985","0.79957557","2923.776","6.617"
"Morocco","1986","0.8266941","2958.895","8.282"
"Morocco","1987","0.863388","2988.198","10.311"
"Morocco","1988","0.89065266","3098.018","10.419"
"Morocco","1989","0.9465839","3347.967","12.821"
"Morocco","1990","0.9147687","3368.051","12.671"
"Morocco","1991","0.9552058","3353.750","13.319"
"Morocco","1992","0.9811329","3692.001","9.919"
"Morocco","1993","1.0455822","3672.131","4.470"
"Morocco","1994","1.0816504","3986.573","7.323"
"Morocco","1995","1.0890489","3851.710","5.053"
"Morocco","1996","1.101328","3967.302","15.609"
"Morocco","1997","1.1015766","4064.434","15.324"
"Morocco","1998","1.118006","4109.542","13.703"
"Morocco","1999","1.1413679","4205.276","6.398"
"Morocco","2000","1.1680162","4113.667","6.348"
"Morocco","2001","1.2774382","4386.623","7.535"
"Morocco","2002","1.2778043","4439.724","6.794"
"Morocco","2003","1.2366714","4397.996","9.951"
"Morocco","2004","1.4097261","4946.639","10.229"
"Morocco","2005","1.4711298","5301.474","6.287"
"Morocco","2006","1.5030109","5340.532","6.072"
"Morocco","2007","1.5683955","5226.211","6.153"
"Morocco","2008","1.6253583","5694.036","6.212"
"Morocco","2009","1.5878394","5486.076","14.635"
"Morocco","2010","1.6744752","6005.150","17.343"
"Morocco","2011","1.6670716","6222.626","10.764"
"Morocco","2012","1.7074838","6249.124","8.835"
"Morocco","2013","1.6753621","6330.083","15.646"
"Morocco","2014","1.6715473","6336.756","13.014"
"Morocco","2015","1.6903471","6368.394","15.064"
"Morocco","2016","1.6690949","6361.196","15.551"
"Morocco","2017","1.7238358","6580.724","14.865"
"Morocco","2018","1.7387096","6730.607","19.048"
"Morocco","2019","1.8984194","7267.464","19.010"
"Morocco","2020","1.764199","6551.416","18.291"
"Morocco","2021","1.9016743","7236.710","19.806"
"Morocco","2022","1.8693061","6855.110","17.382"
"Mozambique","2000","0.07291618","1646.661","99.688"
"Mozambique","2001","0.08382869","2058.794","99.660"
"Mozambique","2002","0.08107551","2031.781","99.683"
"Mozambique","2003","0.09568231","2005.184","99.538"
"Mozambique","2004","0.093948774","2047.423","99.570"
"Mozambique","2005","0.08715759","2189.541","99.697"
"Mozambique","2006","0.09215442","2325.486","99.727"
"Mozambique","2007","0.10282695","2517.889","99.749"
"Mozambique","2008","0.09990597","2311.345","99.734"
"Mozambique","2009","0.10892431","2432.587","99.762"
"Mozambique","2010","0.114683606","2355.594","99.698"
"Mozambique","2011","0.13136378","2590.460","99.641"
"Mozambique","2012","0.12539078","2700.616","99.602"
"Mozambique","2013","0.14285164","2775.278","98.107"
"Mozambique","2014","0.31480834","2987.178","93.227"
"Mozambique","2015","0.25352782","3077.791","89.487"
"Mozambique","2016","0.31267935","3067.182","84.781"
"Mozambique","2017","0.24516313","2985.232","84.336"
"Mozambique","2018","0.24157281","2383.024","82.521"
"Mozambique","2019","0.2374965","2446.911","80.492"
"Mozambique","2020","0.20596471","2248.653","81.954"
"Mozambique","2021","0.24353753","2241.226","81.407"
"Myanmar","2000","0.22563869","1055.134","42.974"
"Myanmar","2001","0.1934779","963.841","45.556"
"Myanmar","2002","0.2017636","1107.380","49.000"
"Myanmar","2003","0.21422155","1236.488","46.840"
"Myanmar","2004","0.26696014","1285.359","48.237"
"Myanmar","2005","0.24342664","1642.795","54.296"
"Myanmar","2006","0.26822394","1538.981","58.557"
"Myanmar","2007","0.26690307","1648.792","61.452"
"Myanmar","2008","0.20194042","1504.837","65.941"
"Myanmar","2009","0.20983903","1377.901","78.414"
"Myanmar","2010","0.26772776","1386.882","71.390"
"Myanmar","2011","0.3059909","1505.196","79.067"
"Myanmar","2012","0.23728523","1779.603","74.414"
"Myanmar","2013","0.25296757","2042.981","73.870"
"Myanmar","2014","0.31272367","2368.495","64.306"
"Myanmar","2015","0.42826813","2192.525","61.069"
"Myanmar","2016","0.41059896","2501.596","57.094"
"Myanmar","2017","0.45540875","3203.901","55.110"
"Myanmar","2018","0.65076286","3270.801","56.320"
"Myanmar","2019","0.63861066","3197.220","46.144"
"Myanmar","2020","0.65239656","3183.105","48.005"
"Myanmar","2021","0.54853755","3064.848","41.816"
"Namibia","2000","0.9448855","6971.662","97.163"
"Namibia","2001","1.2015644","7906.876","100.000"
"Namibia","2002","1.0429932","7473.249","100.000"
"Namibia","2003","1.0910966","7768.259","99.338"
"Namibia","2004","1.1527311","7998.042","100.000"
"Namibia","2005","1.2874242","8329.664","97.619"
"Namibia","2006","1.2673873","8203.538","94.643"
"Namibia","2007","1.1525968","8337.066","97.500"
"Namibia","2008","1.3961102","8670.396","89.697"
"Namibia","2009","1.2804775","8711.895","94.558"
"Namibia","2010","1.321587","8834.805","96.154"
"Namibia","2011","1.2978189","9036.284","97.902"
"Namibia","2012","1.4553826","9158.613","98.160"
"Namibia","2013","1.3335127","9313.876","95.522"
"Namibia","2014","1.3403752","9735.818","98.684"
"Namibia","2015","1.4293277","10013.897","98.077"
"Namibia","2016","1.4685864","9860.743","95.918"
"Namibia","2017","1.4319179","9969.967","96.552"
"Namibia","2018","1.4103903","9675.655","98.582"
"Namibia","2019","1.4073112","9254.443","97.059"
"Namibia","2020","1.2608001","8960.352","96.923"
"Namibia","2021","1.2836621","8748.273","95.541"
"Nauru","2000","8.632178","44017.281","0.000"
"Nauru","2001","7.9440227","39953.254","0.000"
"Nauru","2002","7.614448","37538.883","0.000"
"Nauru","2003","6.5389647","33686.039","0.000"
"Nauru","2004","6.1769137","31641.859","0.000"
"Nauru","2005","6.1848874","31064.385","0.000"
"Nauru","2006","4.370142","22659.775","0.000"
"Nauru","2007","4.013543","22131.348","0.000"
"Nauru","2008","4.017544","22558.277","0.000"
"Nauru","2009","4.0139427","21952.797","0.000"
"Nauru","2010","4.3675375","23124.062","0.000"
"Nauru","2011","3.9841835","22639.811","0.000"
"Nauru","2012","3.9171932","23654.348","0.000"
"Nauru","2013","4.5195937","26976.270","0.000"
"Nauru","2014","4.7646294","28475.137","0.000"
"Nauru","2015","5.007745","29667.088","0.000"
"Nauru","2016","4.591068","31831.389","0.000"
"Nauru","2017","4.841864","24506.256","0.000"
"Nauru","2018","4.7795463","28203.953","0.000"
"Nauru","2019","4.4186406","22405.490","0.000"
"Nauru","2020","4.71153","21142.482","0.000"
"Nauru","2021","4.6866207","21609.617","0.000"
"Nepal","2000","0.12374187","599.056","96.450"
"Nepal","2001","0.12971939","622.079","98.919"
"Nepal","2002","0.102506384","645.291","99.057"
"Nepal","2003","0.10940126","669.501","100.000"
"Nepal","2004","0.09925989","660.466","99.582"
"Nepal","2005","0.11352463","678.475","99.600"
"Nepal","2006","0.092468634","663.455","99.632"
"Nepal","2007","0.09594943","653.868","99.640"
"Nepal","2008","0.12431684","719.461","99.643"
"Nepal","2009","0.15184647","818.675","99.676"
"Nepal","2010","0.17657728","868.669","100.000"
"Nepal","2011","0.18994576","922.143","100.000"
"Nepal","2012","0.19866605","967.206","99.433"
"Nepal","2013","0.22536574","1020.580","99.714"
"Nepal","2014","0.27419657","1099.445","100.000"
"Nepal","2015","0.2481578","979.096","100.000"
"Nepal","2016","0.3608613","1426.130","100.000"
"Nepal","2017","0.44344956","1614.757","100.000"
"Nepal","2018","0.49996966","1753.601","100.000"
"Nepal","2019","0.44873866","1700.583","100.000"
"Nepal","2020","0.539615","1677.797","100.000"
"Nepal","2021","0.52540195","1607.635","100.000"
"Netherlands","1985","10.10939","56686.754","0.705"
"Netherlands","1986","9.846135","59183.734","0.829"
"Netherlands","1987","10.287577","60062.426","1.030"
"Netherlands","1988","9.820829","59907.266","1.225"
"Netherlands","1989","10.834598","59827.883","1.314"
"Netherlands","1990","10.846517","60940.926","1.142"
"Netherlands","1991","11.314292","61679.359","1.253"
"Netherlands","1992","11.211611","61985.129","1.298"
"Netherlands","1993","11.123338","62091.711","1.430"
"Netherlands","1994","11.104094","61031.957","1.582"
"Netherlands","1995","11.145648","63117.930","1.743"
"Netherlands","1996","11.671497","65456.961","2.136"
"Netherlands","1997","11.159401","63906.344","2.330"
"Netherlands","1998","11.145193","63980.645","2.553"
"Netherlands","1999","10.73093","62847.582","2.901"
"Netherlands","2000","10.72025","63325.410","3.323"
"Netherlands","2001","10.9662895","65422.441","3.543"
"Netherlands","2002","10.850785","65146.559","4.157"
"Netherlands","2003","11.008101","65296.625","4.099"
"Netherlands","2004","11.085795","67222.883","5.247"
"Netherlands","2005","10.818227","68395.852","7.484"
"Netherlands","2006","10.505694","66740.000","8.157"
"Netherlands","2007","10.466663","67568.078","7.229"
"Netherlands","2008","10.598356","66484.648","8.873"
"Netherlands","2009","10.21529","65268.383","9.537"
"Netherlands","2010","10.880462","70448.461","9.395"
"Netherlands","2011","10.049582","66766.094","10.825"
"Netherlands","2012","9.798995","65277.332","12.099"
"Netherlands","2013","9.720324","63014.336","11.921"
"Netherlands","2014","9.248505","59946.082","11.287"
"Netherlands","2015","9.584029","60683.023","12.583"
"Netherlands","2016","9.579465","60943.148","12.984"
"Netherlands","2017","9.372927","61101.004","15.073"
"Netherlands","2018","9.084534","59348.102","16.634"
"Netherlands","2019","8.708599","58836.934","18.867"
"Netherlands","2020","7.7664127","56705.539","26.672"
"Netherlands","2021","7.889522","58009.895","33.279"
"Netherlands","2022","7.1213217","56000.762","39.871"
"New Caledonia","2000","9.968356","45268.094","28.662"
"New Caledonia","2001","8.241223","42436.500","22.561"
"New Caledonia","2002","10.300759","45016.352","19.760"
"New Caledonia","2003","11.5155945","47813.309","19.277"
"New Caledonia","2004","10.441173","45600.543","20.755"
"New Caledonia","2005","11.482018","49324.578","20.112"
"New Caledonia","2006","10.94821","47853.824","17.514"
"New Caledonia","2007","11.673067","50583.902","23.370"
"New Caledonia","2008","11.219902","50031.602","26.966"
"New Caledonia","2009","11.800498","49562.727","23.497"
"New Caledonia","2010","13.982816","56732.922","15.423"
"New Caledonia","2011","13.860168","55054.582","19.535"
"New Caledonia","2012","13.641444","57458.293","21.101"
"New Caledonia","2013","14.341293","60432.473","21.429"
"New Caledonia","2014","17.811096","68428.609","12.281"
"New Caledonia","2015","17.222","69502.609","14.909"
"New Caledonia","2016","19.340572","73955.188","9.797"
"New Caledonia","2017","19.69207","71473.977","14.379"
"New Caledonia","2018","20.85342","79704.047","14.000"
"New Caledonia","2019","20.001928","79064.883","17.197"
"New Caledonia","2020","17.978209","74262.352","13.333"
"New Caledonia","2021","15.905857","70000.125","13.690"
"New Zealand","1985","6.688419","47245.512","76.297"
"New Zealand","1986","6.992507","50707.871","82.401"
"New Zealand","1987","7.3240423","50990.121","80.687"
"New Zealand","1988","7.673562","52845.629","80.582"
"New Zealand","1989","7.6348424","53766.461","80.161"
"New Zealand","1990","7.503754","54876.000","80.143"
"New Zealand","1991","7.5180583","54626.305","77.339"
"New Zealand","1992","7.9705563","53927.176","72.755"
"New Zealand","1993","7.7641287","54913.426","77.167"
"New Zealand","1994","7.7008963","57206.188","82.149"
"New Zealand","1995","7.617349","58495.258","83.934"
"New Zealand","1996","7.853252","58465.910","79.183"
"New Zealand","1997","8.276897","57741.027","70.288"
"New Zealand","1998","7.8284817","57223.055","75.840"
"New Zealand","1999","8.197648","57371.336","69.849"
"New Zealand","2000","8.352687","59543.809","72.016"
"New Zealand","2001","8.827948","58485.121","64.772"
"New Zealand","2002","8.736571","59589.078","71.135"
"New Zealand","2003","9.004052","56734.852","68.067"
"New Zealand","2004","8.767515","57499.695","73.724"
"New Zealand","2005","9.045037","55352.246","66.458"
"New Zealand","2006","8.920358","55087.375","66.746"
"New Zealand","2007","8.614808","54356.551","67.107"
"New Zealand","2008","8.795646","54010.570","65.983"
"New Zealand","2009","8.037123","53337.418","72.753"
"New Zealand","2010","8.001102","54097.281","74.134"
"New Zealand","2011","7.8127985","53886.934","76.717"
"New Zealand","2012","8.141623","53929.512","72.786"
"New Zealand","2013","7.9075756","53825.684","75.100"
"New Zealand","2014","7.8265586","55530.688","79.700"
"New Zealand","2015","7.76004","54939.430","80.572"
"New Zealand","2016","7.2400074","54612.461","84.323"
"New Zealand","2017","7.4097495","54745.461","81.575"
"New Zealand","2018","7.281771","53424.102","83.583"
"New Zealand","2019","7.357706","53259.336","82.105"
"New Zealand","2020","6.727745","47384.516","80.505"
"New Zealand","2021","6.773412","45906.223","80.815"
"New Zealand","2022","6.229061","44939.270","85.556"
"Nicaragua","2000","0.7386014","3180.879","20.657"
"Nicaragua","2001","0.7683972","3331.275","19.742"
"Nicaragua","2002","0.77197194","3352.596","25.556"
"Nicaragua","2003","0.82718307","3514.274","31.538"
"Nicaragua","2004","0.8272959","3614.387","37.918"
"Nicaragua","2005","0.79616284","3627.218","39.535"
"Nicaragua","2006","0.81319416","3595.257","37.097"
"Nicaragua","2007","0.82583445","3692.557","33.904"
"Nicaragua","2008","0.78063035","3683.910","39.130"
"Nicaragua","2009","0.7835324","3631.891","32.676"
"Nicaragua","2010","0.7761396","3699.920","38.177"
"Nicaragua","2011","0.8229098","3835.275","35.792"
"Nicaragua","2012","0.7682788","3815.543","42.931"
"Nicaragua","2013","0.7663428","3991.635","50.743"
"Nicaragua","2014","0.7780093","4173.799","52.414"
"Nicaragua","2015","0.8794708","4501.891","50.450"
"Nicaragua","2016","0.8629591","4451.653","53.244"
"Nicaragua","2017","0.8614027","4376.178","52.511"
"Nicaragua","2018","0.8090502","4282.387","54.746"
"Nicaragua","2019","0.8032668","4225.437","51.562"
"Nicaragua","2020","0.7069047","4237.677","54.751"
"Nicaragua","2021","0.772426","4265.271","54.644"
"Niger","2000","0.059384946","285.430","0.000"
"Niger","2001","0.054205693","270.002","0.000"
"Niger","2002","0.055441953","277.330","0.000"
"Niger","2003","0.05811559","294.453","0.000"
"Niger","2004","0.05995699","311.803","0.000"
"Niger","2005","0.050255112","283.513","0.000"
"Niger","2006","0.04702387","275.114","0.000"
"Niger","2007","0.04768312","285.466","0.000"
"Niger","2008","0.051559046","305.838","0.000"
"Niger","2009","0.059721623","346.995","0.000"
"Niger","2010","0.07009443","413.755","0.000"
"Niger","2011","0.07644417","400.052","0.000"
"Niger","2012","0.10382003","512.047","2.564"
"Niger","2013","0.112223126","554.461","2.381"
"Niger","2014","0.1174162","506.644","2.381"
"Niger","2015","0.110272095","514.949","1.961"
"Niger","2016","0.10352625","462.736","2.000"
"Niger","2017","0.10461656","433.122","1.887"
"Niger","2018","0.0812783","460.168","9.259"
"Niger","2019","0.10952548","468.485","8.197"
"Niger","2020","0.1281763","442.419","11.628"
"Niger","2021","0.10563177","409.757","11.111"
"Nigeria","2000","0.7661745","1827.256","40.283"
"Nigeria","2001","0.7717245","2013.826","39.488"
"Nigeria","2002","0.6735968","2047.175","39.478"
"Nigeria","2003","0.7290653","2100.657","38.140"
"Nigeria","2004","0.67321587","2122.096","34.624"
"Nigeria","2005","0.7010616","2259.475","34.177"
"Nigeria","2006","0.60436517","1960.876","28.176"
"Nigeria","2007","0.53612256","1749.514","28.161"
"Nigeria","2008","0.5488045","2047.778","28.153"
"Nigeria","2009","0.47535717","1250.422","23.858"
"Nigeria","2010","0.67239475","1514.104","25.432"
"Nigeria","2011","0.73588383","2095.608","22.706"
"Nigeria","2012","0.62499523","2033.544","20.659"
"Nigeria","2013","0.648446","2546.136","19.344"
"Nigeria","2014","0.6668816","2707.865","17.451"
"Nigeria","2015","0.57965857","2495.833","18.533"
"Nigeria","2016","0.5955475","2488.906","25.367"
"Nigeria","2017","0.5619865","2358.808","23.551"
"Nigeria","2018","0.52106166","2461.821","24.301"
"Nigeria","2019","0.61034876","2482.832","26.825"
"Nigeria","2020","0.58365196","2445.065","26.068"
"Nigeria","2021","0.6762326","2547.954","25.652"
"Nigeria","2022","0.58902264","","27.508"
"North Korea","2000","2.9225605","12287.299","53.867"
"North Korea","2001","3.0093186","11876.022","53.767"
"North Korea","2002","2.866764","11545.386","54.969"
"North Korea","2003","2.9116497","11428.484","57.087"
"North Korea","2004","2.9570036","11831.834","58.149"
"North Korea","2005","3.0746338","11560.980","58.585"
"North Korea","2006","3.1058812","10896.900","57.505"
"North Korea","2007","2.5755522","9940.034","62.919"
"North Korea","2008","2.8397758","10656.522","61.856"
"North Korea","2009","2.7196412","8974.746","60.420"
"North Korea","2010","2.61554","8532.009","63.070"
"North Korea","2011","1.9072018","6350.811","69.781"
"North Korea","2012","1.8544798","6045.368","71.253"
"North Korea","2013","1.4269675","4742.056","76.743"
"North Korea","2014","1.5647378","4437.806","73.642"
"North Korea","2015","1.2229646","3908.553","73.845"
"North Korea","2016","1.3322432","4500.188","76.570"
"North Korea","2017","2.700004","3657.935","80.698"
"North Korea","2018","2.4144042","3773.798","83.752"
"North Korea","2019","2.6696818","3817.566","82.055"
"North Korea","2020","2.5090284","3859.256","84.844"
"North Korea","2021","2.0573611","3833.954","83.183"
"North Macedonia","1990","5.37786","14509.268","8.522"
"North Macedonia","1991","3.788313","14458.464","14.731"
"North Macedonia","1992","4.129967","14983.443","14.003"
"North Macedonia","1993","3.7866411","15163.268","10.039"
"North Macedonia","1994","3.966162","14346.741","11.616"
"North Macedonia","1995","3.9655287","14441.307","13.051"
"North Macedonia","1996","4.678873","16688.305","12.801"
"North Macedonia","1997","4.169054","14975.063","13.373"
"North Macedonia","1998","4.7346683","16853.760","15.319"
"North Macedonia","1999","4.288241","16061.009","20.262"
"North Macedonia","2000","4.1159735","15136.714","17.181"
"North Macedonia","2001","4.0127397","14134.944","9.890"
"North Macedonia","2002","3.7779531","13736.116","12.479"
"North Macedonia","2003","4.0997686","15438.576","20.357"
"North Macedonia","2004","3.9439373","15211.423","22.222"
"North Macedonia","2005","4.113172","15711.266","21.470"
"North Macedonia","2006","4.1406145","15953.717","23.538"
"North Macedonia","2007","4.3292103","15826.587","15.538"
"North Macedonia","2008","4.315403","15306.128","13.312"
"North Macedonia","2009","4.0024796","15049.309","18.622"
"North Macedonia","2010","3.9882076","16308.639","33.471"
"North Macedonia","2011","4.3240137","16243.486","21.154"
"North Macedonia","2012","4.1713424","15064.223","16.613"
"North Macedonia","2013","3.701642","14376.997","26.108"
"North Macedonia","2014","3.5872626","13282.878","23.978"
"North Macedonia","2015","3.393199","13986.548","35.929"
"North Macedonia","2016","3.368327","14496.338","36.767"
"North Macedonia","2017","3.6529996","13935.601","23.036"
"North Macedonia","2018","3.4660208","13911.034","34.938"
"North Macedonia","2019","4.0179386","14689.626","22.828"
"North Macedonia","2020","3.7285478","12822.860","27.715"
"North Macedonia","2021","3.5212708","13448.679","29.583"
"North Macedonia","2022","3.9952326","13874.975","27.182"
"Norway","1985","7.7751675","104859.812","99.125"
"Norway","1986","8.347309","101942.758","98.913"
"Norway","1987","7.9313226","106603.047","99.052"
"Norway","1988","8.455139","109295.656","98.968"
"Norway","1989","8.078672","115963.898","99.356"
"Norway","1990","8.254036","116793.992","99.909"
"Norway","1991","7.8528857","107180.648","99.891"
"Norway","1992","8.026121","112226.188","99.906"
"Norway","1993","8.336998","115128.867","99.891"
"Norway","1994","8.731301","110567.258","99.750"
"Norway","1995","8.825208","116719.898","99.754"
"Norway","1996","9.481557","106524.242","99.617"
"Norway","1997","9.453828","111384.031","99.683"
"Norway","1998","9.441456","115148.039","99.716"
"Norway","1999","9.549757","117394.086","99.673"
"Norway","2000","9.381491","129255.242","99.775"
"Norway","2001","9.641643","116303.484","99.653"
"Norway","2002","9.380972","120364.250","99.677"
"Norway","2003","9.621514","105588.055","99.475"
"Norway","2004","9.638396","106903.023","99.464"
"Norway","2005","9.361427","121278.375","99.577"
"Norway","2006","9.410819","110179.180","99.430"
"Norway","2007","9.684611","117053.125","99.264"
"Norway","2008","9.373132","118381.930","99.525"
"Norway","2009","8.925522","107938.016","96.631"
"Norway","2010","9.338823","102332.453","95.840"
"Norway","2011","9.040032","102448.797","96.585"
"Norway","2012","8.819053","111982.734","97.987"
"Norway","2013","8.7673025","103711.922","97.861"
"Norway","2014","8.754434","105633.750","97.871"
"Norway","2015","8.7716675","105580.383","97.910"
"Norway","2016","8.538622","106194.953","97.995"
"Norway","2017","8.375709","105901.328","98.026"
"Norway","2018","8.37238","103558.188","97.973"
"Norway","2019","8.015733","96392.500","97.938"
"Norway","2020","7.672967","103888.891","98.574"
"Norway","2021","7.591971","105328.086","99.313"
"Norway","2022","7.4829626","96926.234","98.972"
"Oman","1985","6.522544","24303.521","0.000"
"Oman","1986","6.9738245","24565.830","0.000"
"Oman","1987","6.29163","24103.346","0.000"
"Oman","1988","6.649783","23387.941","0.000"
"Oman","1989","5.9902954","23185.213","0.000"
"Oman","1990","6.3975863","25811.695","0.000"
"Oman","1991","6.296853","32077.758","0.000"
"Oman","1992","6.168484","30367.953","0.000"
"Oman","1993","6.574442","28068.113","0.000"
"Oman","1994","8.389684","25534.031","0.000"
"Oman","1995","8.873414","29375.076","0.000"
"Oman","1996","8.436642","29626.945","0.000"
"Oman","1997","8.282418","30043.963","0.000"
"Oman","1998","8.343377","30345.678","0.000"
"Oman","1999","9.798938","33996.680","0.000"
"Oman","2000","10.509595","47317.117","0.000"
"Oman","2001","9.744401","51864.105","0.000"
"Oman","2002","11.543568","55331.734","0.000"
"Oman","2003","14.621943","56736.633","0.000"
"Oman","2004","12.161969","51916.520","0.000"
"Oman","2005","12.942205","61629.492","0.000"
"Oman","2006","16.084703","66495.539","0.000"
"Oman","2007","17.628532","66225.367","0.000"
"Oman","2008","18.060146","75738.219","0.000"
"Oman","2009","16.57708","73844.125","0.000"
"Oman","2010","18.650982","82213.055","0.000"
"Oman","2011","18.625143","80976.867","0.000"
"Oman","2012","17.790545","80129.000","0.000"
"Oman","2013","17.107052","83183.344","0.000"
"Oman","2014","16.537405","78766.812","0.000"
"Oman","2015","16.220999","80343.992","0.000"
"Oman","2016","15.0857725","76792.227","0.000"
"Oman","2017","14.621537","77804.742","0.059"
"Oman","2018","15.37186","81662.578","0.056"
"Oman","2019","15.689613","81070.859","0.055"
"Oman","2020","15.886151","79038.305","0.379"
"Oman","2021","16.674276","87160.523","0.438"
"Oman","2022","16.488375","90751.438","0.431"
"Pakistan","1985","0.47657418","2246.296","45.183"
"Pakistan","1986","0.48282826","2298.183","38.500"
"Pakistan","1987","0.5040272","2488.094","45.049"
"Pakistan","1988","0.5298461","2552.250","42.204"
"Pakistan","1989","0.5369274","2617.031","40.750"
"Pakistan","1990","0.5839355","2646.973","37.154"
"Pakistan","1991","0.56202626","2715.528","36.406"
"Pakistan","1992","0.58289564","2778.575","37.228"
"Pakistan","1993","0.60758656","2997.401","38.472"
"Pakistan","1994","0.6425968","3012.739","37.165"
"Pakistan","1995","0.6212881","3085.091","35.681"
"Pakistan","1996","0.67511857","3187.431","36.701"
"Pakistan","1997","0.65801567","2992.172","29.523"
"Pakistan","1998","0.6602456","3119.748","36.309"
"Pakistan","1999","0.66010743","3164.593","32.931"
"Pakistan","2000","0.67110217","3133.734","28.060"
"Pakistan","2001","0.6617698","3109.893","28.381"
"Pakistan","2002","0.67739564","3148.968","31.681"
"Pakistan","2003","0.677049","3355.333","35.480"
"Pakistan","2004","0.7276534","3651.140","32.462"
"Pakistan","2005","0.7406387","3707.498","35.167"
"Pakistan","2006","0.7675285","3826.202","34.630"
"Pakistan","2007","0.8040892","3981.929","32.529"
"Pakistan","2008","0.78048605","3915.401","32.680"
"Pakistan","2009","0.76323503","3879.560","31.494"
"Pakistan","2010","0.7403367","3809.428","34.508"
"Pakistan","2011","0.7336991","3727.354","30.971"
"Pakistan","2012","0.7249827","3401.662","31.295"
"Pakistan","2013","0.7020431","3661.008","31.697"
"Pakistan","2014","0.7038469","3725.951","32.122"
"Pakistan","2015","0.66682756","3867.193","32.781"
"Pakistan","2016","0.80286133","4163.392","28.823"
"Pakistan","2017","0.9494198","4348.830","24.616"
"Pakistan","2018","0.8967553","4419.168","30.493"
"Pakistan","2019","0.8267986","4400.116","29.788"
"Pakistan","2020","0.91705513","4301.192","31.188"
"Pakistan","2021","1.0170143","4683.573","29.726"
"Pakistan","2022","0.8697954","4242.753","28.685"
"Palestine","2001","0.41473454","2421.331","0.000"
"Palestine","2002","0.34739068","2188.220","0.000"
"Palestine","2003","0.37523407","2295.478","0.000"
"Palestine","2004","0.63049203","3414.642","0.000"
"Palestine","2005","0.7693831","4088.966","0.000"
"Palestine","2006","0.6222102","3524.347","0.000"
"Palestine","2007","0.62264663","3541.695","0.000"
"Palestine","2008","0.5358629","3315.866","0.000"
"Palestine","2009","0.53260636","3321.987","0.000"
"Palestine","2010","0.5062389","3243.116","0.000"
"Palestine","2011","0.5456948","3521.862","0.000"
"Palestine","2012","0.5206573","3442.585","0.000"
"Palestine","2013","0.56463766","3573.091","0.000"
"Palestine","2014","0.6422121","3767.683","0.000"
"Palestine","2015","0.6636677","4085.648","2.083"
"Palestine","2016","0.69835776","4188.031","7.843"
"Palestine","2017","0.6883403","4108.217","9.615"
"Palestine","2018","0.60958487","4097.168","15.000"
"Palestine","2019","0.65848595","4185.992","15.584"
"Palestine","2020","0.6562355","3990.178","22.500"
"Palestine","2021","0.7009545","3999.195","23.256"
"Panama","2000","1.8721396","22342.990","71.429"
"Panama","2001","2.2509563","22268.619","50.810"
"Panama","2002","1.8246654","21577.676","66.019"
"Panama","2003","1.8586432","21345.660","52.690"
"Panama","2004","1.6931334","21352.857","67.321"
"Panama","2005","2.0349927","20928.799","65.608"
"Panama","2006","2.1576018","22302.521","61.092"
"Panama","2007","2.075219","20661.121","58.070"
"Panama","2008","1.9450976","23762.428","63.942"
"Panama","2009","2.2588375","22608.205","58.160"
"Panama","2010","2.4967968","25191.672","58.741"
"Panama","2011","2.6802132","24962.391","54.762"
"Panama","2012","2.5378184","27223.264","64.833"
"Panama","2013","2.685683","26325.066","59.977"
"Panama","2014","2.746235","26454.377","62.156"
"Panama","2015","2.689891","28399.344","71.551"
"Panama","2016","2.564798","29494.584","72.400"
"Panama","2017","2.334379","31180.088","74.318"
"Panama","2018","2.1884246","31255.303","82.143"
"Panama","2019","2.9397075","27875.500","60.058"
"Panama","2020","1.5273576","27640.848","75.566"
"Panama","2021","2.334559","27067.068","74.531"
"Papua New Guinea","2000","0.53058714","2747.343","45.972"
"Papua New Guinea","2001","0.58235204","3037.213","38.610"
"Papua New Guinea","2002","0.6188555","3073.672","36.232"
"Papua New Guinea","2003","0.66189414","3376.062","34.516"
"Papua New Guinea","2004","0.740686","3651.766","32.704"
"Papua New Guinea","2005","0.7625308","3417.074","38.438"
"Papua New Guinea","2006","0.7485404","3393.203","38.462"
"Papua New Guinea","2007","0.94510376","3544.432","40.120"
"Papua New Guinea","2008","0.77190316","3056.953","40.854"
"Papua New Guinea","2009","0.71081686","3259.054","39.403"
"Papua New Guinea","2010","0.6176331","2867.584","38.938"
"Papua New Guinea","2011","0.6741552","2917.431","40.227"
"Papua New Guinea","2012","0.54105073","2741.809","39.612"
"Papua New Guinea","2013","0.54584146","2730.934","38.482"
"Papua New Guinea","2014","0.71859366","2816.402","37.065"
"Papua New Guinea","2015","0.7224157","3170.520","35.663"
"Papua New Guinea","2016","0.7837863","3283.417","34.660"
"Papua New Guinea","2017","0.7136226","3098.138","29.812"
"Papua New Guinea","2018","0.8085464","3150.152","28.864"
"Papua New Guinea","2019","0.78912693","3159.517","28.829"
"Papua New Guinea","2020","0.8059286","2163.870","27.586"
"Papua New Guinea","2021","0.78629434","2123.498","26.543"
"Paraguay","2000","0.70428723","24335.996","99.981"
"Paraguay","2001","0.71077317","21277.064","99.978"
"Paraguay","2002","0.7323757","21856.117","99.979"
"Paraguay","2003","0.7558346","22881.867","99.961"
"Paraguay","2004","0.7530441","22449.500","100.000"
"Paraguay","2005","0.6924381","21752.111","100.000"
"Paraguay","2006","0.70852304","22537.387","100.000"
"Paraguay","2007","0.7269179","22409.062","100.000"
"Paraguay","2008","0.7605801","22887.295","100.000"
"Paraguay","2009","0.79787993","22453.984","100.000"
"Paraguay","2010","0.873277","22447.141","100.000"
"Paraguay","2011","0.89283776","23345.691","100.000"
"Paraguay","2012","0.87487036","23638.725","100.000"
"Paraguay","2013","0.86403793","23514.254","99.933"
"Paraguay","2014","0.8980856","21944.449","99.927"
"Paraguay","2015","0.9815504","22191.486","99.928"
"Paraguay","2016","1.1500028","24718.906","100.000"
"Paraguay","2017","1.2525467","23435.645","100.000"
"Paraguay","2018","1.3230258","23139.457","100.000"
"Paraguay","2019","1.2691232","19903.920","99.857"
"Paraguay","2020","1.1272037","18493.115","99.849"
"Paraguay","2021","1.2248267","15782.273","99.825"
"Peru","1985","0.9901474","5194.652","78.862"
"Peru","1986","1.0824163","5467.233","78.885"
"Peru","1987","1.2483368","5835.849","78.638"
"Peru","1988","1.1882448","5542.617","77.915"
"Peru","1989","1.0106592","4992.290","77.599"
"Peru","1990","0.9721106","4840.403","76.803"
"Peru","1991","0.92323846","4700.407","80.272"
"Peru","1992","0.9145589","4484.476","74.851"
"Peru","1993","1.0201153","4803.711","80.416"
"Peru","1994","1.0123552","5120.706","81.092"
"Peru","1995","1.032615","5453.049","77.485"
"Peru","1996","0.99620783","5517.963","77.900"
"Peru","1997","1.0978477","5313.081","74.466"
"Peru","1998","1.0904388","5385.502","74.989"
"Peru","1999","1.1289179","5433.182","77.063"
"Peru","2000","1.0781703","5528.503","82.242"
"Peru","2001","0.936789","5407.231","85.602"
"Peru","2002","0.9378315","5472.090","83.048"
"Peru","2003","0.9033261","5345.900","81.992"
"Peru","2004","1.0233892","5642.667","73.333"
"Peru","2005","1.0789979","5816.902","71.231"
"Peru","2006","0.9991095","5834.625","73.438"
"Peru","2007","1.2115691","6303.571","66.781"
"Peru","2008","1.2386353","6757.025","59.775"
"Peru","2009","1.364297","6840.561","62.204"
"Peru","2010","1.4613583","7707.480","58.722"
"Peru","2011","1.4443991","8431.997","58.267"
"Peru","2012","1.5400378","8629.543","56.470"
"Peru","2013","1.4326204","8741.407","54.862"
"Peru","2014","1.6399359","8856.475","53.048"
"Peru","2015","1.6154937","9171.356","53.751"
"Peru","2016","1.7072773","9602.029","52.056"
"Peru","2017","1.7470704","9605.620","58.788"
"Peru","2018","1.7560439","9887.749","60.863"
"Peru","2019","1.8079982","9949.632","60.827"
"Peru","2020","1.4384526","8365.432","63.839"
"Peru","2021","1.8084831","9412.289","60.561"
"Peru","2022","1.9352938","9835.475","55.085"
"Philippines","1985","0.5045075","2464.009","50.493"
"Philippines","1986","0.5114189","2444.717","55.260"
"Philippines","1987","0.5577806","2584.316","44.797"
"Philippines","1988","0.626208","2785.034","46.811"
"Philippines","1989","0.6338742","2943.833","47.654"
"Philippines","1990","0.6487035","3047.123","45.420"
"Philippines","1991","0.665936","2929.079","42.508"
"Philippines","1992","0.7246253","3068.949","39.196"
"Philippines","1993","0.715853","3288.423","40.246"
"Philippines","1994","0.7748366","3346.220","39.995"
"Philippines","1995","0.8394482","3733.461","36.857"
"Philippines","1996","0.8371868","3904.683","36.952"
"Philippines","1997","0.93557286","4157.918","33.435"
"Philippines","1998","0.88900596","4044.864","33.624"
"Philippines","1999","0.86549443","4002.267","44.492"
"Philippines","2000","0.8975363","3945.095","44.366"
"Philippines","2001","0.8574645","3776.745","38.700"
"Philippines","2002","0.8365551","3717.366","37.024"
"Philippines","2003","0.8202433","3758.512","34.813"
"Philippines","2004","0.8333714","3771.797","35.079"
"Philippines","2005","0.8218276","3713.324","33.678"
"Philippines","2006","0.73339576","3471.664","37.406"
"Philippines","2007","0.7687051","3535.236","32.930"
"Philippines","2008","0.8263837","3587.580","35.260"
"Philippines","2009","0.8007766","3563.593","34.131"
"Philippines","2010","0.8537299","3601.579","28.053"
"Philippines","2011","0.844595","3608.626","29.061"
"Philippines","2012","0.8732301","3668.367","28.897"
"Philippines","2013","0.92896587","3865.761","26.821"
"Philippines","2014","0.9644077","4002.745","26.123"
"Philippines","2015","1.0544406","4314.064","26.198"
"Philippines","2016","1.1262923","4629.118","24.642"
"Philippines","2017","1.235442","4989.890","24.740"
"Philippines","2018","1.2776358","5040.644","23.782"
"Philippines","2019","1.2869601","5104.391","21.474"
"Philippines","2020","1.1728759","4565.338","22.648"
"Philippines","2021","1.2402151","4791.938","22.133"
"Philippines","2022","1.3246514","5066.786","22.583"
"Poland","1985","11.948963","39442.582","1.633"
"Poland","1986","12.064739","40274.805","1.366"
"Poland","1987","12.311895","41340.035","1.271"
"Poland","1988","11.746854","40381.410","1.307"
"Poland","1989","11.129813","38733.824","1.177"
"Poland","1990","9.889295","31797.018","1.108"
"Poland","1991","9.786034","31025.543","1.130"
"Poland","1992","9.527805","29603.373","1.240"
"Poland","1993","9.530198","29537.271","1.176"
"Poland","1994","9.38838","28225.850","1.335"
"Poland","1995","9.448353","28871.494","1.430"
"Poland","1996","9.831252","30310.082","1.459"
"Poland","1997","9.575367","30017.113","1.511"
"Poland","1998","8.84455","28770.186","1.797"
"Poland","1999","8.598169","28228.996","1.672"
"Poland","2000","8.293836","26426.166","1.627"
"Poland","2001","8.190556","26135.066","1.934"
"Poland","2002","8.000449","25864.023","1.944"
"Poland","2003","8.343018","26777.979","1.500"
"Poland","2004","8.478947","26977.344","2.102"
"Poland","2005","8.461171","27590.934","2.483"
"Poland","2006","8.835748","28976.988","2.674"
"Poland","2007","8.830378","28913.844","3.426"
"Poland","2008","8.670105","29419.189","4.274"
"Poland","2009","8.312326","28364.893","5.752"
"Poland","2010","8.768195","30213.855","6.930"
"Poland","2011","8.725933","30370.395","8.055"
"Poland","2012","8.517539","29494.252","10.444"
"Poland","2013","8.409914","29578.533","10.408"
"Poland","2014","8.086096","28535.256","12.533"
"Poland","2015","8.167728","28851.459","13.815"
"Poland","2016","8.449371","30122.609","13.734"
"Poland","2017","8.796377","31295.422","14.200"
"Poland","2018","8.779007","31661.174","12.756"
"Poland","2019","8.304427","30777.799","15.616"
"Poland","2020","7.914448","29514.133","17.965"
"Poland","2021","8.693247","32001.074","17.095"
"Poland","2022","8.20336","30065.420","21.043"
"Portugal","1985","2.718878","15068.077","59.476"
"Portugal","1986","3.0242019","15925.963","44.805"
"Portugal","1987","3.1192136","16283.311","48.508"
"Portugal","1988","3.255262","18061.990","57.299"
"Portugal","1989","4.0816593","19507.555","25.116"
"Portugal","1990","4.5358243","19831.852","34.698"
"Portugal","1991","4.702432","20623.279","33.109"
"Portugal","1992","5.1159587","20856.533","18.541"
"Portugal","1993","4.9606175","21433.785","30.429"
"Portugal","1994","5.0250344","22151.631","37.121"
"Portugal","1995","5.4330335","24196.691","28.296"
"Portugal","1996","5.145144","24861.070","45.859"
"Portugal","1997","5.4071655","25112.330","41.681"
"Portugal","1998","5.8281155","27262.018","36.366"
"Portugal","1999","6.547137","27735.396","20.089"
"Portugal","2000","6.369969","28476.131","29.668"
"Portugal","2001","6.2956595","28699.385","34.091"
"Portugal","2002","6.682252","28321.012","21.314"
"Portugal","2003","6.1680245","28965.469","38.048"
"Portugal","2004","6.421131","28331.549","27.465"
"Portugal","2005","6.6304703","28219.037","17.865"
"Portugal","2006","6.162616","27957.990","32.366"
"Portugal","2007","5.9145875","28116.701","34.570"
"Portugal","2008","5.680534","27100.385","32.190"
"Portugal","2009","5.403325","27307.855","36.964"
"Portugal","2010","4.9996824","28813.400","52.803"
"Portugal","2011","4.9051266","27547.613","46.473"
"Portugal","2012","4.7494764","25259.119","42.506"
"Portugal","2013","4.603641","27884.039","58.322"
"Portugal","2014","4.607092","28600.113","60.758"
"Portugal","2015","5.03681","28096.076","47.533"
"Portugal","2016","4.8626604","30146.477","54.625"
"Portugal","2017","5.339853","29287.125","39.133"
"Portugal","2018","4.972253","29893.375","50.351"
"Portugal","2019","4.6004105","28468.561","52.987"
"Portugal","2020","4.024692","25782.078","58.421"
"Portugal","2021","3.8783576","25884.490","63.815"
"Portugal","2022","3.9092069","25094.396","59.817"
"Puerto Rico","2000","","33807.605","0.688"
"Puerto Rico","2001","","36749.922","0.583"
"Puerto Rico","2002","","37742.359","0.475"
"Puerto Rico","2003","","39338.191","0.418"
"Puerto Rico","2004","","40723.621","0.580"
"Puerto Rico","2005","","39564.488","0.561"
"Puerto Rico","2006","","36062.957","0.587"
"Puerto Rico","2007","","34952.594","0.717"
"Puerto Rico","2008","","32875.305","0.765"
"Puerto Rico","2009","","30928.209","0.821"
"Puerto Rico","2010","","26371.678","0.766"
"Puerto Rico","2011","","28760.348","0.749"
"Puerto Rico","2012","","30574.373","0.566"
"Puerto Rico","2013","","27237.188","1.415"
"Puerto Rico","2014","","26354.953","1.714"
"Puerto Rico","2015","","26833.928","1.862"
"Puerto Rico","2016","","25580.963","1.861"
"Puerto Rico","2017","","25320.355","2.217"
"Puerto Rico","2018","","25807.195","1.413"
"Puerto Rico","2019","","24532.930","2.665"
"Puerto Rico","2020","","21459.730","2.742"
"Puerto Rico","2021","","24176.893","2.741"
"Qatar","1985","33.85984","180687.203","0.000"
"Qatar","1986","34.728718","188500.672","0.000"
"Qatar","1987","28.93017","175773.953","0.000"
"Qatar","1988","28.968649","178426.891","0.000"
"Qatar","1989","33.618515","182110.922","0.000"
"Qatar","1990","25.961683","178492.953","0.000"
"Qatar","1991","38.28471","198934.953","0.000"
"Qatar","1992","57.096703","306146.344","0.000"
"Qatar","1993","63.400177","317440.500","0.000"
"Qatar","1994","64.81944","312624.969","0.000"
"Qatar","1995","64.49131","302813.406","0.000"
"Qatar","1996","65.16238","217083.484","0.000"
"Qatar","1997","76.71462","227695.781","0.000"
"Qatar","1998","63.664547","232336.031","0.000"
"Qatar","1999","59.304527","245009.359","0.000"
"Qatar","2000","62.646393","207755.625","0.000"
"Qatar","2001","67.726944","189988.266","0.000"
"Qatar","2002","63.51756","199143.969","0.000"
"Qatar","2003","62.617912","217673.234","0.000"
"Qatar","2004","61.343662","253062.594","0.000"
"Qatar","2005","57.766815","262585.688","0.000"
"Qatar","2006","61.420937","230796.000","0.000"
"Qatar","2007","49.255165","207280.516","0.000"
"Qatar","2008","43.35905","196001.000","0.000"
"Qatar","2009","41.174797","178237.719","0.000"
"Qatar","2010","43.09007","194843.922","0.000"
"Qatar","2011","45.174625","216384.266","0.035"
"Qatar","2012","49.15157","232316.578","0.031"
"Qatar","2013","44.982407","236185.812","0.031"
"Qatar","2014","41.3102","234538.375","0.055"
"Qatar","2015","38.44141","245271.828","0.077"
"Qatar","2016","35.153873","223248.578","0.075"
"Qatar","2017","39.034973","206889.172","0.070"
"Qatar","2018","37.166264","202570.297","0.044"
"Qatar","2019","36.251686","208021.297","0.064"
"Qatar","2020","36.145443","184074.562","0.045"
"Qatar","2021","37.082108","199419.203","0.063"
"Qatar","2022","37.88961","194221.594","0.065"
"Reunion","2000","","14478.673","36.598"
"Reunion","2001","","14354.454","34.762"
"Reunion","2002","","14420.058","34.135"
"Reunion","2003","","14390.120","33.180"
"Reunion","2004","","15802.612","33.193"
"Reunion","2005","","14858.951","32.800"
"Reunion","2006","","13837.397","34.783"
"Reunion","2007","","13240.080","37.209"
"Reunion","2008","","14273.304","36.059"
"Reunion","2009","","14426.384","32.014"
"Reunion","2010","","15580.163","33.566"
"Reunion","2011","","14889.343","30.796"
"Romania","1985","8.557496","31737.732","17.702"
"Romania","1986","8.867722","32322.682","14.322"
"Romania","1987","9.277592","33421.176","15.131"
"Romania","1988","9.273012","33942.172","19.617"
"Romania","1989","9.304999","33898.359","18.033"
"Romania","1990","7.695672","32195.119","17.745"
"Romania","1991","6.199307","27336.961","25.687"
"Romania","1992","5.7611985","24151.340","21.663"
"Romania","1993","5.3720255","23555.578","23.067"
"Romania","1994","5.3114414","22306.182","23.710"
"Romania","1995","5.546691","24621.631","28.264"
"Romania","1996","5.727865","24596.516","25.823"
"Romania","1997","5.2702637","23478.516","30.889"
"Romania","1998","4.701992","21607.326","35.648"
"Romania","1999","4.0105557","19110.252","36.239"
"Romania","2000","4.227758","19175.828","28.666"
"Romania","2001","4.513159","19502.389","27.862"
"Romania","2002","4.5507026","20380.363","29.493"
"Romania","2003","4.8027234","20540.846","24.179"
"Romania","2004","4.82323","21481.434","29.226"
"Romania","2005","4.7770095","21728.150","34.035"
"Romania","2006","4.9577546","22364.223","29.282"
"Romania","2007","5.198509","21750.250","25.957"
"Romania","2008","5.1642756","21966.107","26.513"
"Romania","2009","4.2671957","19314.918","26.936"
"Romania","2010","4.134961","19617.842","33.493"
"Romania","2011","4.5553036","20211.152","26.323"
"Romania","2012","4.457074","19514.234","25.400"
"Romania","2013","3.927419","18270.229","34.415"
"Romania","2014","3.973089","19029.295","41.601"
"Romania","2015","3.9276292","19213.441","39.730"
"Romania","2016","3.8725147","19323.846","41.756"
"Romania","2017","4.0342684","19747.191","37.983"
"Romania","2018","4.075668","20218.590","40.642"
"Romania","2019","3.9325275","19839.047","41.619"
"Romania","2020","3.81315","18998.812","44.247"
"Romania","2021","4.026425","20035.705","44.546"
"Romania","2022","3.8183794","18346.869","42.149"
"Russia","1990","17.024376","68079.156","15.423"
"Russia","1991","16.110184","66946.992","15.743"
"Russia","1992","13.185007","64323.957","17.121"
"Russia","1993","12.600125","59901.234","18.226"
"Russia","1994","11.11247","54683.012","20.092"
"Russia","1995","10.912879","51845.484","20.501"
"Russia","1996","10.714368","50010.332","18.221"
"Russia","1997","10.02317","47390.879","18.881"
"Russia","1998","9.928901","47388.211","19.169"
"Russia","1999","10.14716","48097.676","18.972"
"Russia","2000","10.091322","49127.297","19.702"
"Russia","2001","10.389471","50112.773","20.647"
"Russia","2002","10.335309","50130.184","19.194"
"Russia","2003","10.556017","51387.617","18.006"
"Russia","2004","10.644388","52053.328","19.933"
"Russia","2005","10.816067","52182.891","19.242"
"Russia","2006","11.265755","54674.262","18.494"
"Russia","2007","11.290963","55047.945","18.524"
"Russia","2008","11.492318","55313.555","16.822"
"Russia","2009","10.74057","52542.598","18.623"
"Russia","2010","11.346466","54554.844","17.033"
"Russia","2011","11.697759","56364.211","16.698"
"Russia","2012","11.782466","56593.086","16.443"
"Russia","2013","11.324347","55798.707","18.124"
"Russia","2014","11.297595","55844.656","17.502"
"Russia","2015","11.253667","54818.855","16.754"
"Russia","2016","11.176727","55769.246","17.995"
"Russia","2017","11.362259","55974.684","17.996"
"Russia","2018","11.677306","57958.258","18.423"
"Russia","2019","11.631905","57486.199","18.546"
"Russia","2020","11.149055","55455.547","20.743"
"Russia","2021","11.482229","60271.016","19.959"
"Russia","2022","11.508876","55459.422","18.361"
"Rwanda","2000","0.06271452","357.734","100.000"
"Rwanda","2001","0.06262692","347.059","100.000"
"Rwanda","2002","0.06089663","348.555","100.000"
"Rwanda","2003","0.05886144","338.953","100.000"
"Rwanda","2004","0.05849709","318.321","88.889"
"Rwanda","2005","0.056756996","300.623","60.000"
"Rwanda","2006","0.055284664","283.975","25.000"
"Rwanda","2007","0.056772817","282.629","26.667"
"Rwanda","2008","0.05420935","289.523","38.889"
"Rwanda","2009","0.055150185","297.063","41.667"
"Rwanda","2010","0.056309536","324.944","40.741"
"Rwanda","2011","0.060844686","351.946","41.935"
"Rwanda","2012","0.06634094","376.878","41.176"
"Rwanda","2013","0.07020843","390.732","39.474"
"Rwanda","2014","0.07301555","403.430","44.681"
"Rwanda","2015","0.08305669","436.214","51.724"
"Rwanda","2016","0.08826083","429.518","46.269"
"Rwanda","2017","0.09586281","458.821","47.368"
"Rwanda","2018","0.105146945","491.126","43.023"
"Rwanda","2019","0.11063562","525.573","46.078"
"Rwanda","2020","0.10671424","496.898","64.835"
"Rwanda","2021","0.12721947","471.355","60.000"
"Saint Kitts and Nevis","2000","3.8038523","16953.340","0.000"
"Saint Kitts and Nevis","2001","3.841258","17325.975","0.000"
"Saint Kitts and Nevis","2002","4.2171645","18841.998","0.000"
"Saint Kitts and Nevis","2003","4.20329","18804.082","0.000"
"Saint Kitts and Nevis","2004","4.507154","20273.662","0.000"
"Saint Kitts and Nevis","2005","4.1798577","18827.416","0.000"
"Saint Kitts and Nevis","2006","4.3252063","19448.727","0.000"
"Saint Kitts and Nevis","2007","4.6256685","20502.656","0.000"
"Saint Kitts and Nevis","2008","4.6135263","20417.770","0.000"
"Saint Kitts and Nevis","2009","4.683326","20836.158","0.000"
"Saint Kitts and Nevis","2010","4.69032","20931.088","0.000"
"Saint Kitts and Nevis","2011","4.8419123","21851.840","0.000"
"Saint Kitts and Nevis","2012","4.749745","21675.412","5.000"
"Saint Kitts and Nevis","2013","4.746114","21579.867","4.762"
"Saint Kitts and Nevis","2014","4.8218713","21838.453","4.762"
"Saint Kitts and Nevis","2015","4.900059","22357.986","5.000"
"Saint Kitts and Nevis","2016","5.056583","22948.984","4.762"
"Saint Kitts and Nevis","2017","5.1369944","22939.449","0.000"
"Saint Kitts and Nevis","2018","5.2974997","23219.201","4.545"
"Saint Kitts and Nevis","2019","5.5378065","23235.219","4.545"
"Saint Kitts and Nevis","2020","5.156602","19642.783","4.762"
"Saint Kitts and Nevis","2021","5.012098","20900.703","4.545"
"Saint Lucia","2000","2.1481743","9184.194","0.000"
"Saint Lucia","2001","2.2407408","9891.598","0.000"
"Saint Lucia","2002","2.1985586","8871.310","0.000"
"Saint Lucia","2003","2.3155015","9741.581","0.000"
"Saint Lucia","2004","2.4315128","9705.236","0.000"
"Saint Lucia","2005","2.3694427","9942.035","0.000"
"Saint Lucia","2006","2.4843361","9963.842","0.000"
"Saint Lucia","2007","2.5115936","10237.039","0.000"
"Saint Lucia","2008","2.517676","10455.242","0.000"
"Saint Lucia","2009","2.501907","10132.104","0.000"
"Saint Lucia","2010","2.829658","10512.177","0.000"
"Saint Lucia","2011","2.814951","10594.858","0.000"
"Saint Lucia","2012","2.8234422","10486.784","0.000"
"Saint Lucia","2013","2.8106587","10408.478","0.000"
"Saint Lucia","2014","2.7983117","10461.293","0.000"
"Saint Lucia","2015","2.7440357","10483.141","0.000"
"Saint Lucia","2016","2.6908813","10549.006","0.000"
"Saint Lucia","2017","2.8048449","11386.956","0.000"
"Saint Lucia","2018","2.8768585","10425.025","0.000"
"Saint Lucia","2019","2.8252034","15259.877","0.000"
"Saint Lucia","2020","2.7336996","12810.415","0.000"
"Saint Lucia","2021","2.8320374","13599.725","0.000"
"Saint Pierre and Miquelon","2000","8.700333","44661.230","0.000"
"Saint Pierre and Miquelon","2001","8.725195","44782.070","0.000"
"Saint Pierre and Miquelon","2002","9.3454485","48984.074","0.000"
"Saint Pierre and Miquelon","2003","9.991658","55465.438","0.000"
"Saint Pierre and Miquelon","2004","9.46923","53783.301","0.000"
"Saint Pierre and Miquelon","2005","10.146277","56306.234","0.000"
"Saint Pierre and Miquelon","2006","10.221201","56582.922","0.000"
"Saint Pierre and Miquelon","2007","10.254857","58813.465","0.000"
"Saint Pierre and Miquelon","2008","10.273462","58861.789","0.000"
"Saint Pierre and Miquelon","2009","10.288734","58939.277","0.000"
"Saint Pierre and Miquelon","2010","10.300645","61996.320","0.000"
"Saint Pierre and Miquelon","2011","10.926441","62504.328","0.000"
"Saint Pierre and Miquelon","2012","10.957302","61828.691","0.000"
"Saint Pierre and Miquelon","2013","10.993833","63525.680","0.000"
"Saint Pierre and Miquelon","2014","11.02139","66357.250","0.000"
"Saint Pierre and Miquelon","2015","11.045386","66489.945","0.000"
"Saint Pierre and Miquelon","2016","11.071344","67819.867","0.000"
"Saint Pierre and Miquelon","2017","11.091826","66723.438","0.000"
"Saint Pierre and Miquelon","2018","9.88267","72730.234","0.000"
"Saint Pierre and Miquelon","2019","11.1802","62718.688","0.000"
"Saint Pierre and Miquelon","2020","10.643883","57585.082","0.000"
"Saint Pierre and Miquelon","2021","9.472595","58387.957","0.000"
"Saint Vincent and the Grenadines","2000","1.2583193","6158.820","33.333"
"Saint Vincent and the Grenadines","2001","1.5494511","7138.917","20.000"
"Saint Vincent and the Grenadines","2002","1.6483394","7730.994","20.000"
"Saint Vincent and the Grenadines","2003","1.7810144","8126.263","20.000"
"Saint Vincent and the Grenadines","2004","1.9479691","9015.828","25.000"
"Saint Vincent and the Grenadines","2005","1.9547415","9096.029","23.077"
"Saint Vincent and the Grenadines","2006","1.9623841","9072.749","16.667"
"Saint Vincent and the Grenadines","2007","2.1351216","9295.734","15.385"
"Saint Vincent and the Grenadines","2008","1.9797022","9347.958","15.385"
"Saint Vincent and the Grenadines","2009","2.5195575","12625.214","15.385"
"Saint Vincent and the Grenadines","2010","2.0323348","9376.506","21.429"
"Saint Vincent and the Grenadines","2011","1.9766109","8740.024","21.429"
"Saint Vincent and the Grenadines","2012","2.1225345","10656.227","21.429"
"Saint Vincent and the Grenadines","2013","1.9987426","8768.699","15.385"
"Saint Vincent and the Grenadines","2014","2.3846405","9080.616","7.692"
"Saint Vincent and the Grenadines","2015","2.1920636","9347.271","14.286"
"Saint Vincent and the Grenadines","2016","2.2735298","9374.356","13.333"
"Saint Vincent and the Grenadines","2017","2.011015","10836.359","14.286"
"Saint Vincent and the Grenadines","2018","2.3044245","9998.609","14.286"
"Saint Vincent and the Grenadines","2019","2.1101332","8642.675","14.286"
"Saint Vincent and the Grenadines","2020","2.3001738","7788.496","26.667"
"Saint Vincent and the Grenadines","2021","2.280025","8245.438","25.000"
"Samoa","2000","0.7864608","5050.979","50.000"
"Samoa","2001","0.84011924","5352.696","54.545"
"Samoa","2002","0.87388474","5618.493","58.333"
"Samoa","2003","0.8693373","5643.448","54.545"
"Samoa","2004","0.90486133","5624.824","54.545"
"Samoa","2005","0.9209329","5678.590","54.545"
"Samoa","2006","0.8978287","5844.477","45.455"
"Samoa","2007","0.9511035","6201.184","45.455"
"Samoa","2008","0.84798306","6318.109","45.455"
"Samoa","2009","0.8799875","6564.240","45.455"
"Samoa","2010","0.9680317","6500.349","45.455"
"Samoa","2011","0.9784415","6521.698","41.667"
"Samoa","2012","0.9695193","6256.255","36.364"
"Samoa","2013","0.9608844","6016.645","27.273"
"Samoa","2014","1.0073432","6062.045","25.000"
"Samoa","2015","1.1257421","6971.546","30.769"
"Samoa","2016","1.1702677","7356.927","35.714"
"Samoa","2017","1.1415275","7347.693","35.714"
"Samoa","2018","1.1295841","7217.726","40.000"
"Samoa","2019","1.2399974","7697.959","40.000"
"Samoa","2020","1.1063375","7222.190","37.500"
"Samoa","2021","1.2510852","7302.089","35.294"
"Sao Tome and Principe","2000","0.3561505","2032.075","33.333"
"Sao Tome and Principe","2001","0.35041603","1865.868","0.000"
"Sao Tome and Principe","2002","0.36656618","2061.275","33.333"
"Sao Tome and Principe","2003","0.40493032","2237.827","33.333"
"Sao Tome and Principe","2004","0.4646179","2468.292","25.000"
"Sao Tome and Principe","2005","0.47599134","2544.832","0.000"
"Sao Tome and Principe","2006","0.48661342","2640.534","25.000"
"Sao Tome and Principe","2007","0.47497776","2680.950","25.000"
"Sao Tome and Principe","2008","0.48485684","2823.587","20.000"
"Sao Tome and Principe","2009","0.51499444","2932.456","20.000"
"Sao Tome and Principe","2010","0.5844343","3090.176","0.000"
"Sao Tome and Principe","2011","0.53283066","3131.022","16.667"
"Sao Tome and Principe","2012","0.5801997","3240.677","16.667"
"Sao Tome and Principe","2013","0.56906784","3176.864","14.286"
"Sao Tome and Principe","2014","0.6516923","3116.335","12.500"
"Sao Tome and Principe","2015","0.67679775","3200.083","12.500"
"Sao Tome and Principe","2016","0.71948236","3249.416","11.111"
"Sao Tome and Principe","2017","0.67266387","3250.473","11.111"
"Sao Tome and Principe","2018","0.662385","3149.711","11.111"
"Sao Tome and Principe","2019","0.6867693","3418.495","11.111"
"Sao Tome and Principe","2020","0.6571442","3207.423","10.000"
"Sao Tome and Principe","2021","0.64374816","3310.244","10.000"
"Saudi Arabia","1985","21.147978","56611.297","0.000"
"Saudi Arabia","1986","23.708317","58194.637","0.000"
"Saudi Arabia","1987","20.855421","59031.215","0.000"
"Saudi Arabia","1988","20.999521","59147.156","0.000"
"Saudi Arabia","1989","20.079727","55789.254","0.000"
"Saudi Arabia","1990","17.101427","58003.781","0.000"
"Saudi Arabia","1991","21.910164","58390.523","0.000"
"Saudi Arabia","1992","23.617598","56810.156","0.000"
"Saudi Arabia","1993","24.374388","56193.195","0.000"
"Saudi Arabia","1994","22.839817","63132.098","0.000"
"Saudi Arabia","1995","20.663662","59823.926","0.000"
"Saudi Arabia","1996","19.485096","60202.789","0.000"
"Saudi Arabia","1997","15.8017025","59696.375","0.000"
"Saudi Arabia","1998","14.670433","61183.168","0.000"
"Saudi Arabia","1999","15.364221","60706.840","0.000"
"Saudi Arabia","2000","19.139835","61950.852","0.000"
"Saudi Arabia","2001","19.034441","64399.926","0.000"
"Saudi Arabia","2002","19.369787","65480.074","0.000"
"Saudi Arabia","2003","18.695478","67781.133","0.000"
"Saudi Arabia","2004","20.727654","71949.188","0.000"
"Saudi Arabia","2005","20.050425","74232.789","0.000"
"Saudi Arabia","2006","20.736025","74860.328","0.000"
"Saudi Arabia","2007","18.92472","73638.344","0.000"
"Saudi Arabia","2008","20.15771","77575.414","0.000"
"Saudi Arabia","2009","20.81001","77417.273","0.000"
"Saudi Arabia","2010","22.086767","83337.156","0.000"
"Saudi Arabia","2011","20.694223","84816.250","0.004"
"Saudi Arabia","2012","22.38202","88062.086","0.011"
"Saudi Arabia","2013","20.807848","86753.602","0.014"
"Saudi Arabia","2014","20.177479","91258.062","0.016"
"Saudi Arabia","2015","20.835636","93332.539","0.015"
"Saudi Arabia","2016","20.873049","95158.547","0.015"
"Saudi Arabia","2017","20.936852","93054.375","0.020"
"Saudi Arabia","2018","21.47873","88573.469","0.048"
"Saudi Arabia","2019","23.244812","82989.266","0.063"
"Saudi Arabia","2020","21.088715","80309.992","0.062"
"Saudi Arabia","2021","22.196955","83101.906","0.233"
"Saudi Arabia","2022","20.729954","87707.289","0.208"
"Senegal","2000","0.39144757","2051.405","3.472"
"Senegal","2001","0.4169318","2183.010","2.976"
"Senegal","2002","0.4239283","2211.216","13.408"
"Senegal","2003","0.45960554","2175.090","20.000"
"Senegal","2004","0.4772559","2244.305","17.085"
"Senegal","2005","0.49298495","2270.258","14.159"
"Senegal","2006","0.3851897","2172.189","12.719"
"Senegal","2007","0.44144446","2281.383","9.756"
"Senegal","2008","0.39341933","2277.513","10.811"
"Senegal","2009","0.42615724","2122.770","10.943"
"Senegal","2010","0.54310757","2142.207","14.184"
"Senegal","2011","0.6033564","2183.928","13.636"
"Senegal","2012","0.5531069","2091.133","14.241"
"Senegal","2013","0.57273364","2117.290","14.242"
"Senegal","2014","0.61647093","2286.819","13.462"
"Senegal","2015","0.67465156","2580.883","13.625"
"Senegal","2016","0.6659878","2429.892","11.751"
"Senegal","2017","0.695133","2509.597","12.946"
"Senegal","2018","0.71195424","2541.635","14.989"
"Senegal","2019","0.77731997","2753.391","13.926"
"Senegal","2020","0.6444607","2532.413","19.120"
"Senegal","2021","0.7153539","2505.209","19.929"
"Serbia","1990","7.3067784","","19.220"
"Serbia","1991","5.157835","","25.405"
"Serbia","1992","5.5517497","","26.727"
"Serbia","1993","4.8405495","","26.903"
"Serbia","1994","4.7168946","","28.942"
"Serbia","1995","4.991127","","30.764"
"Serbia","1996","5.8526134","","35.531"
"Serbia","1997","6.3033395","","29.838"
"Serbia","1998","6.656097","","29.293"
"Serbia","1999","4.6094947","","36.134"
"Serbia","2000","5.1473017","","30.736"
"Serbia","2001","5.559512","","30.365"
"Serbia","2002","5.971904","","29.874"
"Serbia","2003","6.4087796","","25.511"
"Serbia","2004","6.997513","","28.556"
"Serbia","2005","6.639785","","31.818"
"Serbia","2006","7.151936","26329.176","28.854"
"Serbia","2007","6.970463","26348.527","26.300"
"Serbia","2008","6.940546","26371.516","25.964"
"Serbia","2009","6.184198","25290.535","27.950"
"Serbia","2010","6.1783648","26212.141","31.774"
"Serbia","2011","6.6472673","26607.537","22.804"
"Serbia","2012","5.974852","25157.438","25.698"
"Serbia","2013","6.1262984","25155.992","26.051"
"Serbia","2014","5.165351","22474.787","32.984"
"Serbia","2015","6.116124","24964.811","26.895"
"Serbia","2016","6.3418617","25665.121","28.127"
"Serbia","2017","6.4568405","26359.041","25.494"
"Serbia","2018","6.335893","26481.451","29.725"
"Serbia","2019","6.3800635","26602.787","28.513"
"Serbia","2020","6.5659204","26211.984","27.424"
"Serbia","2021","6.4203916","27640.852","33.626"
"Serbia","2022","6.547047","","29.491"
"Seychelles","2000","3.824956","46969.090","0.000"
"Seychelles","2001","4.026802","49775.703","0.000"
"Seychelles","2002","4.0531917","42728.844","0.000"
"Seychelles","2003","3.9141703","42029.832","0.000"
"Seychelles","2004","4.280034","57886.984","0.000"
"Seychelles","2005","4.267718","52008.223","0.000"
"Seychelles","2006","4.256176","54491.801","0.000"
"Seychelles","2007","4.4056273","44175.785","0.000"
"Seychelles","2008","4.4729753","47446.145","0.000"
"Seychelles","2009","4.7343554","50930.008","0.000"
"Seychelles","2010","4.6285515","45371.336","0.000"
"Seychelles","2011","4.153296","38368.945","0.000"
"Seychelles","2012","4.195209","43465.020","0.000"
"Seychelles","2013","4.054844","38688.062","2.439"
"Seychelles","2014","4.3759494","44650.082","2.381"
"Seychelles","2015","4.6463213","45695.203","2.273"
"Seychelles","2016","5.037183","50241.480","2.128"
"Seychelles","2017","5.1159077","51720.438","2.083"
"Seychelles","2018","5.1909294","45307.637","2.041"
"Seychelles","2019","5.0135474","45777.125","7.547"
"Seychelles","2020","4.9645634","43703.281","11.667"
"Seychelles","2021","4.974699","45933.664","12.308"
"Sierra Leone","2000","0.061292857","409.267","12.500"
"Sierra Leone","2001","0.07964004","484.695","7.692"
"Sierra Leone","2002","0.10097045","460.830","13.333"
"Sierra Leone","2003","0.10402485","454.770","14.286"
"Sierra Leone","2004","0.09714632","438.832","16.667"
"Sierra Leone","2005","0.078585066","386.952","25.000"
"Sierra Leone","2006","0.10227606","457.998","0.000"
"Sierra Leone","2007","0.08475945","423.133","33.333"
"Sierra Leone","2008","0.08577698","405.939","33.333"
"Sierra Leone","2009","0.08289244","396.569","33.333"
"Sierra Leone","2010","0.08773277","458.273","75.000"
"Sierra Leone","2011","0.11186021","564.663","88.235"
"Sierra Leone","2012","0.12696049","610.724","66.667"
"Sierra Leone","2013","0.15662184","692.696","66.667"
"Sierra Leone","2014","0.16411413","743.000","78.947"
"Sierra Leone","2015","0.15404907","592.628","73.684"
"Sierra Leone","2016","0.15814717","591.517","72.727"
"Sierra Leone","2017","0.1484607","573.704","73.913"
"Sierra Leone","2018","0.13725628","568.166","76.923"
"Sierra Leone","2019","0.14453192","513.004","90.476"
"Sierra Leone","2020","0.15003191","480.527","90.476"
"Sierra Leone","2021","0.18328422","492.598","90.476"
"Singapore","1985","11.845232","52827.371","0.000"
"Singapore","1986","12.424453","59917.023","0.804"
"Singapore","1987","11.436067","61546.059","0.719"
"Singapore","1988","12.383336","69581.312","0.653"
"Singapore","1989","13.953258","77583.523","0.605"
"Singapore","1990","14.322831","90365.281","0.544"
"Singapore","1991","14.104377","89185.586","1.476"
"Singapore","1992","14.703873","92492.508","1.397"
"Singapore","1993","14.967894","97840.070","1.292"
"Singapore","1994","17.580204","108498.156","1.185"
"Singapore","1995","11.474289","109750.070","1.111"
"Singapore","1996","13.101944","107471.891","1.025"
"Singapore","1997","14.9440565","109768.453","0.917"
"Singapore","1998","12.152546","108245.531","0.863"
"Singapore","1999","12.403737","104456.758","0.830"
"Singapore","2000","9.260569","109289.078","0.000"
"Singapore","2001","9.359485","121494.555","0.000"
"Singapore","2002","9.696018","115456.867","0.000"
"Singapore","2003","9.553345","107484.375","0.000"
"Singapore","2004","9.825615","119262.508","0.000"
"Singapore","2005","9.277561","123551.641","0.000"
"Singapore","2006","9.212482","131721.672","0.000"
"Singapore","2007","8.941555","136257.906","0.000"
"Singapore","2008","8.363253","140055.125","0.000"
"Singapore","2009","8.211612","145354.047","0.000"
"Singapore","2010","8.745288","149763.219","0.000"
"Singapore","2011","9.069433","151959.906","0.023"
"Singapore","2012","8.709049","149476.578","0.022"
"Singapore","2013","8.726994","148317.188","0.350"
"Singapore","2014","8.721305","148692.516","0.596"
"Singapore","2015","8.940621","155468.984","0.857"
"Singapore","2016","8.802539","162248.219","1.079"
"Singapore","2017","8.939904","164801.438","1.106"
"Singapore","2018","8.927358","163526.766","1.326"
"Singapore","2019","8.642643","158657.891","1.508"
"Singapore","2020","8.309385","154256.297","1.632"
"Singapore","2021","9.033064","153295.156","1.964"
"Singapore","2022","8.6610365","147084.844","2.409"
"Slovakia","1985","11.486152","46568.305","9.406"
"Slovakia","1986","11.502504","45908.125","6.931"
"Slovakia","1987","11.3114395","46711.984","8.176"
"Slovakia","1988","11.075165","46732.137","7.618"
"Slovakia","1989","10.5281105","47220.273","8.151"
"Slovakia","1990","11.683943","47203.785","7.375"
"Slovakia","1991","10.091804","42079.309","5.812"
"Slovakia","1992","9.221046","40314.297","8.348"
"Slovakia","1993","8.710321","39455.375","14.428"
"Slovakia","1994","8.1979475","38743.297","17.118"
"Slovakia","1995","8.253979","39205.477","18.464"
"Slovakia","1996","8.219317","39416.023","16.614"
"Slovakia","1997","8.221393","38637.348","16.214"
"Slovakia","1998","8.163563","39009.043","16.595"
"Slovakia","1999","8.011809","39313.191","15.902"
"Slovakia","2000","7.6555824","40591.293","14.977"
"Slovakia","2001","8.044096","41766.941","15.960"
"Slovakia","2002","7.8163185","42124.301","16.843"
"Slovakia","2003","7.879032","40913.172","11.563"
"Slovakia","2004","7.971774","40008.508","13.563"
"Slovakia","2005","7.9709287","42086.473","14.933"
"Slovakia","2006","7.9301777","40946.383","15.412"
"Slovakia","2007","7.6310034","38418.406","17.715"
"Slovakia","2008","7.7011194","39431.949","15.907"
"Slovakia","2009","6.997327","35687.539","19.003"
"Slovakia","2010","7.133786","38080.727","21.699"
"Slovakia","2011","7.0478635","36591.309","17.724"
"Slovakia","2012","6.653511","35105.086","19.370"
"Slovakia","2013","6.5839057","35936.512","22.363"
"Slovakia","2014","6.224689","33419.594","23.077"
"Slovakia","2015","6.3701262","33734.289","22.796"
"Slovakia","2016","6.444788","34015.234","24.850"
"Slovakia","2017","6.6567197","35774.910","23.965"
"Slovakia","2018","6.647537","35121.086","21.867"
"Slovakia","2019","6.2108803","33892.781","23.590"
"Slovakia","2020","5.7151237","33193.328","24.027"
"Slovakia","2021","6.47673","35836.406","22.825"
"Slovakia","2022","5.771668","33887.691","22.671"
"Slovenia","1990","7.556182","34892.684","23.714"
"Slovenia","1991","6.9910984","34882.641","28.336"
"Slovenia","1992","6.957364","32581.604","27.715"
"Slovenia","1993","7.1600075","33468.152","25.439"
"Slovenia","1994","7.362782","35627.117","26.377"
"Slovenia","1995","7.7244644","37415.051","25.194"
"Slovenia","1996","8.054499","39262.270","28.123"
"Slovenia","1997","8.321139","40170.348","23.445"
"Slovenia","1998","8.103025","40314.043","25.146"
"Slovenia","1999","7.7824874","39938.070","28.431"
"Slovenia","2000","7.579839","39623.406","28.655"
"Slovenia","2001","8.196871","41459.707","26.727"
"Slovenia","2002","8.320522","41222.289","23.356"
"Slovenia","2003","8.169682","40319.898","22.270"
"Slovenia","2004","8.382396","42659.852","27.570"
"Slovenia","2005","8.484075","42491.914","23.627"
"Slovenia","2006","8.578714","42687.348","24.487"
"Slovenia","2007","8.613562","42242.930","22.473"
"Slovenia","2008","9.029033","46037.570","26.264"
"Slovenia","2009","7.962925","42289.820","29.896"
"Slovenia","2010","8.053124","42123.359","29.213"
"Slovenia","2011","7.9871964","40734.336","24.372"
"Slovenia","2012","7.677851","39508.945","27.846"
"Slovenia","2013","7.3606315","39029.039","32.342"
"Slovenia","2014","6.5917087","39987.750","38.484"
"Slovenia","2015","6.6305976","35959.715","29.392"
"Slovenia","2016","7.0186086","38266.707","31.177"
"Slovenia","2017","7.097131","38524.098","27.664"
"Slovenia","2018","7.03719","39165.715","32.382"
"Slovenia","2019","6.7451043","37905.922","31.718"
"Slovenia","2020","6.1229367","36542.867","33.037"
"Slovenia","2021","6.186983","36175.777","34.894"
"Slovenia","2022","6.017234","34391.094","29.616"
"Solomon Islands","2000","0.5157271","2456.513","0.000"
"Solomon Islands","2001","0.5302614","2508.614","0.000"
"Solomon Islands","2002","0.53637946","2532.751","0.000"
"Solomon Islands","2003","0.55019265","2587.097","0.000"
"Solomon Islands","2004","0.57899195","2689.960","0.000"
"Solomon Islands","2005","0.58400714","2695.842","0.000"
"Solomon Islands","2006","0.5962547","2734.638","0.000"
"Solomon Islands","2007","0.6006942","2850.482","0.000"
"Solomon Islands","2008","0.61210454","2828.880","0.000"
"Solomon Islands","2009","0.6222754","2862.027","0.000"
"Solomon Islands","2010","0.62558913","2880.250","0.000"
"Solomon Islands","2011","0.6294872","2918.432","0.000"
"Solomon Islands","2012","0.6004222","2854.352","0.000"
"Solomon Islands","2013","0.6343234","2771.765","0.000"
"Solomon Islands","2014","0.5345307","2543.960","0.000"
"Solomon Islands","2015","0.46414346","2266.201","0.000"
"Solomon Islands","2016","0.44252077","2124.666","0.000"
"Solomon Islands","2017","0.4221463","2061.452","0.000"
"Solomon Islands","2018","0.4133638","2107.609","0.000"
"Solomon Islands","2019","0.407583","2027.376","0.000"
"Solomon Islands","2020","0.39371127","1877.319","0.000"
"Solomon Islands","2021","0.37956762","1892.131","0.000"
"Somalia","2000","0.05762105","340.102","0.000"
"Somalia","2001","0.058952253","332.433","0.000"
"Somalia","2002","0.060234956","346.379","0.000"
"Somalia","2003","0.06101021","334.055","0.000"
"Somalia","2004","0.060941927","322.427","0.000"
"Somalia","2005","0.060927633","314.663","0.000"
"Somalia","2006","0.06109169","307.725","0.000"
"Somalia","2007","0.061160613","302.793","0.000"
"Somalia","2008","0.06188823","291.034","0.000"
"Somalia","2009","0.0621837","283.204","0.000"
"Somalia","2010","0.063348815","283.123","0.000"
"Somalia","2011","0.06557253","278.715","0.000"
"Somalia","2012","0.06674562","274.605","0.000"
"Somalia","2013","0.06662026","265.801","0.000"
"Somalia","2014","0.06647087","256.698","0.000"
"Somalia","2015","0.06687406","257.545","0.000"
"Somalia","2016","0.06664724","253.762","2.941"
"Somalia","2017","0.066566244","244.049","5.714"
"Somalia","2018","0.066866115","236.284","5.714"
"Somalia","2019","0.06673882","227.573","5.714"
"Somalia","2020","0.06843375","212.096","7.895"
"Somalia","2021","0.06682479","217.410","9.756"
"South Africa","1985","9.242169","27095.578","0.435"
"South Africa","1986","9.134771","26713.270","1.095"
"South Africa","1987","8.805399","26203.447","1.061"
"South Africa","1988","8.904788","27873.557","1.999"
"South Africa","1989","8.597703","25750.080","1.689"
"South Africa","1990","7.6800613","25820.756","0.604"
"South Africa","1991","7.8207426","24987.143","1.176"
"South Africa","1992","7.099532","24593.379","0.447"
"South Africa","1993","7.3989305","24109.285","0.084"
"South Africa","1994","7.6970315","24713.633","0.591"
"South Africa","1995","8.120774","25406.133","0.283"
"South Africa","1996","8.060904","25519.965","0.689"
"South Africa","1997","8.435343","25737.912","1.064"
"South Africa","1998","8.161872","24972.111","0.889"
"South Africa","1999","8.021964","25531.172","0.455"
"South Africa","2000","8.022367","25321.518","0.911"
"South Africa","2001","7.8122125","25228.531","1.252"
"South Africa","2002","7.4241047","24361.893","1.380"
"South Africa","2003","8.338209","26150.760","0.545"
"South Africa","2004","9.171435","28271.896","0.583"
"South Africa","2005","8.409871","26508.631","0.763"
"South Africa","2006","8.935195","26793.564","1.386"
"South Africa","2007","9.203381","27245.980","0.527"
"South Africa","2008","9.677716","28867.244","0.690"
"South Africa","2009","9.173127","28399.283","0.803"
"South Africa","2010","8.928475","28247.576","1.033"
"South Africa","2011","8.949351","27552.764","1.018"
"South Africa","2012","8.579701","26770.203","0.689"
"South Africa","2013","8.343052","26525.145","0.679"
"South Africa","2014","8.663356","26411.893","1.429"
"South Africa","2015","8.064963","25352.562","2.626"
"South Africa","2016","7.9820704","26236.475","3.259"
"South Africa","2017","7.6344075","26033.504","4.220"
"South Africa","2018","7.7417293","24742.117","5.155"
"South Africa","2019","7.899718","25511.209","5.359"
"South Africa","2020","7.1875925","23568.951","5.781"
"South Africa","2021","7.14546","23392.424","7.563"
"South Africa","2022","6.8738866","22350.898","9.092"
"South Korea","1985","4.1011415","15137.730","5.082"
"South Korea","1986","4.2258763","16754.162","4.463"
"South Korea","1987","4.3797073","18311.111","4.941"
"South Korea","1988","4.914697","20161.307","2.134"
"South Korea","1989","5.1352463","21626.703","2.860"
"South Korea","1990","5.6829114","24162.186","3.955"
"South Korea","1991","6.2037244","27100.135","2.649"
"South Korea","1992","6.716251","30416.184","2.117"
"South Korea","1993","7.3555517","33184.629","2.613"
"South Korea","1994","7.8814135","35601.617","1.281"
"South Korea","1995","8.456663","38704.719","1.480"
"South Korea","1996","9.224541","42497.312","1.253"
"South Korea","1997","9.685518","46366.664","1.174"
"South Korea","1998","8.17717","42134.332","1.831"
"South Korea","1999","8.828288","45648.047","1.624"
"South Korea","2000","9.407999","48001.297","1.493"
"South Korea","2001","9.685312","48871.348","1.442"
"South Korea","2002","10.064984","50846.504","1.089"
"South Korea","2003","10.211963","52236.246","1.564"
"South Korea","2004","10.302297","53247.426","1.337"
"South Korea","2005","10.421549","54864.957","1.103"
"South Korea","2006","10.487704","55579.965","1.038"
"South Korea","2007","10.828748","57040.523","1.097"
"South Korea","2008","11.015084","57774.648","1.046"
"South Korea","2009","11.078403","57865.918","1.089"
"South Korea","2010","12.18674","62221.305","1.725"
"South Korea","2011","12.690266","64630.859","2.456"
"South Korea","2012","12.660249","64802.520","2.496"
"South Korea","2013","12.673574","64441.535","2.827"
"South Korea","2014","12.453072","64414.168","3.368"
"South Korea","2015","12.438773","64988.355","3.667"
"South Korea","2016","12.435496","66508.258","3.987"
"South Korea","2017","12.712852","66910.398","4.802"
"South Korea","2018","12.977481","67828.930","5.230"
"South Korea","2019","12.480763","66896.133","5.758"
"South Korea","2020","11.524331","64311.133","6.131"
"South Korea","2021","11.882237","67330.305","7.774"
"South Korea","2022","11.719733","68126.188","9.212"
"South Sudan","2012","0.12365207","557.737","0.000"
"South Sudan","2013","0.12928352","568.443","0.000"
"South Sudan","2014","0.13338377","582.462","0.000"
"South Sudan","2015","0.17218961","714.991","0.000"
"South Sudan","2016","0.157317","698.385","0.000"
"South Sudan","2017","0.14178641","635.443","0.000"
"South Sudan","2018","0.17156366","671.758","1.786"
"South Sudan","2019","0.16978289","747.486","1.786"
"South Sudan","2020","0.15959515","703.135","1.852"
"South Sudan","2021","0.16017249","731.989","1.754"
"Spain","1985","5.1796837","23972.881","25.203"
"Spain","1986","4.8824115","24401.979","21.031"
"Spain","1987","4.8778787","25232.549","21.065"
"Spain","1988","5.0693226","26295.514","25.886"
"Spain","1989","5.7621193","27502.225","13.564"
"Spain","1990","5.8688183","27481.551","17.214"
"Spain","1991","6.104081","28374.404","17.971"
"Spain","1992","6.283217","29567.898","12.509"
"Spain","1993","6.03","28449.670","16.165"
"Spain","1994","6.306981","29646.164","18.061"
"Spain","1995","6.6179895","30627.230","14.722"
"Spain","1996","6.276799","31666.996","23.793"
"Spain","1997","6.5530524","33261.406","19.546"
"Spain","1998","6.73725","34707.641","19.075"
"Spain","1999","7.277729","35609.875","13.233"
"Spain","2000","7.5392795","37495.703","15.612"
"Spain","2001","7.5409565","39003.945","21.152"
"Spain","2002","7.9277363","38938.438","13.826"
"Spain","2003","7.8938184","40418.156","21.667"
"Spain","2004","8.144856","41185.832","18.319"
"Spain","2005","8.358881","40779.031","14.860"
"Spain","2006","8.029218","40681.789","17.662"
"Spain","2007","8.051333","40817.645","19.335"
"Spain","2008","7.2517366","39067.871","20.005"
"Spain","2009","6.350556","35904.375","25.411"
"Spain","2010","6.032926","36714.199","32.792"
"Spain","2011","6.02738","35901.070","30.041"
"Spain","2012","5.9005117","35681.477","29.605"
"Spain","2013","5.3800054","34008.008","39.585"
"Spain","2014","5.4292984","33478.238","40.103"
"Spain","2015","5.7889185","33920.238","34.990"
"Spain","2016","5.554019","34212.625","38.582"
"Spain","2017","5.83512","34520.543","32.221"
"Spain","2018","5.701944","34986.293","38.208"
"Spain","2019","5.284558","33764.863","37.281"
"Spain","2020","4.441423","30391.289","43.811"
"Spain","2021","4.793181","32491.648","46.435"
"Spain","2022","4.8971643","33615.332","42.218"
"Sri Lanka","1985","0.24963471","1596.779","97.185"
"Sri Lanka","1986","0.2302952","1657.521","99.751"
"Sri Lanka","1987","0.25056785","1680.844","80.415"
"Sri Lanka","1988","0.21332496","1640.432","92.792"
"Sri Lanka","1989","0.21044955","1577.079","98.016"
"Sri Lanka","1990","0.23251896","1737.202","99.841"
"Sri Lanka","1991","0.24926244","1712.537","92.286"
"Sri Lanka","1992","0.30083695","1815.572","81.925"
"Sri Lanka","1993","0.28850245","1957.905","95.408"
"Sri Lanka","1994","0.30919212","2099.156","93.215"
"Sri Lanka","1995","0.32549822","2241.126","94.036"
"Sri Lanka","1996","0.38328636","2338.919","71.818"
"Sri Lanka","1997","0.405572","2397.603","67.016"
"Sri Lanka","1998","0.40983656","2540.602","68.981"
"Sri Lanka","1999","0.44241077","2716.560","66.568"
"Sri Lanka","2000","0.5178222","2851.808","49.147"
"Sri Lanka","2001","0.5182398","2750.116","47.320"
"Sri Lanka","2002","0.5446268","2799.956","39.412"
"Sri Lanka","2003","0.53937906","2852.466","44.130"
"Sri Lanka","2004","0.59281546","2745.289","37.310"
"Sri Lanka","2005","0.57723796","3140.531","38.410"
"Sri Lanka","2006","0.5651884","3338.283","45.898"
"Sri Lanka","2007","0.577949","3358.799","41.430"
"Sri Lanka","2008","0.5646439","3134.030","43.243"
"Sri Lanka","2009","0.605714","3147.071","40.999"
"Sri Lanka","2010","0.6081095","3368.203","54.450"
"Sri Lanka","2011","0.68904465","3623.197","42.181"
"Sri Lanka","2012","0.72696227","3708.993","30.607"
"Sri Lanka","2013","0.6621668","3748.582","61.235"
"Sri Lanka","2014","0.79248416","4007.714","40.685"
"Sri Lanka","2015","0.8826046","4476.931","49.843"
"Sri Lanka","2016","1.0195531","4878.142","34.186"
"Sri Lanka","2017","1.0036424","4726.284","31.246"
"Sri Lanka","2018","0.90489626","4876.866","47.059"
"Sri Lanka","2019","0.9417696","4973.599","35.935"
"Sri Lanka","2020","0.9047328","4853.110","38.126"
"Sri Lanka","2021","0.9173014","4884.529","37.248"
"Sri Lanka","2022","0.80477285","4347.636","51.574"
"Sudan","2000","0.1902314","1182.543","52.326"
"Sudan","2001","0.21101892","1239.924","51.237"
"Sudan","2002","0.2611692","1434.762","48.544"
"Sudan","2003","0.28483316","1455.157","39.940"
"Sudan","2004","0.355604","1560.131","36.416"
"Sudan","2005","0.33772862","1767.634","37.368"
"Sudan","2006","0.36085773","2052.445","34.978"
"Sudan","2007","0.41398454","2118.628","33.603"
"Sudan","2008","0.4216906","2246.169","30.370"
"Sudan","2009","0.42827997","2354.965","52.181"
"Sudan","2010","0.42553443","2604.365","82.667"
"Sudan","2011","0.4070595","2462.639","77.327"
"Sudan","2012","0.42691404","2326.128","72.883"
"Sudan","2013","0.45980862","2385.017","82.209"
"Sudan","2014","0.33729354","2378.840","80.213"
"Sudan","2015","0.3559451","2384.243","68.097"
"Sudan","2016","0.47836417","2684.055","60.284"
"Sudan","2017","0.4753949","2654.543","64.192"
"Sudan","2018","0.46384075","2554.751","63.396"
"Sudan","2019","0.48315886","2459.363","63.335"
"Sudan","2020","0.42317292","2378.228","65.513"
"Sudan","2021","0.39961275","2317.393","63.593"
"Suriname","2000","4.6005054","17458.830","50.714"
"Suriname","2001","4.857427","16939.615","51.408"
"Suriname","2002","3.1431813","18476.682","51.748"
"Suriname","2003","3.0383575","16105.433","52.083"
"Suriname","2004","3.0221334","18010.424","52.414"
"Suriname","2005","3.0538914","18127.873","53.947"
"Suriname","2006","3.3142724","19537.414","55.128"
"Suriname","2007","3.3105705","18059.730","55.128"
"Suriname","2008","3.6127217","21127.252","55.128"
"Suriname","2009","3.6592057","21246.133","55.128"
"Suriname","2010","4.319442","25234.633","71.429"
"Suriname","2011","4.9578395","20305.736","54.497"
"Suriname","2012","4.432314","21876.135","43.386"
"Suriname","2013","5.538299","20840.512","43.229"
"Suriname","2014","5.5631514","20081.727","28.646"
"Suriname","2015","4.665511","18293.592","25.128"
"Suriname","2016","4.9569607","18815.174","41.667"
"Suriname","2017","4.093148","21698.678","49.468"
"Suriname","2018","3.4912922","21688.730","52.910"
"Suriname","2019","4.3453355","21629.324","49.231"
"Suriname","2020","4.7717237","20356.205","51.042"
"Suriname","2021","4.28382","20284.996","50.495"
"Sweden","1985","7.4685206","82435.344","53.082"
"Sweden","1986","7.4088583","85226.414","45.379"
"Sweden","1987","7.1085005","83179.805","50.364"
"Sweden","1988","6.8068614","81001.203","49.189"
"Sweden","1989","6.537387","78874.500","51.676"
"Sweden","1990","6.708656","79817.398","51.000"
"Sweden","1991","6.691918","75294.406","44.302"
"Sweden","1992","6.635051","75456.633","52.333"
"Sweden","1993","6.5974426","74274.727","52.919"
"Sweden","1994","6.833269","73943.016","43.027"
"Sweden","1995","6.739775","74491.852","47.579"
"Sweden","1996","7.1659117","72163.617","38.404"
"Sweden","1997","6.597155","74519.523","48.274"
"Sweden","1998","6.6399035","80458.047","49.184"
"Sweden","1999","6.315034","77938.883","48.276"
"Sweden","2000","6.187081","72085.086","57.247"
"Sweden","2001","6.2704806","77094.320","51.559"
"Sweden","2002","6.3454914","71925.883","48.500"
"Sweden","2003","6.3873878","68647.008","43.378"
"Sweden","2004","6.2740436","73592.023","44.947"
"Sweden","2005","5.9566827","75121.828","51.291"
"Sweden","2006","5.9082747","70265.688","49.595"
"Sweden","2007","5.7801905","70870.680","52.029"
"Sweden","2008","5.506071","69369.703","54.310"
"Sweden","2009","5.069861","63081.840","58.426"
"Sweden","2010","5.654432","66485.906","55.298"
"Sweden","2011","5.1976295","64929.965","55.956"
"Sweden","2012","4.8959537","68276.211","59.064"
"Sweden","2013","4.698226","63351.668","54.035"
"Sweden","2014","4.4742975","62421.891","55.838"
"Sweden","2015","4.419636","63877.484","63.272"
"Sweden","2016","4.3643203","62081.117","57.175"
"Sweden","2017","4.211175","63417.605","57.882"
"Sweden","2018","4.1134505","61487.004","55.797"
"Sweden","2019","3.9665341","63283.469","58.746"
"Sweden","2020","3.5371203","59395.523","68.472"
"Sweden","2021","3.7027159","60186.461","67.381"
"Sweden","2022","3.4653375","59926.805","68.383"
"Switzerland","1985","6.14473","50044.062","57.540"
"Switzerland","1986","6.4915795","52258.336","58.114"
"Switzerland","1987","6.1386414","51625.559","58.904"
"Switzerland","1988","6.1630116","51638.832","59.978"
"Switzerland","1989","5.9250574","47871.336","55.491"
"Switzerland","1990","6.5764318","49410.152","53.979"
"Switzerland","1991","6.7869825","50118.109","56.006"
"Switzerland","1992","6.6934896","50348.559","55.767"
"Switzerland","1993","6.2855296","49807.938","58.932"
"Switzerland","1994","6.1010094","51916.375","59.920"
"Switzerland","1995","6.1663036","48874.762","56.872"
"Switzerland","1996","6.2369266","47002.172","51.231"
"Switzerland","1997","6.072131","50136.387","55.186"
"Switzerland","1998","6.2757573","50269.312","54.000"
"Switzerland","1999","6.2214174","52284.445","59.417"
"Switzerland","2000","6.071895","50728.715","55.061"
"Switzerland","2001","6.2389235","53862.719","57.692"
"Switzerland","2002","5.9717827","49782.922","53.116"
"Switzerland","2003","6.088628","48884.531","52.570"
"Switzerland","2004","6.1253977","47846.156","52.171"
"Switzerland","2005","6.1594725","45606.344","53.495"
"Switzerland","2006","6.0660357","47162.109","49.128"
"Switzerland","2007","5.7464805","46220.898","52.465"
"Switzerland","2008","5.849575","47155.750","53.268"
"Switzerland","2009","5.625207","46436.273","53.018"
"Switzerland","2010","5.754552","44714.965","54.037"
"Switzerland","2011","5.1770616","41971.254","51.182"
"Switzerland","2012","5.280982","43889.645","56.600"
"Switzerland","2013","5.3370247","44514.031","56.196"
"Switzerland","2014","4.791576","41980.578","54.898"
"Switzerland","2015","4.6784573","40582.914","59.099"
"Switzerland","2016","4.6836095","37755.191","58.383"
"Switzerland","2017","4.522791","37489.188","59.078"
"Switzerland","2018","4.3381386","37794.062","55.115"
"Switzerland","2019","4.2928753","39156.449","56.602"
"Switzerland","2020","3.974646","35766.375","60.519"
"Switzerland","2021","4.1233916","34368.309","66.057"
"Switzerland","2022","3.7477124","33350.754","59.406"
"Syria","2000","3.2772665","13354.251","13.473"
"Syria","2001","3.0110767","12865.062","13.428"
"Syria","2002","2.3314688","13570.627","9.287"
"Syria","2003","3.095555","12843.790","9.878"
"Syria","2004","2.818992","13915.218","13.684"
"Syria","2005","2.719332","15298.658","13.025"
"Syria","2006","2.751944","15247.384","11.168"
"Syria","2007","3.2068613","14764.992","9.502"
"Syria","2008","3.1467137","14448.704","7.408"
"Syria","2009","2.878524","13302.270","4.604"
"Syria","2010","2.76026","13451.906","5.937"
"Syria","2011","2.5823045","11966.390","8.293"
"Syria","2012","2.035984","9298.453","9.710"
"Syria","2013","1.5810518","7177.317","12.521"
"Syria","2014","1.7199317","6826.982","11.592"
"Syria","2015","1.6018543","6352.633","2.476"
"Syria","2016","1.5193428","6267.527","5.413"
"Syria","2017","1.7931892","6299.887","4.373"
"Syria","2018","1.6228212","7240.203","4.434"
"Syria","2019","1.6454934","6154.949","4.578"
"Syria","2020","1.5365934","5564.748","4.810"
"Syria","2021","1.5030166","5507.217","4.535"
"Taiwan","1985","3.9061084","20364.154","10.807"
"Taiwan","1986","4.350301","21881.869","9.841"
"Taiwan","1987","4.5223956","23409.428","7.967"
"Taiwan","1988","5.260161","25580.686","6.133"
"Taiwan","1989","5.632518","26892.926","6.018"
"Taiwan","1990","6.0334334","28396.725","7.310"
"Taiwan","1991","6.4302087","29759.426","4.131"
"Taiwan","1992","6.788266","31345.549","6.460"
"Taiwan","1993","7.27501","32885.426","3.769"
"Taiwan","1994","7.564869","34624.047","4.267"
"Taiwan","1995","7.897282","36522.035","3.924"
"Taiwan","1996","8.201981","37761.367","3.672"
"Taiwan","1997","8.717345","39699.840","3.835"
"Taiwan","1998","9.095376","41802.527","4.172"
"Taiwan","1999","9.368807","43448.121","3.436"
"Taiwan","2000","10.161433","45925.504","3.108"
"Taiwan","2001","10.310451","47058.730","3.486"
"Taiwan","2002","10.571547","48811.523","2.259"
"Taiwan","2003","10.992215","50724.273","2.359"
"Taiwan","2004","11.403037","52616.082","2.376"
"Taiwan","2005","11.692828","53089.465","2.696"
"Taiwan","2006","12.068789","54304.156","2.690"
"Taiwan","2007","12.173728","56416.973","2.826"
"Taiwan","2008","11.564249","54421.785","2.866"
"Taiwan","2009","10.923162","52871.984","2.783"
"Taiwan","2010","11.6567955","56590.176","2.906"
"Taiwan","2011","11.892325","56172.340","2.969"
"Taiwan","2012","11.70575","55441.309","3.674"
"Taiwan","2013","11.725564","56396.766","3.709"
"Taiwan","2014","11.799141","57422.891","3.224"
"Taiwan","2015","11.741296","57150.895","3.449"
"Taiwan","2016","11.879731","57332.219","4.237"
"Taiwan","2017","12.090577","57079.031","4.012"
"Taiwan","2018","12.010115","57705.945","3.998"
"Taiwan","2019","11.603549","56546.945","4.963"
"Taiwan","2020","11.514132","54861.707","4.837"
"Taiwan","2021","12.047583","57989.336","5.439"
"Taiwan","2022","11.698872","55606.547","7.731"
"Tajikistan","2000","0.35585627","9375.051","98.498"
"Tajikistan","2001","0.35699433","9605.366","98.805"
"Tajikistan","2002","0.28666478","9681.626","99.141"
"Tajikistan","2003","0.3111332","9982.501","99.020"
"Tajikistan","2004","0.37721658","9975.018","99.142"
"Tajikistan","2005","0.35243553","10009.744","99.291"
"Tajikistan","2006","0.37636617","9612.615","98.628"
"Tajikistan","2007","0.448784","8899.638","97.806"
"Tajikistan","2008","0.39477503","8418.195","97.940"
"Tajikistan","2009","0.326419","7411.495","98.622"
"Tajikistan","2010","0.33125174","7504.402","99.816"
"Tajikistan","2011","0.29936174","7255.999","99.751"
"Tajikistan","2012","0.36616522","7500.791","99.583"
"Tajikistan","2013","0.35394663","7599.083","99.764"
"Tajikistan","2014","0.5466963","7586.009","99.062"
"Tajikistan","2015","0.61391324","7419.728","99.117"
"Tajikistan","2016","0.67856306","7461.840","96.712"
"Tajikistan","2017","0.7571574","7440.846","94.855"
"Tajikistan","2018","0.8682259","7761.816","93.480"
"Tajikistan","2019","0.91439617","8041.595","93.103"
"Tajikistan","2020","0.9665616","7819.390","91.789"
"Tajikistan","2021","0.9415492","7674.914","91.232"
"Tanzania","2000","0.07506744","507.400","93.004"
"Tanzania","2001","0.086390816","568.767","97.059"
"Tanzania","2002","0.09649752","609.646","96.441"
"Tanzania","2003","0.09941454","599.979","96.947"
"Tanzania","2004","0.11076673","711.855","86.268"
"Tanzania","2005","0.13669047","731.133","62.099"
"Tanzania","2006","0.14583088","731.379","55.589"
"Tanzania","2007","0.1377115","770.020","69.951"
"Tanzania","2008","0.14067575","781.391","69.953"
"Tanzania","2009","0.13309541","755.739","65.665"
"Tanzania","2010","0.16073172","846.932","63.689"
"Tanzania","2011","0.1833679","838.510","49.501"
"Tanzania","2012","0.21884245","978.381","42.230"
"Tanzania","2013","0.23044902","991.198","38.821"
"Tanzania","2014","0.2184132","1005.088","51.151"
"Tanzania","2015","0.24572158","1002.209","43.750"
"Tanzania","2016","0.25136462","1062.155","45.194"
"Tanzania","2017","0.24281736","931.573","45.078"
"Tanzania","2018","0.24780245","968.898","38.643"
"Tanzania","2019","0.27361012","956.226","40.448"
"Tanzania","2020","0.261632","913.588","46.317"
"Tanzania","2021","0.28135568","907.404","44.132"
"Thailand","1985","0.9521474","3761.084","16.027"
"Thailand","1986","0.95685625","3930.103","22.423"
"Thailand","1987","1.0334193","4406.041","14.213"
"Thailand","1988","1.1465358","4872.000","11.564"
"Thailand","1989","1.3314259","5543.588","14.815"
"Thailand","1990","1.5814012","6410.971","11.165"
"Thailand","1991","1.708289","6963.272","9.048"
"Thailand","1992","1.8665421","7506.605","7.329"
"Thailand","1993","2.1226072","8394.396","5.750"
"Thailand","1994","2.3492622","9300.798","6.265"
"Thailand","1995","2.599909","10355.312","8.447"
"Thailand","1996","2.896623","11562.688","8.532"
"Thailand","1997","2.9840093","12016.980","7.938"
"Thailand","1998","2.5958583","10935.625","6.029"
"Thailand","1999","2.6843865","11459.634","4.275"
"Thailand","2000","2.656054","11764.549","7.126"
"Thailand","2001","2.7064219","12293.458","7.062"
"Thailand","2002","2.8734357","13208.064","7.944"
"Thailand","2003","2.9457862","14080.671","7.672"
"Thailand","2004","3.167673","15161.756","6.516"
"Thailand","2005","3.246494","15521.235","6.033"
"Thailand","2006","3.2421837","15733.904","7.599"
"Thailand","2007","3.3394127","16149.867","7.709"
"Thailand","2008","3.3163161","16027.417","6.563"
"Thailand","2009","3.3592572","16344.104","6.626"
"Thailand","2010","3.5144494","17299.504","5.709"
"Thailand","2011","3.548588","17644.098","8.040"
"Thailand","2012","3.778261","18817.510","8.540"
"Thailand","2013","3.776263","18809.137","7.677"
"Thailand","2014","3.880686","19310.582","8.396"
"Thailand","2015","3.9282057","19661.768","7.995"
"Thailand","2016","4.008554","19981.582","8.984"
"Thailand","2017","3.9818282","20264.654","10.957"
"Thailand","2018","4.039237","20834.088","14.190"
"Thailand","2019","3.9411147","20792.385","14.700"
"Thailand","2020","3.7956123","19298.086","13.796"
"Thailand","2021","3.7244072","19425.641","14.507"
"Thailand","2022","3.7997093","19616.777","15.256"
"Togo","2000","0.25901946","918.548","58.824"
"Togo","2001","0.21959981","790.456","41.667"
"Togo","2002","0.24430129","844.633","60.000"
"Togo","2003","0.32504973","1026.268","70.588"
"Togo","2004","0.30613974","983.673","44.444"
"Togo","2005","0.2945591","934.848","38.889"
"Togo","2006","0.24964027","792.303","42.857"
"Togo","2007","0.24509797","939.687","50.000"
"Togo","2008","0.23909892","1089.204","75.000"
"Togo","2009","0.38701236","1878.342","78.571"
"Togo","2010","0.38554192","1746.390","52.941"
"Togo","2011","0.3620224","1573.317","83.333"
"Togo","2012","0.31202778","1360.630","81.818"
"Togo","2013","0.2244507","1350.635","40.000"
"Togo","2014","0.1994795","1142.697","60.000"
"Togo","2015","0.23467498","868.264","16.216"
"Togo","2016","0.2917477","1134.572","46.512"
"Togo","2017","0.23730287","1072.428","27.273"
"Togo","2018","0.24626246","1253.321","36.842"
"Togo","2019","0.27929592","1304.058","35.714"
"Togo","2020","0.31734377","1152.519","25.862"
"Togo","2021","0.2951192","1115.704","26.984"
"Tonga","2000","0.9633186","4269.807","0.000"
"Tonga","2001","0.8866947","3823.292","0.000"
"Tonga","2002","0.91698754","4121.723","0.000"
"Tonga","2003","1.1221944","5048.995","0.000"
"Tonga","2004","1.0808465","4648.040","0.000"
"Tonga","2005","1.0747511","4922.036","0.000"
"Tonga","2006","1.206783","5507.442","0.000"
"Tonga","2007","1.0640786","4695.167","0.000"
"Tonga","2008","0.99271274","5056.352","0.000"
"Tonga","2009","1.1277106","5477.178","0.000"
"Tonga","2010","1.0915421","4973.945","0.000"
"Tonga","2011","0.9876562","4697.069","0.000"
"Tonga","2012","0.98864865","4791.762","0.000"
"Tonga","2013","1.0263976","4721.155","0.000"
"Tonga","2014","0.9965206","5144.916","0.000"
"Tonga","2015","1.0013759","5404.378","0.000"
"Tonga","2016","1.3192844","5738.483","0.000"
"Tonga","2017","1.3560969","6831.240","16.667"
"Tonga","2018","1.2492092","5979.639","14.286"
"Tonga","2019","1.5253955","6863.214","14.286"
"Tonga","2020","1.3169758","6542.066","14.286"
"Tonga","2021","1.3196845","6698.594","12.500"
"Trinidad and Tobago","1985","17.451769","49260.430","0.562"
"Trinidad and Tobago","1986","14.423494","50520.031","0.790"
"Trinidad and Tobago","1987","14.364983","47110.281","0.891"
"Trinidad and Tobago","1988","12.870115","51222.977","0.775"
"Trinidad and Tobago","1989","12.969335","49929.008","0.758"
"Trinidad and Tobago","1990","13.5587225","54953.477","0.867"
"Trinidad and Tobago","1991","13.440606","54370.102","0.672"
"Trinidad and Tobago","1992","15.018117","57134.273","0.755"
"Trinidad and Tobago","1993","13.592954","59829.051","0.734"
"Trinidad and Tobago","1994","11.908295","63042.270","0.786"
"Trinidad and Tobago","1995","11.368929","68030.164","0.766"
"Trinidad and Tobago","1996","14.181079","76745.875","0.374"
"Trinidad and Tobago","1997","14.473443","76450.297","0.361"
"Trinidad and Tobago","1998","15.182312","77341.914","0.348"
"Trinidad and Tobago","1999","17.175169","85669.414","0.343"
"Trinidad and Tobago","2000","18.450056","89203.078","0.584"
"Trinidad and Tobago","2001","20.172216","95790.320","0.566"
"Trinidad and Tobago","2002","21.533157","103376.062","0.566"
"Trinidad and Tobago","2003","24.179798","115246.711","0.496"
"Trinidad and Tobago","2004","24.296642","126030.695","0.497"
"Trinidad and Tobago","2005","28.25722","134353.781","0.602"
"Trinidad and Tobago","2006","31.432772","156027.703","0.593"
"Trinidad and Tobago","2007","33.370617","159970.844","0.416"
"Trinidad and Tobago","2008","32.39037","156718.938","0.000"
"Trinidad and Tobago","2009","32.208622","154489.578","0.000"
"Trinidad and Tobago","2010","33.961063","165831.281","0.000"
"Trinidad and Tobago","2011","33.72311","161740.312","0.000"
"Trinidad and Tobago","2012","32.881195","158071.062","0.000"
"Trinidad and Tobago","2013","32.420662","159847.203","0.000"
"Trinidad and Tobago","2014","32.977737","157936.938","0.000"
"Trinidad and Tobago","2015","31.859777","152244.281","0.111"
"Trinidad and Tobago","2016","27.742865","134233.719","0.113"
"Trinidad and Tobago","2017","27.882011","141542.453","0.114"
"Trinidad and Tobago","2018","27.410236","131650.609","0.115"
"Trinidad and Tobago","2019","27.446016","123712.938","0.116"
"Trinidad and Tobago","2020","23.661348","108794.930","0.122"
"Trinidad and Tobago","2021","24.459532","111051.422","0.115"
"Trinidad and Tobago","2022","25.063381","107268.734","0.055"
"Tunisia","2000","1.9903848","9003.821","0.803"
"Tunisia","2001","2.0528083","9892.748","0.654"
"Tunisia","2002","2.0438244","9695.501","0.809"
"Tunisia","2003","2.0891855","9464.025","1.628"
"Tunisia","2004","2.178221","9557.016","1.546"
"Tunisia","2005","2.1955013","10276.655","1.388"
"Tunisia","2006","2.2147713","9603.969","0.979"
"Tunisia","2007","2.3679278","8479.419","0.697"
"Tunisia","2008","2.4143114","9715.218","0.518"
"Tunisia","2009","2.380448","8024.898","1.254"
"Tunisia","2010","2.5914676","8150.696","1.271"
"Tunisia","2011","2.427807","7678.843","1.044"
"Tunisia","2012","2.5608695","8332.082","1.905"
"Tunisia","2013","2.5825608","8726.086","2.576"
"Tunisia","2014","2.6497953","9507.342","3.303"
"Tunisia","2015","2.7521307","9709.658","3.161"
"Tunisia","2016","2.6864736","9585.773","3.407"
"Tunisia","2017","2.718931","10039.691","3.130"
"Tunisia","2018","2.6451635","10208.622","3.279"
"Tunisia","2019","2.5750186","10128.142","3.990"
"Tunisia","2020","2.408942","9290.702","4.341"
"Tunisia","2021","2.6166234","9524.104","4.778"
"Tunisia","2022","2.5401497","","4.389"
"Turkey","1985","2.0888505","7851.291","35.217"
"Turkey","1986","2.2378783","8376.549","30.020"
"Turkey","1987","2.4363854","9357.895","42.107"
"Turkey","1988","2.319897","10088.486","60.393"
"Turkey","1989","2.5089312","9710.353","34.591"
"Turkey","1990","2.759446","10345.272","40.372"
"Turkey","1991","2.8262804","10370.723","37.849"
"Turkey","1992","2.883836","10715.418","39.629"
"Turkey","1993","2.954129","11443.642","46.186"
"Turkey","1994","2.8416047","10889.127","39.219"
"Turkey","1995","3.026239","11981.615","41.565"
"Turkey","1996","3.2783573","12855.497","42.937"
"Turkey","1997","3.4288201","13231.365","38.906"
"Turkey","1998","3.382567","13358.573","38.332"
"Turkey","1999","3.2703485","12813.210","29.981"
"Turkey","2000","3.5602684","13486.676","25.062"
"Turkey","2001","3.2737877","12073.247","19.920"
"Turkey","2002","3.3456197","13026.979","26.444"
"Turkey","2003","3.5359342","13613.353","25.487"
"Turkey","2004","3.6132612","14380.439","30.927"
"Turkey","2005","3.861422","14507.764","24.599"
"Turkey","2006","4.074923","15888.103","25.271"
"Turkey","2007","4.473424","16664.893","19.048"
"Turkey","2008","4.3686132","16521.768","17.357"
"Turkey","2009","4.396172","16535.234","19.591"
"Turkey","2010","4.345254","17211.758","26.400"
"Turkey","2011","4.6380634","18146.143","25.336"
"Turkey","2012","4.769388","18988.320","27.241"
"Turkey","2013","4.5892625","18532.307","28.857"
"Turkey","2014","4.7064295","18718.594","20.912"
"Turkey","2015","4.8454375","20173.496","32.014"
"Turkey","2016","4.9668326","20824.393","32.972"
"Turkey","2017","5.182988","21773.725","29.430"
"Turkey","2018","5.020594","21345.375","32.176"
"Turkey","2019","4.7631073","21973.062","43.680"
"Turkey","2020","4.8358684","21435.070","42.021"
"Turkey","2021","5.2762375","22817.182","35.557"
"Turkey","2022","5.095457","22824.150","41.973"
"Turkmenistan","1990","8.871327","40827.949","0.021"
"Turkmenistan","1991","7.894196","40816.238","0.020"
"Turkmenistan","1992","8.110698","37941.172","0.032"
"Turkmenistan","1993","6.8238006","30332.881","0.040"
"Turkmenistan","1994","8.311623","31563.586","0.038"
"Turkmenistan","1995","8.248024","25405.623","0.040"
"Turkmenistan","1996","7.42391","36365.113","0.049"
"Turkmenistan","1997","7.1934524","27446.891","0.053"
"Turkmenistan","1998","7.583137","33653.324","0.064"
"Turkmenistan","1999","8.859164","31627.238","0.056"
"Turkmenistan","2000","8.589196","26223.863","0.000"
"Turkmenistan","2001","7.279392","32628.650","0.000"
"Turkmenistan","2002","6.3174276","27147.498","0.000"
"Turkmenistan","2003","8.340591","37007.590","0.000"
"Turkmenistan","2004","9.954457","36185.508","0.000"
"Turkmenistan","2005","9.486579","36145.840","0.000"
"Turkmenistan","2006","9.6169815","36023.754","0.000"
"Turkmenistan","2007","9.378812","34462.887","0.000"
"Turkmenistan","2008","11.120309","27853.562","0.000"
"Turkmenistan","2009","9.6233015","44702.367","0.000"
"Turkmenistan","2010","10.636284","47374.234","0.000"
"Turkmenistan","2011","11.464075","51670.953","0.000"
"Turkmenistan","2012","11.52416","55318.344","0.000"
"Turkmenistan","2013","10.832779","48244.711","0.000"
"Turkmenistan","2014","10.336854","49096.004","0.000"
"Turkmenistan","2015","10.150254","57717.438","0.000"
"Turkmenistan","2016","9.762661","56153.699","0.000"
"Turkmenistan","2017","9.675111","54625.520","0.000"
"Turkmenistan","2018","9.210645","59849.832","0.000"
"Turkmenistan","2019","9.149726","57961.055","0.000"
"Turkmenistan","2020","9.051186","67626.922","0.000"
"Turkmenistan","2021","12.929089","70866.023","0.000"
"Turkmenistan","2022","14.11619","71367.344","0.040"
"Turks and Caicos Islands","2000","5.665778","15402.543","0.000"
"Turks and Caicos Islands","2001","5.794215","15659.168","0.000"
"Turks and Caicos Islands","2002","7.2857075","19820.557","0.000"
"Turks and Caicos Islands","2003","7.0756354","19310.029","0.000"
"Turks and Caicos Islands","2004","7.045846","18909.895","0.000"
"Turks and Caicos Islands","2005","7.782433","21208.637","0.000"
"Turks and Caicos Islands","2006","8.596834","23291.262","0.000"
"Turks and Caicos Islands","2007","9.616431","26156.391","0.000"
"Turks and Caicos Islands","2008","9.609792","26676.770","0.000"
"Turks and Caicos Islands","2009","9.605033","25825.842","0.000"
"Turks and Caicos Islands","2010","9.479152","25683.688","0.000"
"Turks and Caicos Islands","2011","9.139229","24776.764","0.000"
"Turks and Caicos Islands","2012","8.774819","23800.510","0.000"
"Turks and Caicos Islands","2013","8.486771","22917.402","0.000"
"Turks and Caicos Islands","2014","8.774297","23641.734","0.000"
"Turks and Caicos Islands","2015","8.601878","23337.617","0.000"
"Turks and Caicos Islands","2016","8.50493","23060.000","0.000"
"Turks and Caicos Islands","2017","8.808795","23959.471","0.000"
"Turks and Caicos Islands","2018","8.635691","23070.922","0.000"
"Turks and Caicos Islands","2019","8.3984165","22899.154","0.000"
"Turks and Caicos Islands","2020","8.086297","18772.568","0.000"
"Turks and Caicos Islands","2021","8.095091","19615.283","0.000"
"Uganda","2000","0.056702543","430.945","97.484"
"Uganda","2001","0.057266083","426.191","97.484"
"Uganda","2002","0.056498032","423.493","97.661"
"Uganda","2003","0.05740505","432.856","97.222"
"Uganda","2004","0.059197746","447.659","97.423"
"Uganda","2005","0.07216394","493.468","94.359"
"Uganda","2006","0.082900934","465.703","74.522"
"Uganda","2007","0.09126517","545.608","71.574"
"Uganda","2008","0.09101687","557.287","73.276"
"Uganda","2009","0.09526311","552.865","62.917"
"Uganda","2010","0.11020471","604.450","59.108"
"Uganda","2011","0.114758976","614.269","61.686"
"Uganda","2012","0.105627775","577.693","80.612"
"Uganda","2013","0.10624911","651.414","94.595"
"Uganda","2014","0.11236722","728.951","89.680"
"Uganda","2015","0.12066013","707.743","89.895"
"Uganda","2016","0.124162994","765.058","92.308"
"Uganda","2017","0.13455833","804.894","93.350"
"Uganda","2018","0.1334906","841.204","92.807"
"Uganda","2019","0.13398339","811.628","97.921"
"Uganda","2020","0.12532032","766.414","97.079"
"Uganda","2021","0.13574822","766.846","97.045"
"Ukraine","1990","13.572912","61924.961","3.520"
"Ukraine","1991","12.136901","57952.484","4.205"
"Ukraine","1992","11.26651","48866.383","3.123"
"Ukraine","1993","9.751561","42841.754","4.806"
"Ukraine","1994","8.058036","36821.680","5.978"
"Ukraine","1995","7.55191","36226.188","5.134"
"Ukraine","1996","6.8682594","34061.734","4.721"
"Ukraine","1997","6.7061806","33145.512","5.545"
"Ukraine","1998","6.5279827","32257.029","9.117"
"Ukraine","1999","5.9755263","32047.443","8.328"
"Ukraine","2000","5.764382","32435.855","6.586"
"Ukraine","2001","6.1880574","32281.633","6.973"
"Ukraine","2002","6.07883","32374.943","5.560"
"Ukraine","2003","6.3591957","33439.895","5.144"
"Ukraine","2004","6.474135","33554.930","6.472"
"Ukraine","2005","6.588396","34223.043","6.670"
"Ukraine","2006","7.044489","34864.605","6.686"
"Ukraine","2007","7.1570063","34933.590","5.338"
"Ukraine","2008","6.9626055","33911.270","6.138"
"Ukraine","2009","5.9539065","29011.010","6.981"
"Ukraine","2010","6.3364434","31235.119","7.091"
"Ukraine","2011","6.659268","32400.471","5.745"
"Ukraine","2012","6.5879583","31779.547","5.661"
"Ukraine","2013","6.4504905","30228.559","7.800"
"Ukraine","2014","5.605606","26764.613","5.589"
"Ukraine","2015","4.889162","22306.594","4.392"
"Ukraine","2016","5.1320014","23419.848","5.680"
"Ukraine","2017","4.914332","21840.365","7.046"
"Ukraine","2018","5.1295204","22768.459","8.229"
"Ukraine","2019","4.942182","21661.146","7.775"
"Ukraine","2020","4.635197","20916.844","11.844"
"Ukraine","2021","4.7549105","21459.945","14.038"
"Ukraine","2022","3.4846325","16309.124","16.518"
"United Arab Emirates","1985","36.161884","146159.641","0.000"
"United Arab Emirates","1986","32.136078","166396.859","0.000"
"United Arab Emirates","1987","30.240154","173281.828","0.000"
"United Arab Emirates","1988","28.703812","179298.469","0.000"
"United Arab Emirates","1989","30.384678","189840.281","0.000"
"United Arab Emirates","1990","27.345585","181538.766","0.000"
"United Arab Emirates","1991","28.353796","209539.703","0.000"
"United Arab Emirates","1992","27.429031","192178.875","0.000"
"United Arab Emirates","1993","29.62612","190470.219","0.000"
"United Arab Emirates","1994","32.36436","199513.672","0.000"
"United Arab Emirates","1995","29.931713","199207.391","0.000"
"United Arab Emirates","1996","29.195024","194224.094","0.000"
"United Arab Emirates","1997","26.015919","189887.922","0.000"
"United Arab Emirates","1998","26.517456","182844.297","0.000"
"United Arab Emirates","1999","23.834599","173803.531","0.000"
"United Arab Emirates","2000","32.138012","163580.656","0.000"
"United Arab Emirates","2001","27.36482","156784.594","0.000"
"United Arab Emirates","2002","21.535686","162836.453","0.000"
"United Arab Emirates","2003","25.547222","165507.594","0.000"
"United Arab Emirates","2004","25.393887","169047.547","0.000"
"United Arab Emirates","2005","24.711319","164587.453","0.000"
"United Arab Emirates","2006","24.500017","151316.516","0.000"
"United Arab Emirates","2007","23.842087","139351.469","0.000"
"United Arab Emirates","2008","24.597576","134274.219","0.000"
"United Arab Emirates","2009","25.210455","115803.188","0.012"
"United Arab Emirates","2010","26.785591","114656.625","0.023"
"United Arab Emirates","2011","27.574131","119056.133","0.032"
"United Arab Emirates","2012","27.787138","123958.766","0.020"
"United Arab Emirates","2013","27.348331","129486.234","0.077"
"United Arab Emirates","2014","26.045097","127985.820","0.283"
"United Arab Emirates","2015","25.942865","137896.344","0.259"
"United Arab Emirates","2016","25.235403","142115.266","0.263"
"United Arab Emirates","2017","21.278515","135601.266","0.593"
"United Arab Emirates","2018","21.8367","132789.172","1.032"
"United Arab Emirates","2019","21.75957","134878.391","2.931"
"United Arab Emirates","2020","22.783035","126073.656","4.346"
"United Arab Emirates","2021","21.67451","139828.766","4.940"
"United Arab Emirates","2022","20.220825","148576.547","4.500"
"United Kingdom","1985","9.886416","42206.887","1.327"
"United Kingdom","1986","10.018491","43317.570","1.584"
"United Kingdom","1987","10.049029","43165.488","1.386"
"United Kingdom","1988","10.000239","43644.805","1.582"
"United Kingdom","1989","10.170335","43603.059","1.519"
"United Kingdom","1990","10.4927225","43845.027","1.832"
"United Kingdom","1991","10.588317","44652.039","1.656"
"United Kingdom","1992","10.288521","44259.449","2.004"
"United Kingdom","1993","10.017321","44663.285","1.778"
"United Kingdom","1994","9.896297","44021.512","2.138"
"United Kingdom","1995","9.735405","44062.301","2.066"
"United Kingdom","1996","10.0647545","46080.582","1.626"
"United Kingdom","1997","9.62765","45150.043","1.990"
"United Kingdom","1998","9.697672","45378.082","2.396"
"United Kingdom","1999","9.545588","45017.871","2.634"
"United Kingdom","2000","9.635275","45275.645","2.666"
"United Kingdom","2001","9.748509","45559.023","2.500"
"United Kingdom","2002","9.40991","44332.898","2.894"
"United Kingdom","2003","9.555585","44750.703","2.685"
"United Kingdom","2004","9.530167","44856.602","3.614"
"United Kingdom","2005","9.412128","44937.305","4.282"
"United Kingdom","2006","9.301154","44057.820","4.603"
"United Kingdom","2007","9.09334","42517.129","5.010"
"United Kingdom","2008","8.785364","41451.902","5.678"
"United Kingdom","2009","7.9049363","39040.559","6.768"
"United Kingdom","2010","8.124634","39540.008","6.909"
"United Kingdom","2011","7.3959785","37007.074","9.642"
"United Kingdom","2012","7.62153","37292.910","11.427"
"United Kingdom","2013","7.4175463","36881.977","14.973"
"United Kingdom","2014","6.764833","34583.770","19.248"
"United Kingdom","2015","6.461413","34890.320","24.623"
"United Kingdom","2016","6.061766","34296.684","24.679"
"United Kingdom","2017","5.8378453","34098.812","29.499"
"United Kingdom","2018","5.6886244","33771.496","33.292"
"United Kingdom","2019","5.4350777","32893.762","37.457"
"United Kingdom","2020","4.84416","29425.539","42.860"
"United Kingdom","2021","5.059431","29716.807","39.784"
"United Kingdom","2022","4.563232","30097.885","41.448"
"United States","1985","18.599737","85837.016","12.178"
"United States","1986","18.438473","85772.086","12.544"
"United States","1987","19.06039","87787.266","10.753"
"United States","1988","19.717833","90862.547","9.291"
"United States","1989","19.78752","92050.438","10.330"
"United States","1990","20.253748","91124.930","10.917"
"United States","1991","19.793287","89745.156","10.742"
"United States","1992","19.948572","89778.836","9.730"
"United States","1993","20.102255","90385.828","10.271"
"United States","1994","20.197258","90822.672","9.532"
"United States","1995","20.230127","91624.125","10.602"
"United States","1996","20.678873","93542.242","11.361"
"United States","1997","20.745182","93064.172","11.453"
"United States","1998","20.774931","92491.875","10.148"
"United States","1999","20.805534","93004.367","9.861"
"United States","2000","21.39786","93999.859","9.230"
"United States","2001","20.766743","90772.180","7.513"
"United States","2002","20.718021","91201.062","8.749"
"United States","2003","20.718428","90619.109","9.025"
"United States","2004","20.873743","91504.484","8.733"
"United States","2005","20.71883","90654.531","8.749"
"United States","2006","20.236742","89067.039","9.418"
"United States","2007","20.28047","89395.141","8.398"
"United States","2008","19.409172","86378.648","9.181"
"United States","2009","17.81067","81376.180","10.548"
"United States","2010","18.22542","83397.477","10.318"
"United States","2011","17.634142","81962.359","12.467"
"United States","2012","16.812391","79102.344","12.184"
"United States","2013","17.09857","80556.516","12.831"
"United States","2014","17.118917","80725.086","13.350"
"United States","2015","16.461393","79317.367","13.626"
"United States","2016","15.934658","78613.539","15.288"
"United States","2017","15.639208","78289.008","17.452"
"United States","2018","16.000992","80583.344","17.450"
"United States","2019","15.500492","79489.016","18.295"
"United States","2020","13.8168955","73236.141","20.316"
"United States","2021","14.758024","76988.750","20.743"
"United States","2022","14.802047","78754.273","22.521"
"United States Virgin Islands","2000","","359735.062","0.000"
"United States Virgin Islands","2001","","521581.844","0.000"
"United States Virgin Islands","2002","","517419.844","0.000"
"United States Virgin Islands","2003","","611765.812","0.000"
"United States Virgin Islands","2004","","630411.375","0.000"
"United States Virgin Islands","2005","","618156.688","0.000"
"United States Virgin Islands","2006","","657539.188","0.000"
"United States Virgin Islands","2007","","613870.812","0.000"
"United States Virgin Islands","2008","","355868.812","0.000"
"United States Virgin Islands","2009","","310681.125","0.000"
"United States Virgin Islands","2010","","281959.750","0.000"
"United States Virgin Islands","2011","","187854.500","0.000"
"United States Virgin Islands","2012","","108371.031","0.000"
"United States Virgin Islands","2013","","57181.285","0.000"
"United States Virgin Islands","2014","","117629.797","1.429"
"United States Virgin Islands","2015","","117262.195","1.449"
"United States Virgin Islands","2016","","97531.430","1.471"
"United States Virgin Islands","2017","","97552.562","1.887"
"United States Virgin Islands","2018","","98192.977","1.639"
"United States Virgin Islands","2019","","98710.719","1.613"
"United States Virgin Islands","2020","","92570.039","1.562"
"United States Virgin Islands","2021","","97972.117","2.857"
"Uruguay","2000","1.6156275","14601.469","93.458"
"Uruguay","2001","1.5394372","15946.608","99.345"
"Uruguay","2002","1.3935276","14137.804","99.264"
"Uruguay","2003","1.3827674","14181.147","99.062"
"Uruguay","2004","1.6977994","13627.525","82.526"
"Uruguay","2005","1.7460424","14696.390","88.095"
"Uruguay","2006","2.0097208","13377.312","65.814"
"Uruguay","2007","1.8086414","15803.453","89.547"
"Uruguay","2008","2.4885283","16750.070","64.630"
"Uruguay","2009","2.4139204","17655.945","69.091"
"Uruguay","2010","1.9049841","18292.451","84.406"
"Uruguay","2011","2.3104563","17861.395","73.385"
"Uruguay","2012","2.579765","17839.785","63.713"
"Uruguay","2013","2.2392287","18592.736","82.183"
"Uruguay","2014","1.9913993","19071.291","87.237"
"Uruguay","2015","2.00062","19596.402","85.966"
"Uruguay","2016","1.9295201","19814.260","90.255"
"Uruguay","2017","1.8152955","19084.248","90.737"
"Uruguay","2018","1.9355792","19538.711","90.621"
"Uruguay","2019","1.886396","19985.010","88.224"
"Uruguay","2020","1.9055269","17631.439","82.275"
"Uruguay","2021","2.3049502","18316.926","78.066"
"Uruguay","2022","2.212046","","84.443"
"Uzbekistan","1990","5.039025","25312.494","11.803"
"Uzbekistan","1991","4.881197","24421.416","11.134"
"Uzbekistan","1992","5.165951","22601.271","12.337"
"Uzbekistan","1993","5.2582917","23760.521","14.971"
"Uzbekistan","1994","4.887378","22817.238","14.971"
"Uzbekistan","1995","4.5730877","22078.691","13.040"
"Uzbekistan","1996","4.632963","22350.256","14.366"
"Uzbekistan","1997","4.588964","21735.543","12.544"
"Uzbekistan","1998","5.0124907","21355.254","12.545"
"Uzbekistan","1999","5.0493393","23867.217","12.545"
"Uzbekistan","2000","4.9815717","24053.547","13.129"
"Uzbekistan","2001","5.0307326","23824.650","13.126"
"Uzbekistan","2002","5.219552","24111.441","13.113"
"Uzbekistan","2003","5.067656","21826.992","16.108"
"Uzbekistan","2004","4.959756","21485.609","18.819"
"Uzbekistan","2005","4.6136413","21171.098","18.821"
"Uzbekistan","2006","4.678025","19566.176","10.592"
"Uzbekistan","2007","4.573151","20663.172","10.334"
"Uzbekistan","2008","4.6694994","19085.639","11.045"
"Uzbekistan","2009","3.9095335","18643.188","14.395"
"Uzbekistan","2010","3.7930706","18563.715","16.460"
"Uzbekistan","2011","4.050717","19236.137","11.316"
"Uzbekistan","2012","4.061949","18406.984","13.141"
"Uzbekistan","2013","3.7812703","18200.295","10.945"
"Uzbekistan","2014","3.5567496","18518.158","11.402"
"Uzbekistan","2015","3.3618135","17386.195","12.832"
"Uzbekistan","2016","3.5109115","16374.342","12.946"
"Uzbekistan","2017","3.4219267","16642.676","14.382"
"Uzbekistan","2018","3.160928","16445.740","9.844"
"Uzbekistan","2019","3.2746303","16212.221","10.764"
"Uzbekistan","2020","3.2197232","15860.609","8.956"
"Uzbekistan","2021","3.5966222","16552.881","8.463"
"Uzbekistan","2022","3.4089596","16929.814","7.744"
"Vanuatu","2000","0.45236996","1988.279","0.000"
"Vanuatu","2001","0.4219276","2158.842","0.000"
"Vanuatu","2002","0.39282998","2008.195","0.000"
"Vanuatu","2003","0.3832636","2298.145","0.000"
"Vanuatu","2004","0.35621232","1804.732","0.000"
"Vanuatu","2005","0.34767425","1761.544","0.000"
"Vanuatu","2006","0.33935508","1595.110","0.000"
"Vanuatu","2007","0.34770507","2524.643","0.000"
"Vanuatu","2008","0.3875403","2429.722","0.000"
"Vanuatu","2009","0.51951534","2740.902","0.000"
"Vanuatu","2010","0.5228662","2766.514","0.000"
"Vanuatu","2011","0.54173803","3125.876","16.667"
"Vanuatu","2012","0.47107604","2561.162","16.667"
"Vanuatu","2013","0.43191418","2422.626","28.571"
"Vanuatu","2014","0.6053941","2701.039","28.571"
"Vanuatu","2015","0.4956654","2484.069","28.571"
"Vanuatu","2016","0.5520972","2445.868","28.571"
"Vanuatu","2017","0.49990305","2661.322","16.667"
"Vanuatu","2018","0.6165042","3346.090","28.571"
"Vanuatu","2019","0.5646672","3154.472","28.571"
"Vanuatu","2020","0.6865395","2923.538","28.571"
"Vanuatu","2021","0.70673007","2957.444","28.571"
"Venezuela","1985","5.7895436","28948.621","47.892"
"Venezuela","1986","6.099254","30303.463","50.206"
"Venezuela","1987","6.0209045","29506.631","56.977"
"Venezuela","1988","6.139265","29962.816","58.723"
"Venezuela","1989","5.615367","29470.947","60.163"
"Venezuela","1990","6.095922","30558.836","62.344"
"Venezuela","1991","5.62527","30042.266","70.325"
"Venezuela","1992","5.040127","31768.113","70.093"
"Venezuela","1993","5.789427","30731.828","68.430"
"Venezuela","1994","5.4802866","32638.688","72.007"
"Venezuela","1995","5.624556","32903.047","70.051"
"Venezuela","1996","5.222229","31404.355","71.238"
"Venezuela","1997","5.609388","32527.557","73.358"
"Venezuela","1998","5.7197266","33812.812","71.595"
"Venezuela","1999","5.9470773","33186.238","75.200"
"Venezuela","2000","5.826397","33499.535","74.724"
"Venezuela","2001","5.228908","34171.555","68.213"
"Venezuela","2002","6.4567943","33954.152","68.021"
"Venezuela","2003","5.9616804","31175.873","67.133"
"Venezuela","2004","5.422836","33286.898","72.103"
"Venezuela","2005","5.540558","33737.117","75.412"
"Venezuela","2006","5.724261","35027.711","74.866"
"Venezuela","2007","5.5758047","36432.215","73.525"
"Venezuela","2008","5.5521493","35231.301","73.813"
"Venezuela","2009","5.3510833","34660.012","72.922"
"Venezuela","2010","6.579704","32956.672","68.620"
"Venezuela","2011","5.7807517","33334.719","71.982"
"Venezuela","2012","5.9499927","34445.082","68.551"
"Venezuela","2013","6.63449","34310.512","68.977"
"Venezuela","2014","5.8171196","32559.598","63.518"
"Venezuela","2015","5.4401956","31748.311","62.290"
"Venezuela","2016","4.9644036","27460.873","59.639"
"Venezuela","2017","4.5506883","27842.625","59.885"
"Venezuela","2018","3.7319212","24079.881","59.885"
"Venezuela","2019","3.6433108","21230.727","59.892"
"Venezuela","2020","2.8442175","17725.270","66.437"
"Venezuela","2021","3.3608282","20686.414","64.492"
"Venezuela","2022","3.8430314","21683.146","80.468"
"Vietnam","1985","0.35721636","1030.753","29.138"
"Vietnam","1986","0.3411048","1091.651","25.457"
"Vietnam","1987","0.3782907","1201.461","22.872"
"Vietnam","1988","0.36714432","1174.563","26.396"
"Vietnam","1989","0.27121788","1095.021","49.306"
"Vietnam","1990","0.32514757","1152.668","61.848"
"Vietnam","1991","0.31955397","1148.560","68.588"
"Vietnam","1992","0.31447926","1229.321","74.477"
"Vietnam","1993","0.32841194","1376.473","74.705"
"Vietnam","1994","0.38617438","1509.568","75.220"
"Vietnam","1995","0.41760576","1723.892","72.242"
"Vietnam","1996","0.48500863","1945.025","70.869"
"Vietnam","1997","0.6130133","2207.749","60.929"
"Vietnam","1998","0.6356782","2354.646","51.157"
"Vietnam","1999","0.63638675","2407.067","58.466"
"Vietnam","2000","0.69906235","2710.707","54.782"
"Vietnam","2001","0.78214556","3032.469","59.490"
"Vietnam","2002","0.8826836","3283.082","50.838"
"Vietnam","2003","0.9710582","3502.004","46.396"
"Vietnam","2004","1.107049","4225.116","38.571"
"Vietnam","2005","1.1819466","4447.702","31.836"
"Vietnam","2006","1.2128327","4037.653","34.145"
"Vietnam","2007","1.2128248","4368.380","35.100"
"Vietnam","2008","1.3419256","5341.395","36.688"
"Vietnam","2009","1.4398954","5408.298","37.264"
"Vietnam","2010","1.5958333","6180.288","31.204"
"Vietnam","2011","1.7245036","6758.891","40.577"
"Vietnam","2012","1.6119647","6990.851","46.392"
"Vietnam","2013","1.6722333","7305.416","46.569"
"Vietnam","2014","1.963878","7980.971","44.106"
"Vietnam","2015","2.2988992","8997.649","36.360"
"Vietnam","2016","2.3513482","9659.209","36.671"
"Vietnam","2017","2.392326","10293.654","45.950"
"Vietnam","2018","2.654567","11443.453","40.733"
"Vietnam","2019","3.4918098","12585.570","31.941"
"Vietnam","2020","3.697001","12467.438","36.296"
"Vietnam","2021","3.175785","12375.912","42.579"
"Vietnam","2022","3.2368684","12983.017","51.551"
"Western Sahara","2000","","3953.299","0.000"
"Western Sahara","2001","","3766.286","0.000"
"Western Sahara","2002","","3594.004","0.000"
"Western Sahara","2003","","3434.971","0.000"
"Western Sahara","2004","","3287.747","0.000"
"Western Sahara","2005","","3151.369","0.000"
"Western Sahara","2006","","3022.416","0.000"
"Western Sahara","2007","","2901.229","0.000"
"Western Sahara","2008","","2790.339","0.000"
"Western Sahara","2009","","2686.304","0.000"
"Yemen","2000","0.80674857","3228.210","0.000"
"Yemen","2001","0.8500973","3380.405","0.000"
"Yemen","2002","0.80187774","3320.324","0.000"
"Yemen","2003","0.867305","3707.222","0.000"
"Yemen","2004","0.91009945","3811.397","0.000"
"Yemen","2005","0.9564252","3906.308","0.000"
"Yemen","2006","1.0154182","3788.246","0.000"
"Yemen","2007","0.97361034","3902.286","0.000"
"Yemen","2008","0.9771064","3976.890","0.000"
"Yemen","2009","1.0373657","4277.224","0.000"
"Yemen","2010","0.9649854","4030.759","0.000"
"Yemen","2011","0.8202578","3289.451","0.000"
"Yemen","2012","0.7198333","2769.040","0.000"
"Yemen","2013","0.93068147","3797.829","0.000"
"Yemen","2014","0.87977016","3495.329","0.139"
"Yemen","2015","0.45324463","1837.103","2.024"
"Yemen","2016","0.31279996","1432.552","3.540"
"Yemen","2017","0.27844176","1288.877","4.974"
"Yemen","2018","0.33750373","1170.726","14.545"
"Yemen","2019","0.33572507","1475.985","14.076"
"Yemen","2020","0.2976907","1092.002","15.170"
"Yemen","2021","0.285619","1080.039","16.997"
"Zambia","2000","0.17809726","2951.367","99.098"
"Zambia","2001","0.1826217","2997.712","99.114"
"Zambia","2002","0.18415658","3006.324","99.014"
"Zambia","2003","0.18886451","3019.908","99.031"
"Zambia","2004","0.18557891","3013.000","99.173"
"Zambia","2005","0.19136254","3068.174","99.099"
"Zambia","2006","0.18394056","3064.469","99.172"
"Zambia","2007","0.18285252","2793.334","99.375"
"Zambia","2008","0.19606511","2786.650","99.579"
"Zambia","2009","0.21792424","2734.891","99.493"
"Zambia","2010","0.22346665","2768.134","99.520"
"Zambia","2011","0.23404986","2998.159","99.563"
"Zambia","2012","0.28006828","3116.737","99.513"
"Zambia","2013","0.28745684","3198.529","99.622"
"Zambia","2014","0.3323784","3323.385","97.563"
"Zambia","2015","0.33675572","3115.068","97.305"
"Zambia","2016","0.35341817","2846.699","94.406"
"Zambia","2017","0.42765597","3202.072","87.535"
"Zambia","2018","0.48169613","3494.537","86.113"
"Zambia","2019","0.47782284","2983.882","86.026"
"Zambia","2020","0.52418166","3099.083","86.755"
"Zambia","2021","0.47694507","3418.863","92.208"
"Zimbabwe","2000","1.1616611","4919.522","51.039"
"Zimbabwe","2001","1.0448399","4614.958","42.876"
"Zimbabwe","2002","0.98413074","4561.243","50.121"
"Zimbabwe","2003","0.8673399","4397.342","65.105"
"Zimbabwe","2004","0.7624711","4045.232","61.424"
"Zimbabwe","2005","0.85701495","4160.413","57.522"
"Zimbabwe","2006","0.8202832","4158.782","70.964"
"Zimbabwe","2007","0.7681282","4036.720","74.694"
"Zimbabwe","2008","0.5957252","3324.860","78.349"
"Zimbabwe","2009","0.62770295","3254.282","77.918"
"Zimbabwe","2010","0.65540963","3592.672","70.498"
"Zimbabwe","2011","0.76225656","3860.790","61.633"
"Zimbabwe","2012","0.8147","4106.950","63.606"
"Zimbabwe","2013","0.83284795","4085.332","57.883"
"Zimbabwe","2014","0.84084177","3940.886","59.629"
"Zimbabwe","2015","0.83455706","3860.920","57.188"
"Zimbabwe","2016","0.7252073","3227.680","48.680"
"Zimbabwe","2017","0.6636679","3068.011","58.503"
"Zimbabwe","2018","0.7455699","3441.986","59.412"
"Zimbabwe","2019","0.6722901","3003.655","55.583"
"Zimbabwe","2020","0.54684746","2680.132","55.204"
"Zimbabwe","2021","0.6471251","2635.154","55.044"
